priority,wave,status,jobId,modelId,variant,category,family,variantSubject,purpose,targetPolygons,referenceImage,canonicalIncoming,canonicalProcessed,donorOwns,engineOwns,expectedProceduralReplacements,acceptanceFocus,meshyPrompt
0,C0,accepted,M001-A,M001,A,natural,Low cover boulder cluster,rounded layered cluster,Compact two-to-four-stone mass that clearly supplies half cover without sprawling across a route.,400,reference-images/M001-A-low-cover-boulder-cluster-v1.png,incoming/M001-A-low-cover-boulder-cluster-remesh-400.glb,processed/M001-A-low-cover-boulder-cluster-clean-v1.glb,"the authored natural silhouette, its few major masses, real openings, ledges, and construction-scale fracture or growth planes; for this row, specifically the rounded layered cluster","exact terrain hole, elevation authority, walkability, collision, cover, materials, mineral color, moisture, decals, contents, light, and procedural embedding","tiny stones, gravel, roots, crystals, supports, water, decals, and any exact terrain interface that is cheaper or safer procedurally",the silhouette must beat routine procedural placement; real openings remain open; no accidental stairs or noisy micro-fracture,"Create exactly one low-poly medieval-fantasy low cover boulder cluster donor for Genesis. Variant: rounded layered cluster. Functional purpose: Compact two-to-four-stone mass that clearly supplies half cover without sprawling across a route. Match the supplied reference image exactly and preserve the authored natural silhouette, its few major masses, real openings, ledges, and construction-scale fracture or growth planes; for this row, specifically the rounded layered cluster. Use a few large deliberate construction-aligned planes, strong silhouette, thick mechanically legible parts, broad material regions, and honest open space. Do not add scenery, a floor base, characters, unrelated props, micro-clutter, text, labels, baked directional light, or any engine-owned feature: exact terrain hole, elevation authority, walkability, collision, cover, materials, mineral color, moisture, decals, contents, light, and procedural embedding. Exactly one coherent object or intentionally fused cluster."
0,C0,accepted,M019-A,M019,A,mechanism,Universal four-wheel wagon chassis,low standard chassis,"Narrow reusable platform with separate wheels, axles, tongue, bed, and attachment sockets for cargo, sides, canopy, lights, and repair states.",1800,reference-images/M019-A-universal-four-wheel-wagon-chassis-v2.png,incoming/M019-A-universal-four-wheel-wagon-chassis-original.glb,processed/M019-A-wagon-chassis-clean-v1.glb,"the main chassis, load-bearing frame, major moving volumes, readable mechanism, and separable large construction parts; for this row, specifically the low standard chassis","animation, pivots, sockets, standardized wheels or drums, rope and chain, collision, materials, cargo, state, damage logic, and gameplay authority","dirty repeated wheels, hair-thin rope or chain, fasteners, handles, sockets, and standardized bars or axles","major parts remain legible in orbit and can be grouped deterministically; no fused moving state, dense fastener noise, or warped repeated parts","Create exactly one low-poly medieval-fantasy universal four-wheel wagon chassis donor for Genesis. Variant: low standard chassis. Functional purpose: Narrow reusable platform with separate wheels, axles, tongue, bed, and attachment sockets for cargo, sides, canopy, lights, and repair states. Match the supplied reference image exactly and preserve the main chassis, load-bearing frame, major moving volumes, readable mechanism, and separable large construction parts; for this row, specifically the low standard chassis. Use a few large deliberate construction-aligned planes, strong silhouette, thick mechanically legible parts, broad material regions, and honest open space. Do not add scenery, a floor base, characters, unrelated props, micro-clutter, text, labels, baked directional light, or any engine-owned feature: animation, pivots, sockets, standardized wheels or drums, rope and chain, collision, materials, cargo, state, damage logic, and gameplay authority. Exactly one coherent object or intentionally fused cluster."
0,C0,accepted,M035-A,M035,A,shelter,Ridge tent,short household ridge,Ordinary household or expedition shelter with a clear roof line and removable front treatment.,800,reference-images/M035-A-short-household-ridge-tent-v1.png,incoming/M035-A-short-household-ridge-tent-smart-800.glb,processed/M035-A-short-household-ridge-tent-clean-v1.glb,"the primary shelter silhouette, broad cloth or service masses, large supports, threshold, and genuinely useful removable treatment; for this row, specifically the short household ridge","exact tactical footprint, collision, stakes, guy lines, sockets, materials, cultural markings, furniture, contents, light, and state","simple poles, stakes, ropes, fasteners, floor panels, and other standardized supports",broad planes survive without dense wrinkles; thresholds remain real; no floor or platform appears unless the row explicitly requires one,"Create exactly one low-poly medieval-fantasy ridge tent donor for Genesis. Variant: short household ridge. Functional purpose: Ordinary household or expedition shelter with a clear roof line and removable front treatment. Match the supplied reference image exactly and preserve the primary shelter silhouette, broad cloth or service masses, large supports, threshold, and genuinely useful removable treatment; for this row, specifically the short household ridge. Use a few large deliberate construction-aligned planes, strong silhouette, thick mechanically legible parts, broad material regions, and honest open space. Do not add scenery, a floor base, characters, unrelated props, micro-clutter, text, labels, baked directional light, or any engine-owned feature: exact tactical footprint, collision, stakes, guy lines, sockets, materials, cultural markings, furniture, contents, light, and state. Exactly one coherent object or intentionally fused cluster."
0,C0,accepted,M059-A,M059,A,defensive,Forge hearth and blower assembly,compact field forge,"Major working prop with warm-light socket, fuel area, hood, bellows connection, and tool sockets.",1200,reference-images/M059-A-compact-field-forge-v1.png,incoming/M059-A-compact-field-forge-smart-1200.glb,processed/M059-A-compact-field-forge-clean-v1.glb,"the main defensive or industrial silhouette, thick frame, major barrier or working volumes, and large separable fittings; for this row, specifically the compact field forge","exact collision and cover, hinges, force state, fuel, light, materials, tools, damage, sockets, and interaction authority","rope, chain, spikes, bars, wheels, flame, tools, fuel, and standardized repeated fittings when generated poorly",the tactical blocker or working machine remains physically honest; open frames remain open; no thin or decorative clutter,"Create exactly one low-poly medieval-fantasy forge hearth and blower assembly donor for Genesis. Variant: compact field forge. Functional purpose: Major working prop with warm-light socket, fuel area, hood, bellows connection, and tool sockets. Match the supplied reference image exactly and preserve the main defensive or industrial silhouette, thick frame, major barrier or working volumes, and large separable fittings; for this row, specifically the compact field forge. Use a few large deliberate construction-aligned planes, strong silhouette, thick mechanically legible parts, broad material regions, and honest open space. Do not add scenery, a floor base, characters, unrelated props, micro-clutter, text, labels, baked directional light, or any engine-owned feature: exact collision and cover, hinges, force state, fuel, light, materials, tools, damage, sockets, and interaction authority. Exactly one coherent object or intentionally fused cluster."
0,C0,accepted,M068-A,M068,A,light,Wall flame sconce,iron basket sconce,Grounded dungeon and institutional wall light replacing the abstract bulb while preserving the approved torch behavior.,600,reference-images/M068-A-wall-flame-sconce-v1.png,incoming/M068-A-wall-flame-sconce-smart-600.glb,processed/M068-A-wall-flame-sconce-clean-v1.glb,"the lore-native fixture body, open fuel or emission socket, mount, hood, shield, and thick readable supports; for this row, specifically the iron basket sconce","flame or cool emitter, emission, flicker, illumination, smoke, fuel, wall or ceiling registration, materials, collision, culture, and damage","flame, glow volume, light object, smoke, chain, glass panes, fuel, fasteners, and standardized mount hardware","the empty emitter socket and frame openings remain real; no baked flame, glow, smoke, or hair-thin metal survives as required geometry","Create exactly one low-poly medieval-fantasy wall flame sconce donor for Genesis. Variant: iron basket sconce. Functional purpose: Grounded dungeon and institutional wall light replacing the abstract bulb while preserving the approved torch behavior. Match the supplied reference image exactly and preserve the lore-native fixture body, open fuel or emission socket, mount, hood, shield, and thick readable supports; for this row, specifically the iron basket sconce. Use a few large deliberate construction-aligned planes, strong silhouette, thick mechanically legible parts, broad material regions, and honest open space. Do not add scenery, a floor base, characters, unrelated props, micro-clutter, text, labels, baked directional light, or any engine-owned feature: flame or cool emitter, emission, flicker, illumination, smoke, fuel, wall or ceiling registration, materials, collision, culture, and damage. Exactly one coherent object or intentionally fused cluster."
10,A1,queued,M005-A,M005,A,natural,Wide cave mouth with reveal,arched karst mouth,"A readable entrance large enough for ordinary encounters, with enough depth to avoid a flat painted hole.",1200,reference-images/M005-A-wide-cave-mouth-with-reveal-v1.png,incoming/M005-A-wide-cave-mouth-with-reveal-smart-1200.glb,processed/M005-A-wide-cave-mouth-with-reveal-clean-v1.glb,"the authored natural silhouette, its few major masses, real openings, ledges, and construction-scale fracture or growth planes; for this row, specifically the arched karst mouth","exact terrain hole, elevation authority, walkability, collision, cover, materials, mineral color, moisture, decals, contents, light, and procedural embedding","tiny stones, gravel, roots, crystals, supports, water, decals, and any exact terrain interface that is cheaper or safer procedurally",the silhouette must beat routine procedural placement; real openings remain open; no accidental stairs or noisy micro-fracture,"Create exactly one low-poly medieval-fantasy wide cave mouth with reveal donor for Genesis. Variant: arched karst mouth. Functional purpose: A readable entrance large enough for ordinary encounters, with enough depth to avoid a flat painted hole. Match the supplied reference image exactly and preserve the authored natural silhouette, its few major masses, real openings, ledges, and construction-scale fracture or growth planes; for this row, specifically the arched karst mouth. Use a few large deliberate construction-aligned planes, strong silhouette, thick mechanically legible parts, broad material regions, and honest open space. Do not add scenery, a floor base, characters, unrelated props, micro-clutter, text, labels, baked directional light, or any engine-owned feature: exact terrain hole, elevation authority, walkability, collision, cover, materials, mineral color, moisture, decals, contents, light, and procedural embedding. Exactly one coherent object or intentionally fused cluster."
10,A1,queued,M025-A,M025,A,mechanism,Hand windlass and winch,horizontal hand windlass,"Universal rotating drum for wells, gates, shafts, bridges, cages, and workshop lifting.",1200,reference-images/M025-A-hand-windlass-and-winch-v1.png,incoming/M025-A-hand-windlass-and-winch-smart-1200.glb,processed/M025-A-hand-windlass-and-winch-clean-v1.glb,"the main chassis, load-bearing frame, major moving volumes, readable mechanism, and separable large construction parts; for this row, specifically the horizontal hand windlass","animation, pivots, sockets, standardized wheels or drums, rope and chain, collision, materials, cargo, state, damage logic, and gameplay authority","dirty repeated wheels, hair-thin rope or chain, fasteners, handles, sockets, and standardized bars or axles","major parts remain legible in orbit and can be grouped deterministically; no fused moving state, dense fastener noise, or warped repeated parts","Create exactly one low-poly medieval-fantasy hand windlass and winch donor for Genesis. Variant: horizontal hand windlass. Functional purpose: Universal rotating drum for wells, gates, shafts, bridges, cages, and workshop lifting. Match the supplied reference image exactly and preserve the main chassis, load-bearing frame, major moving volumes, readable mechanism, and separable large construction parts; for this row, specifically the horizontal hand windlass. Use a few large deliberate construction-aligned planes, strong silhouette, thick mechanically legible parts, broad material regions, and honest open space. Do not add scenery, a floor base, characters, unrelated props, micro-clutter, text, labels, baked directional light, or any engine-owned feature: animation, pivots, sockets, standardized wheels or drums, rope and chain, collision, materials, cargo, state, damage logic, and gameplay authority. Exactly one coherent object or intentionally fused cluster."
10,A1,queued,M047-A,M047,A,civic,Market-stall chassis,narrow street stall,"Counter, posts, shelf sockets, and canopy attachment points without permanent goods.",1000,reference-images/M047-A-market-stall-chassis-v1.png,incoming/M047-A-market-stall-chassis-smart-1000.glb,processed/M047-A-market-stall-chassis-clean-v1.glb,"the civic or ritual landmark silhouette, major support volumes, real openings, and replaceable center or working components; for this row, specifically the narrow street stall","water, posters, text, offerings, contents, sockets, collision, materials, authority marks, animation, and cultural state","liquid, paper, text, tiny offerings, fasteners, handles, cords, and standardized sockets",the object reads as an institution or working surface without modeled clutter; empty sockets and openings remain usable,"Create exactly one low-poly medieval-fantasy market-stall chassis donor for Genesis. Variant: narrow street stall. Functional purpose: Counter, posts, shelf sockets, and canopy attachment points without permanent goods. Match the supplied reference image exactly and preserve the civic or ritual landmark silhouette, major support volumes, real openings, and replaceable center or working components; for this row, specifically the narrow street stall. Use a few large deliberate construction-aligned planes, strong silhouette, thick mechanically legible parts, broad material regions, and honest open space. Do not add scenery, a floor base, characters, unrelated props, micro-clutter, text, labels, baked directional light, or any engine-owned feature: water, posters, text, offerings, contents, sockets, collision, materials, authority marks, animation, and cultural state. Exactly one coherent object or intentionally fused cluster."
10,A1,queued,M069-A,M069,A,light,Freestanding brazier basket,low round brazier,"Movable warm pool for courts, guard decks, camps, streets, rituals, and workshops.",600,reference-images/M069-A-freestanding-brazier-basket-v1.png,incoming/M069-A-freestanding-brazier-basket-smart-600.glb,processed/M069-A-freestanding-brazier-basket-clean-v1.glb,"the lore-native fixture body, open fuel or emission socket, mount, hood, shield, and thick readable supports; for this row, specifically the low round brazier","flame or cool emitter, emission, flicker, illumination, smoke, fuel, wall or ceiling registration, materials, collision, culture, and damage","flame, glow volume, light object, smoke, chain, glass panes, fuel, fasteners, and standardized mount hardware","the empty emitter socket and frame openings remain real; no baked flame, glow, smoke, or hair-thin metal survives as required geometry","Create exactly one low-poly medieval-fantasy freestanding brazier basket donor for Genesis. Variant: low round brazier. Functional purpose: Movable warm pool for courts, guard decks, camps, streets, rituals, and workshops. Match the supplied reference image exactly and preserve the lore-native fixture body, open fuel or emission socket, mount, hood, shield, and thick readable supports; for this row, specifically the low round brazier. Use a few large deliberate construction-aligned planes, strong silhouette, thick mechanically legible parts, broad material regions, and honest open space. Do not add scenery, a floor base, characters, unrelated props, micro-clutter, text, labels, baked directional light, or any engine-owned feature: flame or cool emitter, emission, flicker, illumination, smoke, fuel, wall or ceiling registration, materials, collision, culture, and damage. Exactly one coherent object or intentionally fused cluster."
10,A1,queued,M070-A,M070,A,light,Hanging lantern,iron cage lantern,"Ceiling, beam, hook, and wagon-compatible enclosed warm light with a distinct glowing material volume.",600,reference-images/M070-A-hanging-lantern-v1.png,incoming/M070-A-hanging-lantern-smart-600.glb,processed/M070-A-hanging-lantern-clean-v1.glb,"the lore-native fixture body, open fuel or emission socket, mount, hood, shield, and thick readable supports; for this row, specifically the iron cage lantern","flame or cool emitter, emission, flicker, illumination, smoke, fuel, wall or ceiling registration, materials, collision, culture, and damage","flame, glow volume, light object, smoke, chain, glass panes, fuel, fasteners, and standardized mount hardware","the empty emitter socket and frame openings remain real; no baked flame, glow, smoke, or hair-thin metal survives as required geometry","Create exactly one low-poly medieval-fantasy hanging lantern donor for Genesis. Variant: iron cage lantern. Functional purpose: Ceiling, beam, hook, and wagon-compatible enclosed warm light with a distinct glowing material volume. Match the supplied reference image exactly and preserve the lore-native fixture body, open fuel or emission socket, mount, hood, shield, and thick readable supports; for this row, specifically the iron cage lantern. Use a few large deliberate construction-aligned planes, strong silhouette, thick mechanically legible parts, broad material regions, and honest open space. Do not add scenery, a floor base, characters, unrelated props, micro-clutter, text, labels, baked directional light, or any engine-owned feature: flame or cool emitter, emission, flicker, illumination, smoke, fuel, wall or ceiling registration, materials, collision, culture, and damage. Exactly one coherent object or intentionally fused cluster."
10,A1,queued,M071-A,M071,A,light,Hooded mine work lamp,hooded oil lamp,"Directional task light that can mount to posts, walls, carts, machinery, or work faces.",500,reference-images/M071-A-hooded-mine-work-lamp-v1.png,incoming/M071-A-hooded-mine-work-lamp-smart-500.glb,processed/M071-A-hooded-mine-work-lamp-clean-v1.glb,"the lore-native fixture body, open fuel or emission socket, mount, hood, shield, and thick readable supports; for this row, specifically the hooded oil lamp","flame or cool emitter, emission, flicker, illumination, smoke, fuel, wall or ceiling registration, materials, collision, culture, and damage","flame, glow volume, light object, smoke, chain, glass panes, fuel, fasteners, and standardized mount hardware","the empty emitter socket and frame openings remain real; no baked flame, glow, smoke, or hair-thin metal survives as required geometry","Create exactly one low-poly medieval-fantasy hooded mine work lamp donor for Genesis. Variant: hooded oil lamp. Functional purpose: Directional task light that can mount to posts, walls, carts, machinery, or work faces. Match the supplied reference image exactly and preserve the lore-native fixture body, open fuel or emission socket, mount, hood, shield, and thick readable supports; for this row, specifically the hooded oil lamp. Use a few large deliberate construction-aligned planes, strong silhouette, thick mechanically legible parts, broad material regions, and honest open space. Do not add scenery, a floor base, characters, unrelated props, micro-clutter, text, labels, baked directional light, or any engine-owned feature: flame or cool emitter, emission, flicker, illumination, smoke, fuel, wall or ceiling registration, materials, collision, culture, and damage. Exactly one coherent object or intentionally fused cluster."
10,A1,queued,M072-A,M072,A,light,Portable table and hand lantern,squat oil lantern,"Human-scale light that can sit on counters, altars, ledges, wagons, and workstations.",500,reference-images/M072-A-portable-table-and-hand-lantern-v1.png,incoming/M072-A-portable-table-and-hand-lantern-smart-500.glb,processed/M072-A-portable-table-and-hand-lantern-clean-v1.glb,"the lore-native fixture body, open fuel or emission socket, mount, hood, shield, and thick readable supports; for this row, specifically the squat oil lantern","flame or cool emitter, emission, flicker, illumination, smoke, fuel, wall or ceiling registration, materials, collision, culture, and damage","flame, glow volume, light object, smoke, chain, glass panes, fuel, fasteners, and standardized mount hardware","the empty emitter socket and frame openings remain real; no baked flame, glow, smoke, or hair-thin metal survives as required geometry","Create exactly one low-poly medieval-fantasy portable table and hand lantern donor for Genesis. Variant: squat oil lantern. Functional purpose: Human-scale light that can sit on counters, altars, ledges, wagons, and workstations. Match the supplied reference image exactly and preserve the lore-native fixture body, open fuel or emission socket, mount, hood, shield, and thick readable supports; for this row, specifically the squat oil lantern. Use a few large deliberate construction-aligned planes, strong silhouette, thick mechanically legible parts, broad material regions, and honest open space. Do not add scenery, a floor base, characters, unrelated props, micro-clutter, text, labels, baked directional light, or any engine-owned feature: flame or cool emitter, emission, flicker, illumination, smoke, fuel, wall or ceiling registration, materials, collision, culture, and damage. Exactly one coherent object or intentionally fused cluster."
10,A1,queued,M073-A,M073,A,light,Ritual cold-light vessel,crystal reliquary cup,"Lore-native cool magic source with the visible material itself emitting, avoiding a free-floating bulb.",600,reference-images/M073-A-ritual-cold-light-vessel-v1.png,incoming/M073-A-ritual-cold-light-vessel-smart-600.glb,processed/M073-A-ritual-cold-light-vessel-clean-v1.glb,"the lore-native fixture body, open fuel or emission socket, mount, hood, shield, and thick readable supports; for this row, specifically the crystal reliquary cup","flame or cool emitter, emission, flicker, illumination, smoke, fuel, wall or ceiling registration, materials, collision, culture, and damage","flame, glow volume, light object, smoke, chain, glass panes, fuel, fasteners, and standardized mount hardware","the empty emitter socket and frame openings remain real; no baked flame, glow, smoke, or hair-thin metal survives as required geometry","Create exactly one low-poly medieval-fantasy ritual cold-light vessel donor for Genesis. Variant: crystal reliquary cup. Functional purpose: Lore-native cool magic source with the visible material itself emitting, avoiding a free-floating bulb. Match the supplied reference image exactly and preserve the lore-native fixture body, open fuel or emission socket, mount, hood, shield, and thick readable supports; for this row, specifically the crystal reliquary cup. Use a few large deliberate construction-aligned planes, strong silhouette, thick mechanically legible parts, broad material regions, and honest open space. Do not add scenery, a floor base, characters, unrelated props, micro-clutter, text, labels, baked directional light, or any engine-owned feature: flame or cool emitter, emission, flicker, illumination, smoke, fuel, wall or ceiling registration, materials, collision, culture, and damage. Exactly one coherent object or intentionally fused cluster."
10,A1,queued,M074-A,M074,A,light,Living or mineral cool-light cluster,shelf-fungus lamp cluster,"Sunless readable cool source for lairs and mines, grounded in fungus, crystal, or bioluminescent growth.",700,reference-images/M074-A-living-or-mineral-cool-light-cluster-v1.png,incoming/M074-A-living-or-mineral-cool-light-cluster-smart-700.glb,processed/M074-A-living-or-mineral-cool-light-cluster-clean-v1.glb,"the lore-native fixture body, open fuel or emission socket, mount, hood, shield, and thick readable supports; for this row, specifically the shelf-fungus lamp cluster","flame or cool emitter, emission, flicker, illumination, smoke, fuel, wall or ceiling registration, materials, collision, culture, and damage","flame, glow volume, light object, smoke, chain, glass panes, fuel, fasteners, and standardized mount hardware","the empty emitter socket and frame openings remain real; no baked flame, glow, smoke, or hair-thin metal survives as required geometry","Create exactly one low-poly medieval-fantasy living or mineral cool-light cluster donor for Genesis. Variant: shelf-fungus lamp cluster. Functional purpose: Sunless readable cool source for lairs and mines, grounded in fungus, crystal, or bioluminescent growth. Match the supplied reference image exactly and preserve the lore-native fixture body, open fuel or emission socket, mount, hood, shield, and thick readable supports; for this row, specifically the shelf-fungus lamp cluster. Use a few large deliberate construction-aligned planes, strong silhouette, thick mechanically legible parts, broad material regions, and honest open space. Do not add scenery, a floor base, characters, unrelated props, micro-clutter, text, labels, baked directional light, or any engine-owned feature: flame or cool emitter, emission, flicker, illumination, smoke, fuel, wall or ceiling registration, materials, collision, culture, and damage. Exactly one coherent object or intentionally fused cluster."
10,A1,queued,M075-A,M075,A,light,Beacon and signal-fire basket,raised fire basket,"Larger warm landmark for gates, ridges, guard posts, mine mouths, alarms, and navigation.",900,reference-images/M075-A-beacon-and-signal-fire-basket-v1.png,incoming/M075-A-beacon-and-signal-fire-basket-smart-900.glb,processed/M075-A-beacon-and-signal-fire-basket-clean-v1.glb,"the lore-native fixture body, open fuel or emission socket, mount, hood, shield, and thick readable supports; for this row, specifically the raised fire basket","flame or cool emitter, emission, flicker, illumination, smoke, fuel, wall or ceiling registration, materials, collision, culture, and damage","flame, glow volume, light object, smoke, chain, glass panes, fuel, fasteners, and standardized mount hardware","the empty emitter socket and frame openings remain real; no baked flame, glow, smoke, or hair-thin metal survives as required geometry","Create exactly one low-poly medieval-fantasy beacon and signal-fire basket donor for Genesis. Variant: raised fire basket. Functional purpose: Larger warm landmark for gates, ridges, guard posts, mine mouths, alarms, and navigation. Match the supplied reference image exactly and preserve the lore-native fixture body, open fuel or emission socket, mount, hood, shield, and thick readable supports; for this row, specifically the raised fire basket. Use a few large deliberate construction-aligned planes, strong silhouette, thick mechanically legible parts, broad material regions, and honest open space. Do not add scenery, a floor base, characters, unrelated props, micro-clutter, text, labels, baked directional light, or any engine-owned feature: flame or cool emitter, emission, flicker, illumination, smoke, fuel, wall or ceiling registration, materials, collision, culture, and damage. Exactly one coherent object or intentionally fused cluster."
20,A2,queued,M020-A,M020,A,mechanism,Two-wheel handcart,shallow tray cart,"Human-scale carrier suitable for markets, camps, workshops, corpses, tools, and improvised barricades.",1200,reference-images/M020-A-two-wheel-handcart-v1.png,incoming/M020-A-two-wheel-handcart-smart-1200.glb,processed/M020-A-two-wheel-handcart-clean-v1.glb,"the main chassis, load-bearing frame, major moving volumes, readable mechanism, and separable large construction parts; for this row, specifically the shallow tray cart","animation, pivots, sockets, standardized wheels or drums, rope and chain, collision, materials, cargo, state, damage logic, and gameplay authority","dirty repeated wheels, hair-thin rope or chain, fasteners, handles, sockets, and standardized bars or axles","major parts remain legible in orbit and can be grouped deterministically; no fused moving state, dense fastener noise, or warped repeated parts","Create exactly one low-poly medieval-fantasy two-wheel handcart donor for Genesis. Variant: shallow tray cart. Functional purpose: Human-scale carrier suitable for markets, camps, workshops, corpses, tools, and improvised barricades. Match the supplied reference image exactly and preserve the main chassis, load-bearing frame, major moving volumes, readable mechanism, and separable large construction parts; for this row, specifically the shallow tray cart. Use a few large deliberate construction-aligned planes, strong silhouette, thick mechanically legible parts, broad material regions, and honest open space. Do not add scenery, a floor base, characters, unrelated props, micro-clutter, text, labels, baked directional light, or any engine-owned feature: animation, pivots, sockets, standardized wheels or drums, rope and chain, collision, materials, cargo, state, damage logic, and gameplay authority. Exactly one coherent object or intentionally fused cluster."
20,A2,queued,M021-A,M021,A,mechanism,Mine ore cart,low iron-shod cart,Compact industrial tub and wheel assembly that can run on rails or a prepared haul route.,1100,reference-images/M021-A-mine-ore-cart-v1.png,incoming/M021-A-mine-ore-cart-smart-1100.glb,processed/M021-A-mine-ore-cart-clean-v1.glb,"the main chassis, load-bearing frame, major moving volumes, readable mechanism, and separable large construction parts; for this row, specifically the low iron-shod cart","animation, pivots, sockets, standardized wheels or drums, rope and chain, collision, materials, cargo, state, damage logic, and gameplay authority","dirty repeated wheels, hair-thin rope or chain, fasteners, handles, sockets, and standardized bars or axles","major parts remain legible in orbit and can be grouped deterministically; no fused moving state, dense fastener noise, or warped repeated parts","Create exactly one low-poly medieval-fantasy mine ore cart donor for Genesis. Variant: low iron-shod cart. Functional purpose: Compact industrial tub and wheel assembly that can run on rails or a prepared haul route. Match the supplied reference image exactly and preserve the main chassis, load-bearing frame, major moving volumes, readable mechanism, and separable large construction parts; for this row, specifically the low iron-shod cart. Use a few large deliberate construction-aligned planes, strong silhouette, thick mechanically legible parts, broad material regions, and honest open space. Do not add scenery, a floor base, characters, unrelated props, micro-clutter, text, labels, baked directional light, or any engine-owned feature: animation, pivots, sockets, standardized wheels or drums, rope and chain, collision, materials, cargo, state, damage logic, and gameplay authority. Exactly one coherent object or intentionally fused cluster."
20,A2,queued,M022-A,M022,A,mechanism,Sledge and travois carrier,timber sledge,"Wheel-free hauling platform for rough ground, snow, mud, camp movement, and creature or humanoid drag teams.",900,reference-images/M022-A-sledge-and-travois-carrier-v1.png,incoming/M022-A-sledge-and-travois-carrier-smart-900.glb,processed/M022-A-sledge-and-travois-carrier-clean-v1.glb,"the main chassis, load-bearing frame, major moving volumes, readable mechanism, and separable large construction parts; for this row, specifically the timber sledge","animation, pivots, sockets, standardized wheels or drums, rope and chain, collision, materials, cargo, state, damage logic, and gameplay authority","dirty repeated wheels, hair-thin rope or chain, fasteners, handles, sockets, and standardized bars or axles","major parts remain legible in orbit and can be grouped deterministically; no fused moving state, dense fastener noise, or warped repeated parts","Create exactly one low-poly medieval-fantasy sledge and travois carrier donor for Genesis. Variant: timber sledge. Functional purpose: Wheel-free hauling platform for rough ground, snow, mud, camp movement, and creature or humanoid drag teams. Match the supplied reference image exactly and preserve the main chassis, load-bearing frame, major moving volumes, readable mechanism, and separable large construction parts; for this row, specifically the timber sledge. Use a few large deliberate construction-aligned planes, strong silhouette, thick mechanically legible parts, broad material regions, and honest open space. Do not add scenery, a floor base, characters, unrelated props, micro-clutter, text, labels, baked directional light, or any engine-owned feature: animation, pivots, sockets, standardized wheels or drums, rope and chain, collision, materials, cargo, state, damage logic, and gameplay authority. Exactly one coherent object or intentionally fused cluster."
20,A2,queued,M023-A,M023,A,mechanism,Pack frame and carrier rack,narrow back-frame,"Freestanding load-bearing framework that can receive bags, ore, firewood, bodies, cages, or ritual cargo.",900,reference-images/M023-A-pack-frame-and-carrier-rack-v1.png,incoming/M023-A-pack-frame-and-carrier-rack-smart-900.glb,processed/M023-A-pack-frame-and-carrier-rack-clean-v1.glb,"the main chassis, load-bearing frame, major moving volumes, readable mechanism, and separable large construction parts; for this row, specifically the narrow back-frame","animation, pivots, sockets, standardized wheels or drums, rope and chain, collision, materials, cargo, state, damage logic, and gameplay authority","dirty repeated wheels, hair-thin rope or chain, fasteners, handles, sockets, and standardized bars or axles","major parts remain legible in orbit and can be grouped deterministically; no fused moving state, dense fastener noise, or warped repeated parts","Create exactly one low-poly medieval-fantasy pack frame and carrier rack donor for Genesis. Variant: narrow back-frame. Functional purpose: Freestanding load-bearing framework that can receive bags, ore, firewood, bodies, cages, or ritual cargo. Match the supplied reference image exactly and preserve the main chassis, load-bearing frame, major moving volumes, readable mechanism, and separable large construction parts; for this row, specifically the narrow back-frame. Use a few large deliberate construction-aligned planes, strong silhouette, thick mechanically legible parts, broad material regions, and honest open space. Do not add scenery, a floor base, characters, unrelated props, micro-clutter, text, labels, baked directional light, or any engine-owned feature: animation, pivots, sockets, standardized wheels or drums, rope and chain, collision, materials, cargo, state, damage logic, and gameplay authority. Exactly one coherent object or intentionally fused cluster."
20,A2,queued,M024-A,M024,A,mechanism,Counterweighted road barrier,simple boom gate,"Recognizable checkpoint mechanism with separately useful beam, pivot, weight, rope, and support.",1000,reference-images/M024-A-counterweighted-road-barrier-v1.png,incoming/M024-A-counterweighted-road-barrier-smart-1000.glb,processed/M024-A-counterweighted-road-barrier-clean-v1.glb,"the main chassis, load-bearing frame, major moving volumes, readable mechanism, and separable large construction parts; for this row, specifically the simple boom gate","animation, pivots, sockets, standardized wheels or drums, rope and chain, collision, materials, cargo, state, damage logic, and gameplay authority","dirty repeated wheels, hair-thin rope or chain, fasteners, handles, sockets, and standardized bars or axles","major parts remain legible in orbit and can be grouped deterministically; no fused moving state, dense fastener noise, or warped repeated parts","Create exactly one low-poly medieval-fantasy counterweighted road barrier donor for Genesis. Variant: simple boom gate. Functional purpose: Recognizable checkpoint mechanism with separately useful beam, pivot, weight, rope, and support. Match the supplied reference image exactly and preserve the main chassis, load-bearing frame, major moving volumes, readable mechanism, and separable large construction parts; for this row, specifically the simple boom gate. Use a few large deliberate construction-aligned planes, strong silhouette, thick mechanically legible parts, broad material regions, and honest open space. Do not add scenery, a floor base, characters, unrelated props, micro-clutter, text, labels, baked directional light, or any engine-owned feature: animation, pivots, sockets, standardized wheels or drums, rope and chain, collision, materials, cargo, state, damage logic, and gameplay authority. Exactly one coherent object or intentionally fused cluster."
20,A2,queued,M026-A,M026,A,mechanism,Mine hoist headframe assembly,timber A-frame hoist,Compact above-shaft lifting vocabulary; not a whole building.,1500,reference-images/M026-A-mine-hoist-headframe-assembly-v1.png,incoming/M026-A-mine-hoist-headframe-assembly-smart-1500.glb,processed/M026-A-mine-hoist-headframe-assembly-clean-v1.glb,"the main chassis, load-bearing frame, major moving volumes, readable mechanism, and separable large construction parts; for this row, specifically the timber A-frame hoist","animation, pivots, sockets, standardized wheels or drums, rope and chain, collision, materials, cargo, state, damage logic, and gameplay authority","dirty repeated wheels, hair-thin rope or chain, fasteners, handles, sockets, and standardized bars or axles","major parts remain legible in orbit and can be grouped deterministically; no fused moving state, dense fastener noise, or warped repeated parts","Create exactly one low-poly medieval-fantasy mine hoist headframe assembly donor for Genesis. Variant: timber A-frame hoist. Functional purpose: Compact above-shaft lifting vocabulary; not a whole building. Match the supplied reference image exactly and preserve the main chassis, load-bearing frame, major moving volumes, readable mechanism, and separable large construction parts; for this row, specifically the timber A-frame hoist. Use a few large deliberate construction-aligned planes, strong silhouette, thick mechanically legible parts, broad material regions, and honest open space. Do not add scenery, a floor base, characters, unrelated props, micro-clutter, text, labels, baked directional light, or any engine-owned feature: animation, pivots, sockets, standardized wheels or drums, rope and chain, collision, materials, cargo, state, damage logic, and gameplay authority. Exactly one coherent object or intentionally fused cluster."
20,A2,queued,M027-A,M027,A,mechanism,Capstan and chain drum,radial-bar capstan,"Waist-high rotational mechanism for hauling, gates, ship-like works, mines, and heavy doors.",1000,reference-images/M027-A-capstan-and-chain-drum-v1.png,incoming/M027-A-capstan-and-chain-drum-smart-1000.glb,processed/M027-A-capstan-and-chain-drum-clean-v1.glb,"the main chassis, load-bearing frame, major moving volumes, readable mechanism, and separable large construction parts; for this row, specifically the radial-bar capstan","animation, pivots, sockets, standardized wheels or drums, rope and chain, collision, materials, cargo, state, damage logic, and gameplay authority","dirty repeated wheels, hair-thin rope or chain, fasteners, handles, sockets, and standardized bars or axles","major parts remain legible in orbit and can be grouped deterministically; no fused moving state, dense fastener noise, or warped repeated parts","Create exactly one low-poly medieval-fantasy capstan and chain drum donor for Genesis. Variant: radial-bar capstan. Functional purpose: Waist-high rotational mechanism for hauling, gates, ship-like works, mines, and heavy doors. Match the supplied reference image exactly and preserve the main chassis, load-bearing frame, major moving volumes, readable mechanism, and separable large construction parts; for this row, specifically the radial-bar capstan. Use a few large deliberate construction-aligned planes, strong silhouette, thick mechanically legible parts, broad material regions, and honest open space. Do not add scenery, a floor base, characters, unrelated props, micro-clutter, text, labels, baked directional light, or any engine-owned feature: animation, pivots, sockets, standardized wheels or drums, rope and chain, collision, materials, cargo, state, damage logic, and gameplay authority. Exactly one coherent object or intentionally fused cluster."
20,A2,queued,M028-A,M028,A,mechanism,Piston mine pump,hand-lever pump,"Readable intake, cylinder, lever, and discharge parts for flood control and industrial storytelling.",1400,reference-images/M028-A-piston-mine-pump-v1.png,incoming/M028-A-piston-mine-pump-smart-1400.glb,processed/M028-A-piston-mine-pump-clean-v1.glb,"the main chassis, load-bearing frame, major moving volumes, readable mechanism, and separable large construction parts; for this row, specifically the hand-lever pump","animation, pivots, sockets, standardized wheels or drums, rope and chain, collision, materials, cargo, state, damage logic, and gameplay authority","dirty repeated wheels, hair-thin rope or chain, fasteners, handles, sockets, and standardized bars or axles","major parts remain legible in orbit and can be grouped deterministically; no fused moving state, dense fastener noise, or warped repeated parts","Create exactly one low-poly medieval-fantasy piston mine pump donor for Genesis. Variant: hand-lever pump. Functional purpose: Readable intake, cylinder, lever, and discharge parts for flood control and industrial storytelling. Match the supplied reference image exactly and preserve the main chassis, load-bearing frame, major moving volumes, readable mechanism, and separable large construction parts; for this row, specifically the hand-lever pump. Use a few large deliberate construction-aligned planes, strong silhouette, thick mechanically legible parts, broad material regions, and honest open space. Do not add scenery, a floor base, characters, unrelated props, micro-clutter, text, labels, baked directional light, or any engine-owned feature: animation, pivots, sockets, standardized wheels or drums, rope and chain, collision, materials, cargo, state, damage logic, and gameplay authority. Exactly one coherent object or intentionally fused cluster."
20,A2,queued,M029-A,M029,A,mechanism,Bellows or treadle pump,single large bellows,"Low-tech air or water movement device serving forge, mine ventilation, workshop, and ritual fire.",900,reference-images/M029-A-bellows-or-treadle-pump-v1.png,incoming/M029-A-bellows-or-treadle-pump-smart-900.glb,processed/M029-A-bellows-or-treadle-pump-clean-v1.glb,"the main chassis, load-bearing frame, major moving volumes, readable mechanism, and separable large construction parts; for this row, specifically the single large bellows","animation, pivots, sockets, standardized wheels or drums, rope and chain, collision, materials, cargo, state, damage logic, and gameplay authority","dirty repeated wheels, hair-thin rope or chain, fasteners, handles, sockets, and standardized bars or axles","major parts remain legible in orbit and can be grouped deterministically; no fused moving state, dense fastener noise, or warped repeated parts","Create exactly one low-poly medieval-fantasy bellows or treadle pump donor for Genesis. Variant: single large bellows. Functional purpose: Low-tech air or water movement device serving forge, mine ventilation, workshop, and ritual fire. Match the supplied reference image exactly and preserve the main chassis, load-bearing frame, major moving volumes, readable mechanism, and separable large construction parts; for this row, specifically the single large bellows. Use a few large deliberate construction-aligned planes, strong silhouette, thick mechanically legible parts, broad material regions, and honest open space. Do not add scenery, a floor base, characters, unrelated props, micro-clutter, text, labels, baked directional light, or any engine-owned feature: animation, pivots, sockets, standardized wheels or drums, rope and chain, collision, materials, cargo, state, damage logic, and gameplay authority. Exactly one coherent object or intentionally fused cluster."
20,A2,queued,M030-A,M030,A,mechanism,Jaw crusher,hand-driven crusher,"Compact paired plates, hopper, and drive suitable for ore, stone, salvage, or fantasy processing.",1400,reference-images/M030-A-jaw-crusher-v1.png,incoming/M030-A-jaw-crusher-smart-1400.glb,processed/M030-A-jaw-crusher-clean-v1.glb,"the main chassis, load-bearing frame, major moving volumes, readable mechanism, and separable large construction parts; for this row, specifically the hand-driven crusher","animation, pivots, sockets, standardized wheels or drums, rope and chain, collision, materials, cargo, state, damage logic, and gameplay authority","dirty repeated wheels, hair-thin rope or chain, fasteners, handles, sockets, and standardized bars or axles","major parts remain legible in orbit and can be grouped deterministically; no fused moving state, dense fastener noise, or warped repeated parts","Create exactly one low-poly medieval-fantasy jaw crusher donor for Genesis. Variant: hand-driven crusher. Functional purpose: Compact paired plates, hopper, and drive suitable for ore, stone, salvage, or fantasy processing. Match the supplied reference image exactly and preserve the main chassis, load-bearing frame, major moving volumes, readable mechanism, and separable large construction parts; for this row, specifically the hand-driven crusher. Use a few large deliberate construction-aligned planes, strong silhouette, thick mechanically legible parts, broad material regions, and honest open space. Do not add scenery, a floor base, characters, unrelated props, micro-clutter, text, labels, baked directional light, or any engine-owned feature: animation, pivots, sockets, standardized wheels or drums, rope and chain, collision, materials, cargo, state, damage logic, and gameplay authority. Exactly one coherent object or intentionally fused cluster."
20,A2,queued,M031-A,M031,A,mechanism,Stamp-mill module,single vertical stamp,One readable repeatable stamping unit rather than a whole industrial building.,1500,reference-images/M031-A-stamp-mill-module-v1.png,incoming/M031-A-stamp-mill-module-smart-1500.glb,processed/M031-A-stamp-mill-module-clean-v1.glb,"the main chassis, load-bearing frame, major moving volumes, readable mechanism, and separable large construction parts; for this row, specifically the single vertical stamp","animation, pivots, sockets, standardized wheels or drums, rope and chain, collision, materials, cargo, state, damage logic, and gameplay authority","dirty repeated wheels, hair-thin rope or chain, fasteners, handles, sockets, and standardized bars or axles","major parts remain legible in orbit and can be grouped deterministically; no fused moving state, dense fastener noise, or warped repeated parts","Create exactly one low-poly medieval-fantasy stamp-mill module donor for Genesis. Variant: single vertical stamp. Functional purpose: One readable repeatable stamping unit rather than a whole industrial building. Match the supplied reference image exactly and preserve the main chassis, load-bearing frame, major moving volumes, readable mechanism, and separable large construction parts; for this row, specifically the single vertical stamp. Use a few large deliberate construction-aligned planes, strong silhouette, thick mechanically legible parts, broad material regions, and honest open space. Do not add scenery, a floor base, characters, unrelated props, micro-clutter, text, labels, baked directional light, or any engine-owned feature: animation, pivots, sockets, standardized wheels or drums, rope and chain, collision, materials, cargo, state, damage logic, and gameplay authority. Exactly one coherent object or intentionally fused cluster."
20,A2,queued,M032-A,M032,A,mechanism,Ore-washing rocker and trough,rocking tray,"Water-assisted processing equipment with separated tray, stand, screen, and discharge.",1100,reference-images/M032-A-ore-washing-rocker-and-trough-v1.png,incoming/M032-A-ore-washing-rocker-and-trough-smart-1100.glb,processed/M032-A-ore-washing-rocker-and-trough-clean-v1.glb,"the main chassis, load-bearing frame, major moving volumes, readable mechanism, and separable large construction parts; for this row, specifically the rocking tray","animation, pivots, sockets, standardized wheels or drums, rope and chain, collision, materials, cargo, state, damage logic, and gameplay authority","dirty repeated wheels, hair-thin rope or chain, fasteners, handles, sockets, and standardized bars or axles","major parts remain legible in orbit and can be grouped deterministically; no fused moving state, dense fastener noise, or warped repeated parts","Create exactly one low-poly medieval-fantasy ore-washing rocker and trough donor for Genesis. Variant: rocking tray. Functional purpose: Water-assisted processing equipment with separated tray, stand, screen, and discharge. Match the supplied reference image exactly and preserve the main chassis, load-bearing frame, major moving volumes, readable mechanism, and separable large construction parts; for this row, specifically the rocking tray. Use a few large deliberate construction-aligned planes, strong silhouette, thick mechanically legible parts, broad material regions, and honest open space. Do not add scenery, a floor base, characters, unrelated props, micro-clutter, text, labels, baked directional light, or any engine-owned feature: animation, pivots, sockets, standardized wheels or drums, rope and chain, collision, materials, cargo, state, damage logic, and gameplay authority. Exactly one coherent object or intentionally fused cluster."
20,A2,queued,M033-A,M033,A,mechanism,Sorting hopper and work table,low sorting tray,"Reusable gravity-fed task station for ore, grain, salvage, market goods, or alchemical material.",1000,reference-images/M033-A-sorting-hopper-and-work-table-v1.png,incoming/M033-A-sorting-hopper-and-work-table-smart-1000.glb,processed/M033-A-sorting-hopper-and-work-table-clean-v1.glb,"the main chassis, load-bearing frame, major moving volumes, readable mechanism, and separable large construction parts; for this row, specifically the low sorting tray","animation, pivots, sockets, standardized wheels or drums, rope and chain, collision, materials, cargo, state, damage logic, and gameplay authority","dirty repeated wheels, hair-thin rope or chain, fasteners, handles, sockets, and standardized bars or axles","major parts remain legible in orbit and can be grouped deterministically; no fused moving state, dense fastener noise, or warped repeated parts","Create exactly one low-poly medieval-fantasy sorting hopper and work table donor for Genesis. Variant: low sorting tray. Functional purpose: Reusable gravity-fed task station for ore, grain, salvage, market goods, or alchemical material. Match the supplied reference image exactly and preserve the main chassis, load-bearing frame, major moving volumes, readable mechanism, and separable large construction parts; for this row, specifically the low sorting tray. Use a few large deliberate construction-aligned planes, strong silhouette, thick mechanically legible parts, broad material regions, and honest open space. Do not add scenery, a floor base, characters, unrelated props, micro-clutter, text, labels, baked directional light, or any engine-owned feature: animation, pivots, sockets, standardized wheels or drums, rope and chain, collision, materials, cargo, state, damage logic, and gameplay authority. Exactly one coherent object or intentionally fused cluster."
20,A2,queued,M034-A,M034,A,mechanism,Ventilation fan or large workshop bellows,hand-cranked fan,A legible air-moving landmark for dangerous interiors.,1200,reference-images/M034-A-ventilation-fan-or-large-workshop-bellows-v1.png,incoming/M034-A-ventilation-fan-or-large-workshop-bellows-smart-1200.glb,processed/M034-A-ventilation-fan-or-large-workshop-bellows-clean-v1.glb,"the main chassis, load-bearing frame, major moving volumes, readable mechanism, and separable large construction parts; for this row, specifically the hand-cranked fan","animation, pivots, sockets, standardized wheels or drums, rope and chain, collision, materials, cargo, state, damage logic, and gameplay authority","dirty repeated wheels, hair-thin rope or chain, fasteners, handles, sockets, and standardized bars or axles","major parts remain legible in orbit and can be grouped deterministically; no fused moving state, dense fastener noise, or warped repeated parts","Create exactly one low-poly medieval-fantasy ventilation fan or large workshop bellows donor for Genesis. Variant: hand-cranked fan. Functional purpose: A legible air-moving landmark for dangerous interiors. Match the supplied reference image exactly and preserve the main chassis, load-bearing frame, major moving volumes, readable mechanism, and separable large construction parts; for this row, specifically the hand-cranked fan. Use a few large deliberate construction-aligned planes, strong silhouette, thick mechanically legible parts, broad material regions, and honest open space. Do not add scenery, a floor base, characters, unrelated props, micro-clutter, text, labels, baked directional light, or any engine-owned feature: animation, pivots, sockets, standardized wheels or drums, rope and chain, collision, materials, cargo, state, damage logic, and gameplay authority. Exactly one coherent object or intentionally fused cluster."
30,A3,queued,M002-A,M002,A,natural,Tall cover outcrop,vertical sedimentary stack,Narrow upright rock mass providing three-quarter cover and a strong height landmark.,700,reference-images/M002-A-tall-cover-outcrop-v1.png,incoming/M002-A-tall-cover-outcrop-smart-700.glb,processed/M002-A-tall-cover-outcrop-clean-v1.glb,"the authored natural silhouette, its few major masses, real openings, ledges, and construction-scale fracture or growth planes; for this row, specifically the vertical sedimentary stack","exact terrain hole, elevation authority, walkability, collision, cover, materials, mineral color, moisture, decals, contents, light, and procedural embedding","tiny stones, gravel, roots, crystals, supports, water, decals, and any exact terrain interface that is cheaper or safer procedurally",the silhouette must beat routine procedural placement; real openings remain open; no accidental stairs or noisy micro-fracture,"Create exactly one low-poly medieval-fantasy tall cover outcrop donor for Genesis. Variant: vertical sedimentary stack. Functional purpose: Narrow upright rock mass providing three-quarter cover and a strong height landmark. Match the supplied reference image exactly and preserve the authored natural silhouette, its few major masses, real openings, ledges, and construction-scale fracture or growth planes; for this row, specifically the vertical sedimentary stack. Use a few large deliberate construction-aligned planes, strong silhouette, thick mechanically legible parts, broad material regions, and honest open space. Do not add scenery, a floor base, characters, unrelated props, micro-clutter, text, labels, baked directional light, or any engine-owned feature: exact terrain hole, elevation authority, walkability, collision, cover, materials, mineral color, moisture, decals, contents, light, and procedural embedding. Exactly one coherent object or intentionally fused cluster."
30,A3,queued,M003-A,M003,A,natural,Climbable rock-step cluster,broad three-step climb,Natural footholds that can become a short alternate access route when aligned to the 2.5-foot height ladder.,700,reference-images/M003-A-climbable-rock-step-cluster-v1.png,incoming/M003-A-climbable-rock-step-cluster-smart-700.glb,processed/M003-A-climbable-rock-step-cluster-clean-v1.glb,"the authored natural silhouette, its few major masses, real openings, ledges, and construction-scale fracture or growth planes; for this row, specifically the broad three-step climb","exact terrain hole, elevation authority, walkability, collision, cover, materials, mineral color, moisture, decals, contents, light, and procedural embedding","tiny stones, gravel, roots, crystals, supports, water, decals, and any exact terrain interface that is cheaper or safer procedurally",the silhouette must beat routine procedural placement; real openings remain open; no accidental stairs or noisy micro-fracture,"Create exactly one low-poly medieval-fantasy climbable rock-step cluster donor for Genesis. Variant: broad three-step climb. Functional purpose: Natural footholds that can become a short alternate access route when aligned to the 2.5-foot height ladder. Match the supplied reference image exactly and preserve the authored natural silhouette, its few major masses, real openings, ledges, and construction-scale fracture or growth planes; for this row, specifically the broad three-step climb. Use a few large deliberate construction-aligned planes, strong silhouette, thick mechanically legible parts, broad material regions, and honest open space. Do not add scenery, a floor base, characters, unrelated props, micro-clutter, text, labels, baked directional light, or any engine-owned feature: exact terrain hole, elevation authority, walkability, collision, cover, materials, mineral color, moisture, decals, contents, light, and procedural embedding. Exactly one coherent object or intentionally fused cluster."
30,A3,queued,M004-A,M004,A,natural,Embedded retaining transition,wall-entering bedrock shoulder,"Rock mass that visually reconciles a procedural wall, terrace, road shoulder, or foundation with natural terrain.",800,reference-images/M004-A-embedded-retaining-transition-v1.png,incoming/M004-A-embedded-retaining-transition-smart-800.glb,processed/M004-A-embedded-retaining-transition-clean-v1.glb,"the authored natural silhouette, its few major masses, real openings, ledges, and construction-scale fracture or growth planes; for this row, specifically the wall-entering bedrock shoulder","exact terrain hole, elevation authority, walkability, collision, cover, materials, mineral color, moisture, decals, contents, light, and procedural embedding","tiny stones, gravel, roots, crystals, supports, water, decals, and any exact terrain interface that is cheaper or safer procedurally",the silhouette must beat routine procedural placement; real openings remain open; no accidental stairs or noisy micro-fracture,"Create exactly one low-poly medieval-fantasy embedded retaining transition donor for Genesis. Variant: wall-entering bedrock shoulder. Functional purpose: Rock mass that visually reconciles a procedural wall, terrace, road shoulder, or foundation with natural terrain. Match the supplied reference image exactly and preserve the authored natural silhouette, its few major masses, real openings, ledges, and construction-scale fracture or growth planes; for this row, specifically the wall-entering bedrock shoulder. Use a few large deliberate construction-aligned planes, strong silhouette, thick mechanically legible parts, broad material regions, and honest open space. Do not add scenery, a floor base, characters, unrelated props, micro-clutter, text, labels, baked directional light, or any engine-owned feature: exact terrain hole, elevation authority, walkability, collision, cover, materials, mineral color, moisture, decals, contents, light, and procedural embedding. Exactly one coherent object or intentionally fused cluster."
30,A3,queued,M006-A,M006,A,natural,Narrow cave squeeze,vertical fissure,"Compressed portal that communicates single-file passage, risk, and concealment.",900,reference-images/M006-A-narrow-cave-squeeze-v1.png,incoming/M006-A-narrow-cave-squeeze-smart-900.glb,processed/M006-A-narrow-cave-squeeze-clean-v1.glb,"the authored natural silhouette, its few major masses, real openings, ledges, and construction-scale fracture or growth planes; for this row, specifically the vertical fissure","exact terrain hole, elevation authority, walkability, collision, cover, materials, mineral color, moisture, decals, contents, light, and procedural embedding","tiny stones, gravel, roots, crystals, supports, water, decals, and any exact terrain interface that is cheaper or safer procedurally",the silhouette must beat routine procedural placement; real openings remain open; no accidental stairs or noisy micro-fracture,"Create exactly one low-poly medieval-fantasy narrow cave squeeze donor for Genesis. Variant: vertical fissure. Functional purpose: Compressed portal that communicates single-file passage, risk, and concealment. Match the supplied reference image exactly and preserve the authored natural silhouette, its few major masses, real openings, ledges, and construction-scale fracture or growth planes; for this row, specifically the vertical fissure. Use a few large deliberate construction-aligned planes, strong silhouette, thick mechanically legible parts, broad material regions, and honest open space. Do not add scenery, a floor base, characters, unrelated props, micro-clutter, text, labels, baked directional light, or any engine-owned feature: exact terrain hole, elevation authority, walkability, collision, cover, materials, mineral color, moisture, decals, contents, light, and procedural embedding. Exactly one coherent object or intentionally fused cluster."
30,A3,queued,M007-A,M007,A,natural,Tunnel throat and rib mass,stone rib throat,Short organic transition from an entrance into an interior bore without requiring a full generated cave.,1000,reference-images/M007-A-tunnel-throat-and-rib-mass-v1.png,incoming/M007-A-tunnel-throat-and-rib-mass-smart-1000.glb,processed/M007-A-tunnel-throat-and-rib-mass-clean-v1.glb,"the authored natural silhouette, its few major masses, real openings, ledges, and construction-scale fracture or growth planes; for this row, specifically the stone rib throat","exact terrain hole, elevation authority, walkability, collision, cover, materials, mineral color, moisture, decals, contents, light, and procedural embedding","tiny stones, gravel, roots, crystals, supports, water, decals, and any exact terrain interface that is cheaper or safer procedurally",the silhouette must beat routine procedural placement; real openings remain open; no accidental stairs or noisy micro-fracture,"Create exactly one low-poly medieval-fantasy tunnel throat and rib mass donor for Genesis. Variant: stone rib throat. Functional purpose: Short organic transition from an entrance into an interior bore without requiring a full generated cave. Match the supplied reference image exactly and preserve the authored natural silhouette, its few major masses, real openings, ledges, and construction-scale fracture or growth planes; for this row, specifically the stone rib throat. Use a few large deliberate construction-aligned planes, strong silhouette, thick mechanically legible parts, broad material regions, and honest open space. Do not add scenery, a floor base, characters, unrelated props, micro-clutter, text, labels, baked directional light, or any engine-owned feature: exact terrain hole, elevation authority, walkability, collision, cover, materials, mineral color, moisture, decals, contents, light, and procedural embedding. Exactly one coherent object or intentionally fused cluster."
30,A3,queued,M008-A,M008,A,natural,Interior ledge and shelf,broad walkable shelf,"Natural raised surface suitable for cover, nest placement, treasure, an authority position, or an alternate route.",800,reference-images/M008-A-interior-ledge-and-shelf-v1.png,incoming/M008-A-interior-ledge-and-shelf-smart-800.glb,processed/M008-A-interior-ledge-and-shelf-clean-v1.glb,"the authored natural silhouette, its few major masses, real openings, ledges, and construction-scale fracture or growth planes; for this row, specifically the broad walkable shelf","exact terrain hole, elevation authority, walkability, collision, cover, materials, mineral color, moisture, decals, contents, light, and procedural embedding","tiny stones, gravel, roots, crystals, supports, water, decals, and any exact terrain interface that is cheaper or safer procedurally",the silhouette must beat routine procedural placement; real openings remain open; no accidental stairs or noisy micro-fracture,"Create exactly one low-poly medieval-fantasy interior ledge and shelf donor for Genesis. Variant: broad walkable shelf. Functional purpose: Natural raised surface suitable for cover, nest placement, treasure, an authority position, or an alternate route. Match the supplied reference image exactly and preserve the authored natural silhouette, its few major masses, real openings, ledges, and construction-scale fracture or growth planes; for this row, specifically the broad walkable shelf. Use a few large deliberate construction-aligned planes, strong silhouette, thick mechanically legible parts, broad material regions, and honest open space. Do not add scenery, a floor base, characters, unrelated props, micro-clutter, text, labels, baked directional light, or any engine-owned feature: exact terrain hole, elevation authority, walkability, collision, cover, materials, mineral color, moisture, decals, contents, light, and procedural embedding. Exactly one coherent object or intentionally fused cluster."
30,A3,queued,M009-A,M009,A,natural,Collapse cone and talus ramp,climbable rubble cone,"Debris mass that can be collision-climbable, difficult terrain, blocked terrain, or a source-facing failure trace.",800,reference-images/M009-A-collapse-cone-and-talus-ramp-v1.png,incoming/M009-A-collapse-cone-and-talus-ramp-smart-800.glb,processed/M009-A-collapse-cone-and-talus-ramp-clean-v1.glb,"the authored natural silhouette, its few major masses, real openings, ledges, and construction-scale fracture or growth planes; for this row, specifically the climbable rubble cone","exact terrain hole, elevation authority, walkability, collision, cover, materials, mineral color, moisture, decals, contents, light, and procedural embedding","tiny stones, gravel, roots, crystals, supports, water, decals, and any exact terrain interface that is cheaper or safer procedurally",the silhouette must beat routine procedural placement; real openings remain open; no accidental stairs or noisy micro-fracture,"Create exactly one low-poly medieval-fantasy collapse cone and talus ramp donor for Genesis. Variant: climbable rubble cone. Functional purpose: Debris mass that can be collision-climbable, difficult terrain, blocked terrain, or a source-facing failure trace. Match the supplied reference image exactly and preserve the authored natural silhouette, its few major masses, real openings, ledges, and construction-scale fracture or growth planes; for this row, specifically the climbable rubble cone. Use a few large deliberate construction-aligned planes, strong silhouette, thick mechanically legible parts, broad material regions, and honest open space. Do not add scenery, a floor base, characters, unrelated props, micro-clutter, text, labels, baked directional light, or any engine-owned feature: exact terrain hole, elevation authority, walkability, collision, cover, materials, mineral color, moisture, decals, contents, light, and procedural embedding. Exactly one coherent object or intentionally fused cluster."
30,A3,queued,M010-A,M010,A,natural,Dripstone cluster,low clustered forms,Stalagmites and fused columns that create readable natural cover without tiny spikes.,700,reference-images/M010-A-dripstone-cluster-v1.png,incoming/M010-A-dripstone-cluster-smart-700.glb,processed/M010-A-dripstone-cluster-clean-v1.glb,"the authored natural silhouette, its few major masses, real openings, ledges, and construction-scale fracture or growth planes; for this row, specifically the low clustered forms","exact terrain hole, elevation authority, walkability, collision, cover, materials, mineral color, moisture, decals, contents, light, and procedural embedding","tiny stones, gravel, roots, crystals, supports, water, decals, and any exact terrain interface that is cheaper or safer procedurally",the silhouette must beat routine procedural placement; real openings remain open; no accidental stairs or noisy micro-fracture,"Create exactly one low-poly medieval-fantasy dripstone cluster donor for Genesis. Variant: low clustered forms. Functional purpose: Stalagmites and fused columns that create readable natural cover without tiny spikes. Match the supplied reference image exactly and preserve the authored natural silhouette, its few major masses, real openings, ledges, and construction-scale fracture or growth planes; for this row, specifically the low clustered forms. Use a few large deliberate construction-aligned planes, strong silhouette, thick mechanically legible parts, broad material regions, and honest open space. Do not add scenery, a floor base, characters, unrelated props, micro-clutter, text, labels, baked directional light, or any engine-owned feature: exact terrain hole, elevation authority, walkability, collision, cover, materials, mineral color, moisture, decals, contents, light, and procedural embedding. Exactly one coherent object or intentionally fused cluster."
30,A3,regeneration-required,M011-A,M011,A,natural,Root arch and burrow mouth,broad root arch,Large interlocked roots that create a creature-authored or tree-owned entrance.,900,reference-images/M011-A-root-arch-and-burrow-mouth-v1.png,incoming/M011-A-root-arch-and-burrow-mouth-smart-900.glb,processed/M011-A-root-arch-and-burrow-mouth-clean-v1.glb,"the authored natural silhouette, its few major masses, real openings, ledges, and construction-scale fracture or growth planes; for this row, specifically the broad root arch","exact terrain hole, elevation authority, walkability, collision, cover, materials, mineral color, moisture, decals, contents, light, and procedural embedding","tiny stones, gravel, roots, crystals, supports, water, decals, and any exact terrain interface that is cheaper or safer procedurally",the silhouette must beat routine procedural placement; real openings remain open; no accidental stairs or noisy micro-fracture,"Create exactly one low-poly medieval-fantasy root arch and burrow mouth donor for Genesis. Variant: broad root arch. Functional purpose: Large interlocked roots that create a creature-authored or tree-owned entrance. Match the supplied reference image exactly and preserve the authored natural silhouette, its few major masses, real openings, ledges, and construction-scale fracture or growth planes; for this row, specifically the broad root arch. Use a few large deliberate construction-aligned planes, strong silhouette, thick mechanically legible parts, broad material regions, and honest open space. Do not add scenery, a floor base, characters, unrelated props, micro-clutter, text, labels, baked directional light, or any engine-owned feature: exact terrain hole, elevation authority, walkability, collision, cover, materials, mineral color, moisture, decals, contents, light, and procedural embedding. Exactly one coherent object or intentionally fused cluster."
30,A3,queued,M012-A,M012,A,natural,Root tunnel rib cluster,parallel root ribs,"Repeating large roots that explain a burrow interior, organic cover, or the sides of a body-authored route.",900,reference-images/M012-A-root-tunnel-rib-cluster-v1.png,incoming/M012-A-root-tunnel-rib-cluster-smart-900.glb,processed/M012-A-root-tunnel-rib-cluster-clean-v1.glb,"the authored natural silhouette, its few major masses, real openings, ledges, and construction-scale fracture or growth planes; for this row, specifically the parallel root ribs","exact terrain hole, elevation authority, walkability, collision, cover, materials, mineral color, moisture, decals, contents, light, and procedural embedding","tiny stones, gravel, roots, crystals, supports, water, decals, and any exact terrain interface that is cheaper or safer procedurally",the silhouette must beat routine procedural placement; real openings remain open; no accidental stairs or noisy micro-fracture,"Create exactly one low-poly medieval-fantasy root tunnel rib cluster donor for Genesis. Variant: parallel root ribs. Functional purpose: Repeating large roots that explain a burrow interior, organic cover, or the sides of a body-authored route. Match the supplied reference image exactly and preserve the authored natural silhouette, its few major masses, real openings, ledges, and construction-scale fracture or growth planes; for this row, specifically the parallel root ribs. Use a few large deliberate construction-aligned planes, strong silhouette, thick mechanically legible parts, broad material regions, and honest open space. Do not add scenery, a floor base, characters, unrelated props, micro-clutter, text, labels, baked directional light, or any engine-owned feature: exact terrain hole, elevation authority, walkability, collision, cover, materials, mineral color, moisture, decals, contents, light, and procedural embedding. Exactly one coherent object or intentionally fused cluster."
30,A3,queued,M013-A,M013,A,natural,Sinkhole or shaft rim,round eroded rim,Natural or partly worked perimeter that turns an engine-owned hole into a convincing hazardous opening.,800,reference-images/M013-A-sinkhole-or-shaft-rim-v1.png,incoming/M013-A-sinkhole-or-shaft-rim-smart-800.glb,processed/M013-A-sinkhole-or-shaft-rim-clean-v1.glb,"the authored natural silhouette, its few major masses, real openings, ledges, and construction-scale fracture or growth planes; for this row, specifically the round eroded rim","exact terrain hole, elevation authority, walkability, collision, cover, materials, mineral color, moisture, decals, contents, light, and procedural embedding","tiny stones, gravel, roots, crystals, supports, water, decals, and any exact terrain interface that is cheaper or safer procedurally",the silhouette must beat routine procedural placement; real openings remain open; no accidental stairs or noisy micro-fracture,"Create exactly one low-poly medieval-fantasy sinkhole or shaft rim donor for Genesis. Variant: round eroded rim. Functional purpose: Natural or partly worked perimeter that turns an engine-owned hole into a convincing hazardous opening. Match the supplied reference image exactly and preserve the authored natural silhouette, its few major masses, real openings, ledges, and construction-scale fracture or growth planes; for this row, specifically the round eroded rim. Use a few large deliberate construction-aligned planes, strong silhouette, thick mechanically legible parts, broad material regions, and honest open space. Do not add scenery, a floor base, characters, unrelated props, micro-clutter, text, labels, baked directional light, or any engine-owned feature: exact terrain hole, elevation authority, walkability, collision, cover, materials, mineral color, moisture, decals, contents, light, and procedural embedding. Exactly one coherent object or intentionally fused cluster."
30,A3,queued,M014-A,M014,A,natural,Pool and channel rock rim,shallow pool rim,"Reusable rock edge for springs, cave pools, mine sumps, drains, and water-owned route boundaries.",800,reference-images/M014-A-pool-and-channel-rock-rim-v1.png,incoming/M014-A-pool-and-channel-rock-rim-smart-800.glb,processed/M014-A-pool-and-channel-rock-rim-clean-v1.glb,"the authored natural silhouette, its few major masses, real openings, ledges, and construction-scale fracture or growth planes; for this row, specifically the shallow pool rim","exact terrain hole, elevation authority, walkability, collision, cover, materials, mineral color, moisture, decals, contents, light, and procedural embedding","tiny stones, gravel, roots, crystals, supports, water, decals, and any exact terrain interface that is cheaper or safer procedurally",the silhouette must beat routine procedural placement; real openings remain open; no accidental stairs or noisy micro-fracture,"Create exactly one low-poly medieval-fantasy pool and channel rock rim donor for Genesis. Variant: shallow pool rim. Functional purpose: Reusable rock edge for springs, cave pools, mine sumps, drains, and water-owned route boundaries. Match the supplied reference image exactly and preserve the authored natural silhouette, its few major masses, real openings, ledges, and construction-scale fracture or growth planes; for this row, specifically the shallow pool rim. Use a few large deliberate construction-aligned planes, strong silhouette, thick mechanically legible parts, broad material regions, and honest open space. Do not add scenery, a floor base, characters, unrelated props, micro-clutter, text, labels, baked directional light, or any engine-owned feature: exact terrain hole, elevation authority, walkability, collision, cover, materials, mineral color, moisture, decals, contents, light, and procedural embedding. Exactly one coherent object or intentionally fused cluster."
30,A3,queued,M015-A,M015,A,natural,Ore-seam outcrop,horizontal banded seam,Rock face with broad readable mineral bands that can be recolored without changing geometry.,700,reference-images/M015-A-ore-seam-outcrop-v1.png,incoming/M015-A-ore-seam-outcrop-smart-700.glb,processed/M015-A-ore-seam-outcrop-clean-v1.glb,"the authored natural silhouette, its few major masses, real openings, ledges, and construction-scale fracture or growth planes; for this row, specifically the horizontal banded seam","exact terrain hole, elevation authority, walkability, collision, cover, materials, mineral color, moisture, decals, contents, light, and procedural embedding","tiny stones, gravel, roots, crystals, supports, water, decals, and any exact terrain interface that is cheaper or safer procedurally",the silhouette must beat routine procedural placement; real openings remain open; no accidental stairs or noisy micro-fracture,"Create exactly one low-poly medieval-fantasy ore-seam outcrop donor for Genesis. Variant: horizontal banded seam. Functional purpose: Rock face with broad readable mineral bands that can be recolored without changing geometry. Match the supplied reference image exactly and preserve the authored natural silhouette, its few major masses, real openings, ledges, and construction-scale fracture or growth planes; for this row, specifically the horizontal banded seam. Use a few large deliberate construction-aligned planes, strong silhouette, thick mechanically legible parts, broad material regions, and honest open space. Do not add scenery, a floor base, characters, unrelated props, micro-clutter, text, labels, baked directional light, or any engine-owned feature: exact terrain hole, elevation authority, walkability, collision, cover, materials, mineral color, moisture, decals, contents, light, and procedural embedding. Exactly one coherent object or intentionally fused cluster."
30,A3,queued,M016-A,M016,A,natural,Spoil and tailings pile,coarse spoil mound,"Human-made aggregate mass for mine, construction, siege, urban recovery, and abandoned-site histories.",700,reference-images/M016-A-spoil-and-tailings-pile-v1.png,incoming/M016-A-spoil-and-tailings-pile-smart-700.glb,processed/M016-A-spoil-and-tailings-pile-clean-v1.glb,"the authored natural silhouette, its few major masses, real openings, ledges, and construction-scale fracture or growth planes; for this row, specifically the coarse spoil mound","exact terrain hole, elevation authority, walkability, collision, cover, materials, mineral color, moisture, decals, contents, light, and procedural embedding","tiny stones, gravel, roots, crystals, supports, water, decals, and any exact terrain interface that is cheaper or safer procedurally",the silhouette must beat routine procedural placement; real openings remain open; no accidental stairs or noisy micro-fracture,"Create exactly one low-poly medieval-fantasy spoil and tailings pile donor for Genesis. Variant: coarse spoil mound. Functional purpose: Human-made aggregate mass for mine, construction, siege, urban recovery, and abandoned-site histories. Match the supplied reference image exactly and preserve the authored natural silhouette, its few major masses, real openings, ledges, and construction-scale fracture or growth planes; for this row, specifically the coarse spoil mound. Use a few large deliberate construction-aligned planes, strong silhouette, thick mechanically legible parts, broad material regions, and honest open space. Do not add scenery, a floor base, characters, unrelated props, micro-clutter, text, labels, baked directional light, or any engine-owned feature: exact terrain hole, elevation authority, walkability, collision, cover, materials, mineral color, moisture, decals, contents, light, and procedural embedding. Exactly one coherent object or intentionally fused cluster."
30,A3,queued,M017-A,M017,A,natural,Crystal or strange-mineral growth,low clustered growth,Restrained cool-light candidate that reads as geology first and magic second.,800,reference-images/M017-A-crystal-or-strange-mineral-growth-v1.png,incoming/M017-A-crystal-or-strange-mineral-growth-smart-800.glb,processed/M017-A-crystal-or-strange-mineral-growth-clean-v1.glb,"the authored natural silhouette, its few major masses, real openings, ledges, and construction-scale fracture or growth planes; for this row, specifically the low clustered growth","exact terrain hole, elevation authority, walkability, collision, cover, materials, mineral color, moisture, decals, contents, light, and procedural embedding","tiny stones, gravel, roots, crystals, supports, water, decals, and any exact terrain interface that is cheaper or safer procedurally",the silhouette must beat routine procedural placement; real openings remain open; no accidental stairs or noisy micro-fracture,"Create exactly one low-poly medieval-fantasy crystal or strange-mineral growth donor for Genesis. Variant: low clustered growth. Functional purpose: Restrained cool-light candidate that reads as geology first and magic second. Match the supplied reference image exactly and preserve the authored natural silhouette, its few major masses, real openings, ledges, and construction-scale fracture or growth planes; for this row, specifically the low clustered growth. Use a few large deliberate construction-aligned planes, strong silhouette, thick mechanically legible parts, broad material regions, and honest open space. Do not add scenery, a floor base, characters, unrelated props, micro-clutter, text, labels, baked directional light, or any engine-owned feature: exact terrain hole, elevation authority, walkability, collision, cover, materials, mineral color, moisture, decals, contents, light, and procedural embedding. Exactly one coherent object or intentionally fused cluster."
30,A3,queued,M018-A,M018,A,natural,Nest and larder substrate,woven dry nest,"Volumetric organic bed that can accept bones, eggs, hides, food, treasure, or creature traces as separate attachments.",800,reference-images/M018-A-nest-and-larder-substrate-v1.png,incoming/M018-A-nest-and-larder-substrate-smart-800.glb,processed/M018-A-nest-and-larder-substrate-clean-v1.glb,"the authored natural silhouette, its few major masses, real openings, ledges, and construction-scale fracture or growth planes; for this row, specifically the woven dry nest","exact terrain hole, elevation authority, walkability, collision, cover, materials, mineral color, moisture, decals, contents, light, and procedural embedding","tiny stones, gravel, roots, crystals, supports, water, decals, and any exact terrain interface that is cheaper or safer procedurally",the silhouette must beat routine procedural placement; real openings remain open; no accidental stairs or noisy micro-fracture,"Create exactly one low-poly medieval-fantasy nest and larder substrate donor for Genesis. Variant: woven dry nest. Functional purpose: Volumetric organic bed that can accept bones, eggs, hides, food, treasure, or creature traces as separate attachments. Match the supplied reference image exactly and preserve the authored natural silhouette, its few major masses, real openings, ledges, and construction-scale fracture or growth planes; for this row, specifically the woven dry nest. Use a few large deliberate construction-aligned planes, strong silhouette, thick mechanically legible parts, broad material regions, and honest open space. Do not add scenery, a floor base, characters, unrelated props, micro-clutter, text, labels, baked directional light, or any engine-owned feature: exact terrain hole, elevation authority, walkability, collision, cover, materials, mineral color, moisture, decals, contents, light, and procedural embedding. Exactly one coherent object or intentionally fused cluster."
40,A4,queued,M036-A,M036,A,shelter,Wedge military tent,low two-person wedge,Compact disciplined shelter with steep sides and a small tactical footprint.,700,reference-images/M036-A-wedge-military-tent-v1.png,incoming/M036-A-wedge-military-tent-smart-700.glb,processed/M036-A-wedge-military-tent-clean-v1.glb,"the primary shelter silhouette, broad cloth or service masses, large supports, threshold, and genuinely useful removable treatment; for this row, specifically the low two-person wedge","exact tactical footprint, collision, stakes, guy lines, sockets, materials, cultural markings, furniture, contents, light, and state","simple poles, stakes, ropes, fasteners, floor panels, and other standardized supports",broad planes survive without dense wrinkles; thresholds remain real; no floor or platform appears unless the row explicitly requires one,"Create exactly one low-poly medieval-fantasy wedge military tent donor for Genesis. Variant: low two-person wedge. Functional purpose: Compact disciplined shelter with steep sides and a small tactical footprint. Match the supplied reference image exactly and preserve the primary shelter silhouette, broad cloth or service masses, large supports, threshold, and genuinely useful removable treatment; for this row, specifically the low two-person wedge. Use a few large deliberate construction-aligned planes, strong silhouette, thick mechanically legible parts, broad material regions, and honest open space. Do not add scenery, a floor base, characters, unrelated props, micro-clutter, text, labels, baked directional light, or any engine-owned feature: exact tactical footprint, collision, stakes, guy lines, sockets, materials, cultural markings, furniture, contents, light, and state. Exactly one coherent object or intentionally fused cluster."
40,A4,queued,M037-A,M037,A,shelter,Dome or bender shelter,low woven dome,"Curved pole-and-cloth form for woodland, migratory, or family construction languages.",900,reference-images/M037-A-dome-or-bender-shelter-v1.png,incoming/M037-A-dome-or-bender-shelter-smart-900.glb,processed/M037-A-dome-or-bender-shelter-clean-v1.glb,"the primary shelter silhouette, broad cloth or service masses, large supports, threshold, and genuinely useful removable treatment; for this row, specifically the low woven dome","exact tactical footprint, collision, stakes, guy lines, sockets, materials, cultural markings, furniture, contents, light, and state","simple poles, stakes, ropes, fasteners, floor panels, and other standardized supports",broad planes survive without dense wrinkles; thresholds remain real; no floor or platform appears unless the row explicitly requires one,"Create exactly one low-poly medieval-fantasy dome or bender shelter donor for Genesis. Variant: low woven dome. Functional purpose: Curved pole-and-cloth form for woodland, migratory, or family construction languages. Match the supplied reference image exactly and preserve the primary shelter silhouette, broad cloth or service masses, large supports, threshold, and genuinely useful removable treatment; for this row, specifically the low woven dome. Use a few large deliberate construction-aligned planes, strong silhouette, thick mechanically legible parts, broad material regions, and honest open space. Do not add scenery, a floor base, characters, unrelated props, micro-clutter, text, labels, baked directional light, or any engine-owned feature: exact tactical footprint, collision, stakes, guy lines, sockets, materials, cultural markings, furniture, contents, light, and state. Exactly one coherent object or intentionally fused cluster."
40,A4,queued,M038-A,M038,A,shelter,Long woven shade canopy,flat woven shade,Open-sided service or desert shelter defined by a strong fabric silhouette rather than enclosed walls.,900,reference-images/M038-A-long-woven-shade-canopy-v1.png,incoming/M038-A-long-woven-shade-canopy-smart-900.glb,processed/M038-A-long-woven-shade-canopy-clean-v1.glb,"the primary shelter silhouette, broad cloth or service masses, large supports, threshold, and genuinely useful removable treatment; for this row, specifically the flat woven shade","exact tactical footprint, collision, stakes, guy lines, sockets, materials, cultural markings, furniture, contents, light, and state","simple poles, stakes, ropes, fasteners, floor panels, and other standardized supports",broad planes survive without dense wrinkles; thresholds remain real; no floor or platform appears unless the row explicitly requires one,"Create exactly one low-poly medieval-fantasy long woven shade canopy donor for Genesis. Variant: flat woven shade. Functional purpose: Open-sided service or desert shelter defined by a strong fabric silhouette rather than enclosed walls. Match the supplied reference image exactly and preserve the primary shelter silhouette, broad cloth or service masses, large supports, threshold, and genuinely useful removable treatment; for this row, specifically the flat woven shade. Use a few large deliberate construction-aligned planes, strong silhouette, thick mechanically legible parts, broad material regions, and honest open space. Do not add scenery, a floor base, characters, unrelated props, micro-clutter, text, labels, baked directional light, or any engine-owned feature: exact tactical footprint, collision, stakes, guy lines, sockets, materials, cultural markings, furniture, contents, light, and state. Exactly one coherent object or intentionally fused cluster."
40,A4,queued,M039-A,M039,A,shelter,Lean-to service shelter,single-slope timber lean-to,"Small open work cover for tools, guards, animals, cooking, repairs, or mine support.",900,reference-images/M039-A-lean-to-service-shelter-v1.png,incoming/M039-A-lean-to-service-shelter-smart-900.glb,processed/M039-A-lean-to-service-shelter-clean-v1.glb,"the primary shelter silhouette, broad cloth or service masses, large supports, threshold, and genuinely useful removable treatment; for this row, specifically the single-slope timber lean-to","exact tactical footprint, collision, stakes, guy lines, sockets, materials, cultural markings, furniture, contents, light, and state","simple poles, stakes, ropes, fasteners, floor panels, and other standardized supports",broad planes survive without dense wrinkles; thresholds remain real; no floor or platform appears unless the row explicitly requires one,"Create exactly one low-poly medieval-fantasy lean-to service shelter donor for Genesis. Variant: single-slope timber lean-to. Functional purpose: Small open work cover for tools, guards, animals, cooking, repairs, or mine support. Match the supplied reference image exactly and preserve the primary shelter silhouette, broad cloth or service masses, large supports, threshold, and genuinely useful removable treatment; for this row, specifically the single-slope timber lean-to. Use a few large deliberate construction-aligned planes, strong silhouette, thick mechanically legible parts, broad material regions, and honest open space. Do not add scenery, a floor base, characters, unrelated props, micro-clutter, text, labels, baked directional light, or any engine-owned feature: exact tactical footprint, collision, stakes, guy lines, sockets, materials, cultural markings, furniture, contents, light, and state. Exactly one coherent object or intentionally fused cluster."
40,A4,queued,M040-A,M040,A,shelter,Removable wagon canopy module,low merchant canopy,Hoops and cloth that mount to M019 without rebuilding the chassis.,800,reference-images/M040-A-removable-wagon-canopy-module-v1.png,incoming/M040-A-removable-wagon-canopy-module-smart-800.glb,processed/M040-A-removable-wagon-canopy-module-clean-v1.glb,"the primary shelter silhouette, broad cloth or service masses, large supports, threshold, and genuinely useful removable treatment; for this row, specifically the low merchant canopy","exact tactical footprint, collision, stakes, guy lines, sockets, materials, cultural markings, furniture, contents, light, and state","simple poles, stakes, ropes, fasteners, floor panels, and other standardized supports",broad planes survive without dense wrinkles; thresholds remain real; no floor or platform appears unless the row explicitly requires one,"Create exactly one low-poly medieval-fantasy removable wagon canopy module donor for Genesis. Variant: low merchant canopy. Functional purpose: Hoops and cloth that mount to M019 without rebuilding the chassis. Match the supplied reference image exactly and preserve the primary shelter silhouette, broad cloth or service masses, large supports, threshold, and genuinely useful removable treatment; for this row, specifically the low merchant canopy. Use a few large deliberate construction-aligned planes, strong silhouette, thick mechanically legible parts, broad material regions, and honest open space. Do not add scenery, a floor base, characters, unrelated props, micro-clutter, text, labels, baked directional light, or any engine-owned feature: exact tactical footprint, collision, stakes, guy lines, sockets, materials, cultural markings, furniture, contents, light, and state. Exactly one coherent object or intentionally fused cluster."
40,A4,queued,M041-A,M041,A,shelter,Field kitchen and cook shelter,household cook station,"Compact hearth, suspended vessel support, work ledge, and optional light socket.",1200,reference-images/M041-A-field-kitchen-and-cook-shelter-v1.png,incoming/M041-A-field-kitchen-and-cook-shelter-smart-1200.glb,processed/M041-A-field-kitchen-and-cook-shelter-clean-v1.glb,"the primary shelter silhouette, broad cloth or service masses, large supports, threshold, and genuinely useful removable treatment; for this row, specifically the household cook station","exact tactical footprint, collision, stakes, guy lines, sockets, materials, cultural markings, furniture, contents, light, and state","simple poles, stakes, ropes, fasteners, floor panels, and other standardized supports",broad planes survive without dense wrinkles; thresholds remain real; no floor or platform appears unless the row explicitly requires one,"Create exactly one low-poly medieval-fantasy field kitchen and cook shelter donor for Genesis. Variant: household cook station. Functional purpose: Compact hearth, suspended vessel support, work ledge, and optional light socket. Match the supplied reference image exactly and preserve the primary shelter silhouette, broad cloth or service masses, large supports, threshold, and genuinely useful removable treatment; for this row, specifically the household cook station. Use a few large deliberate construction-aligned planes, strong silhouette, thick mechanically legible parts, broad material regions, and honest open space. Do not add scenery, a floor base, characters, unrelated props, micro-clutter, text, labels, baked directional light, or any engine-owned feature: exact tactical footprint, collision, stakes, guy lines, sockets, materials, cultural markings, furniture, contents, light, and state. Exactly one coherent object or intentionally fused cluster."
40,A4,queued,M042-A,M042,A,shelter,"Trough, feeder, and water stand",long timber trough,"Stable service fixture for animals, camps, markets, workshops, and streets.",700,reference-images/M042-A-trough-feeder-and-water-stand-v1.png,incoming/M042-A-trough-feeder-and-water-stand-smart-700.glb,processed/M042-A-trough-feeder-and-water-stand-clean-v1.glb,"the primary shelter silhouette, broad cloth or service masses, large supports, threshold, and genuinely useful removable treatment; for this row, specifically the long timber trough","exact tactical footprint, collision, stakes, guy lines, sockets, materials, cultural markings, furniture, contents, light, and state","simple poles, stakes, ropes, fasteners, floor panels, and other standardized supports",broad planes survive without dense wrinkles; thresholds remain real; no floor or platform appears unless the row explicitly requires one,"Create exactly one low-poly medieval-fantasy trough, feeder, and water stand donor for Genesis. Variant: long timber trough. Functional purpose: Stable service fixture for animals, camps, markets, workshops, and streets. Match the supplied reference image exactly and preserve the primary shelter silhouette, broad cloth or service masses, large supports, threshold, and genuinely useful removable treatment; for this row, specifically the long timber trough. Use a few large deliberate construction-aligned planes, strong silhouette, thick mechanically legible parts, broad material regions, and honest open space. Do not add scenery, a floor base, characters, unrelated props, micro-clutter, text, labels, baked directional light, or any engine-owned feature: exact tactical footprint, collision, stakes, guy lines, sockets, materials, cultural markings, furniture, contents, light, and state. Exactly one coherent object or intentionally fused cluster."
40,A4,queued,M043-A,M043,A,shelter,Wash and water-service station,barrel-fed wash stand,"Raised vessel, drain surface, stand, and work shelf for mundane camp and institutional life.",900,reference-images/M043-A-wash-and-water-service-station-v1.png,incoming/M043-A-wash-and-water-service-station-smart-900.glb,processed/M043-A-wash-and-water-service-station-clean-v1.glb,"the primary shelter silhouette, broad cloth or service masses, large supports, threshold, and genuinely useful removable treatment; for this row, specifically the barrel-fed wash stand","exact tactical footprint, collision, stakes, guy lines, sockets, materials, cultural markings, furniture, contents, light, and state","simple poles, stakes, ropes, fasteners, floor panels, and other standardized supports",broad planes survive without dense wrinkles; thresholds remain real; no floor or platform appears unless the row explicitly requires one,"Create exactly one low-poly medieval-fantasy wash and water-service station donor for Genesis. Variant: barrel-fed wash stand. Functional purpose: Raised vessel, drain surface, stand, and work shelf for mundane camp and institutional life. Match the supplied reference image exactly and preserve the primary shelter silhouette, broad cloth or service masses, large supports, threshold, and genuinely useful removable treatment; for this row, specifically the barrel-fed wash stand. Use a few large deliberate construction-aligned planes, strong silhouette, thick mechanically legible parts, broad material regions, and honest open space. Do not add scenery, a floor base, characters, unrelated props, micro-clutter, text, labels, baked directional light, or any engine-owned feature: exact tactical footprint, collision, stakes, guy lines, sockets, materials, cultural markings, furniture, contents, light, and state. Exactly one coherent object or intentionally fused cluster."
50,A5,queued,M044-A,M044,A,civic,Wellhead with lifting gear,timber-roofed windlass,A complete but modular well fixture whose shaft opening remains engine-owned.,1400,reference-images/M044-A-wellhead-with-lifting-gear-v1.png,incoming/M044-A-wellhead-with-lifting-gear-smart-1400.glb,processed/M044-A-wellhead-with-lifting-gear-clean-v1.glb,"the civic or ritual landmark silhouette, major support volumes, real openings, and replaceable center or working components; for this row, specifically the timber-roofed windlass","water, posters, text, offerings, contents, sockets, collision, materials, authority marks, animation, and cultural state","liquid, paper, text, tiny offerings, fasteners, handles, cords, and standardized sockets",the object reads as an institution or working surface without modeled clutter; empty sockets and openings remain usable,"Create exactly one low-poly medieval-fantasy wellhead with lifting gear donor for Genesis. Variant: timber-roofed windlass. Functional purpose: A complete but modular well fixture whose shaft opening remains engine-owned. Match the supplied reference image exactly and preserve the civic or ritual landmark silhouette, major support volumes, real openings, and replaceable center or working components; for this row, specifically the timber-roofed windlass. Use a few large deliberate construction-aligned planes, strong silhouette, thick mechanically legible parts, broad material regions, and honest open space. Do not add scenery, a floor base, characters, unrelated props, micro-clutter, text, labels, baked directional light, or any engine-owned feature: water, posters, text, offerings, contents, sockets, collision, materials, authority marks, animation, and cultural state. Exactly one coherent object or intentionally fused cluster."
50,A5,queued,M045-A,M045,A,civic,Low public fountain basin,round stone basin,Walk-around civic center with a low cover rim and replaceable center fitting.,900,reference-images/M045-A-low-public-fountain-basin-v1.png,incoming/M045-A-low-public-fountain-basin-smart-900.glb,processed/M045-A-low-public-fountain-basin-clean-v1.glb,"the civic or ritual landmark silhouette, major support volumes, real openings, and replaceable center or working components; for this row, specifically the round stone basin","water, posters, text, offerings, contents, sockets, collision, materials, authority marks, animation, and cultural state","liquid, paper, text, tiny offerings, fasteners, handles, cords, and standardized sockets",the object reads as an institution or working surface without modeled clutter; empty sockets and openings remain usable,"Create exactly one low-poly medieval-fantasy low public fountain basin donor for Genesis. Variant: round stone basin. Functional purpose: Walk-around civic center with a low cover rim and replaceable center fitting. Match the supplied reference image exactly and preserve the civic or ritual landmark silhouette, major support volumes, real openings, and replaceable center or working components; for this row, specifically the round stone basin. Use a few large deliberate construction-aligned planes, strong silhouette, thick mechanically legible parts, broad material regions, and honest open space. Do not add scenery, a floor base, characters, unrelated props, micro-clutter, text, labels, baked directional light, or any engine-owned feature: water, posters, text, offerings, contents, sockets, collision, materials, authority marks, animation, and cultural state. Exactly one coherent object or intentionally fused cluster."
50,A5,queued,M046-A,M046,A,civic,Raised ceremonial fountain,stacked-bowl fountain,More formal authority landmark with a readable upper bowl or water source.,1200,reference-images/M046-A-raised-ceremonial-fountain-v1.png,incoming/M046-A-raised-ceremonial-fountain-smart-1200.glb,processed/M046-A-raised-ceremonial-fountain-clean-v1.glb,"the civic or ritual landmark silhouette, major support volumes, real openings, and replaceable center or working components; for this row, specifically the stacked-bowl fountain","water, posters, text, offerings, contents, sockets, collision, materials, authority marks, animation, and cultural state","liquid, paper, text, tiny offerings, fasteners, handles, cords, and standardized sockets",the object reads as an institution or working surface without modeled clutter; empty sockets and openings remain usable,"Create exactly one low-poly medieval-fantasy raised ceremonial fountain donor for Genesis. Variant: stacked-bowl fountain. Functional purpose: More formal authority landmark with a readable upper bowl or water source. Match the supplied reference image exactly and preserve the civic or ritual landmark silhouette, major support volumes, real openings, and replaceable center or working components; for this row, specifically the stacked-bowl fountain. Use a few large deliberate construction-aligned planes, strong silhouette, thick mechanically legible parts, broad material regions, and honest open space. Do not add scenery, a floor base, characters, unrelated props, micro-clutter, text, labels, baked directional light, or any engine-owned feature: water, posters, text, offerings, contents, sockets, collision, materials, authority marks, animation, and cultural state. Exactly one coherent object or intentionally fused cluster."
50,A5,queued,M048-A,M048,A,civic,Shutter-counter assembly,horizontal lift shutter,"Building-facing transaction fixture that can be open, closed, damaged, or barricaded.",900,reference-images/M048-A-shutter-counter-assembly-v1.png,incoming/M048-A-shutter-counter-assembly-smart-900.glb,processed/M048-A-shutter-counter-assembly-clean-v1.glb,"the civic or ritual landmark silhouette, major support volumes, real openings, and replaceable center or working components; for this row, specifically the horizontal lift shutter","water, posters, text, offerings, contents, sockets, collision, materials, authority marks, animation, and cultural state","liquid, paper, text, tiny offerings, fasteners, handles, cords, and standardized sockets",the object reads as an institution or working surface without modeled clutter; empty sockets and openings remain usable,"Create exactly one low-poly medieval-fantasy shutter-counter assembly donor for Genesis. Variant: horizontal lift shutter. Functional purpose: Building-facing transaction fixture that can be open, closed, damaged, or barricaded. Match the supplied reference image exactly and preserve the civic or ritual landmark silhouette, major support volumes, real openings, and replaceable center or working components; for this row, specifically the horizontal lift shutter. Use a few large deliberate construction-aligned planes, strong silhouette, thick mechanically legible parts, broad material regions, and honest open space. Do not add scenery, a floor base, characters, unrelated props, micro-clutter, text, labels, baked directional light, or any engine-owned feature: water, posters, text, offerings, contents, sockets, collision, materials, authority marks, animation, and cultural state. Exactly one coherent object or intentionally fused cluster."
50,A5,queued,M049-A,M049,A,civic,Public notice and signal board,roofed notice board,"Freestanding civic information surface accepting separate posters, laws, bounties, schedules, or warnings.",700,reference-images/M049-A-public-notice-and-signal-board-v1.png,incoming/M049-A-public-notice-and-signal-board-smart-700.glb,processed/M049-A-public-notice-and-signal-board-clean-v1.glb,"the civic or ritual landmark silhouette, major support volumes, real openings, and replaceable center or working components; for this row, specifically the roofed notice board","water, posters, text, offerings, contents, sockets, collision, materials, authority marks, animation, and cultural state","liquid, paper, text, tiny offerings, fasteners, handles, cords, and standardized sockets",the object reads as an institution or working surface without modeled clutter; empty sockets and openings remain usable,"Create exactly one low-poly medieval-fantasy public notice and signal board donor for Genesis. Variant: roofed notice board. Functional purpose: Freestanding civic information surface accepting separate posters, laws, bounties, schedules, or warnings. Match the supplied reference image exactly and preserve the civic or ritual landmark silhouette, major support volumes, real openings, and replaceable center or working components; for this row, specifically the roofed notice board. Use a few large deliberate construction-aligned planes, strong silhouette, thick mechanically legible parts, broad material regions, and honest open space. Do not add scenery, a floor base, characters, unrelated props, micro-clutter, text, labels, baked directional light, or any engine-owned feature: water, posters, text, offerings, contents, sockets, collision, materials, authority marks, animation, and cultural state. Exactly one coherent object or intentionally fused cluster."
50,A5,queued,M050-A,M050,A,civic,Shrine and reliquary plinth,low roadside shrine,"Volumetric sacred support accepting separate idol, relic, flame, crystal, offering, or faction object.",900,reference-images/M050-A-shrine-and-reliquary-plinth-v1.png,incoming/M050-A-shrine-and-reliquary-plinth-smart-900.glb,processed/M050-A-shrine-and-reliquary-plinth-clean-v1.glb,"the civic or ritual landmark silhouette, major support volumes, real openings, and replaceable center or working components; for this row, specifically the low roadside shrine","water, posters, text, offerings, contents, sockets, collision, materials, authority marks, animation, and cultural state","liquid, paper, text, tiny offerings, fasteners, handles, cords, and standardized sockets",the object reads as an institution or working surface without modeled clutter; empty sockets and openings remain usable,"Create exactly one low-poly medieval-fantasy shrine and reliquary plinth donor for Genesis. Variant: low roadside shrine. Functional purpose: Volumetric sacred support accepting separate idol, relic, flame, crystal, offering, or faction object. Match the supplied reference image exactly and preserve the civic or ritual landmark silhouette, major support volumes, real openings, and replaceable center or working components; for this row, specifically the low roadside shrine. Use a few large deliberate construction-aligned planes, strong silhouette, thick mechanically legible parts, broad material regions, and honest open space. Do not add scenery, a floor base, characters, unrelated props, micro-clutter, text, labels, baked directional light, or any engine-owned feature: water, posters, text, offerings, contents, sockets, collision, materials, authority marks, animation, and cultural state. Exactly one coherent object or intentionally fused cluster."
50,A5,queued,M051-A,M051,A,civic,Altar and ritual work table,restrained slab altar,"Serious, practical ritual surface with sockets rather than permanently modeled magical clutter.",700,reference-images/M051-A-altar-and-ritual-work-table-v1.png,incoming/M051-A-altar-and-ritual-work-table-smart-700.glb,processed/M051-A-altar-and-ritual-work-table-clean-v1.glb,"the civic or ritual landmark silhouette, major support volumes, real openings, and replaceable center or working components; for this row, specifically the restrained slab altar","water, posters, text, offerings, contents, sockets, collision, materials, authority marks, animation, and cultural state","liquid, paper, text, tiny offerings, fasteners, handles, cords, and standardized sockets",the object reads as an institution or working surface without modeled clutter; empty sockets and openings remain usable,"Create exactly one low-poly medieval-fantasy altar and ritual work table donor for Genesis. Variant: restrained slab altar. Functional purpose: Serious, practical ritual surface with sockets rather than permanently modeled magical clutter. Match the supplied reference image exactly and preserve the civic or ritual landmark silhouette, major support volumes, real openings, and replaceable center or working components; for this row, specifically the restrained slab altar. Use a few large deliberate construction-aligned planes, strong silhouette, thick mechanically legible parts, broad material regions, and honest open space. Do not add scenery, a floor base, characters, unrelated props, micro-clutter, text, labels, baked directional light, or any engine-owned feature: water, posters, text, offerings, contents, sockets, collision, materials, authority marks, animation, and cultural state. Exactly one coherent object or intentionally fused cluster."
50,A5,accepted,M052-A,M052,A,civic,Bell or gong yoke,suspended iron bell,"Audible civic, guard, mine, monastery, and alarm fixture with separable striker and hanging body.",900,reference-images/M052-A-bell-or-gong-yoke-v1.png,incoming/M052-A-bell-or-gong-yoke-smart-900.glb,processed/M052-A-bell-or-gong-yoke-clean-v1.glb,"the civic or ritual landmark silhouette, major support volumes, real openings, and replaceable center or working components; for this row, specifically the suspended iron bell","water, posters, text, offerings, contents, sockets, collision, materials, authority marks, animation, and cultural state","liquid, paper, text, tiny offerings, fasteners, handles, cords, and standardized sockets",the object reads as an institution or working surface without modeled clutter; empty sockets and openings remain usable,"Create exactly one low-poly medieval-fantasy bell or gong yoke donor for Genesis. Variant: suspended iron bell. Functional purpose: Audible civic, guard, mine, monastery, and alarm fixture with separable striker and hanging body. Match the supplied reference image exactly and preserve the civic or ritual landmark silhouette, major support volumes, real openings, and replaceable center or working components; for this row, specifically the suspended iron bell. Use a few large deliberate construction-aligned planes, strong silhouette, thick mechanically legible parts, broad material regions, and honest open space. Do not add scenery, a floor base, characters, unrelated props, micro-clutter, text, labels, baked directional light, or any engine-owned feature: water, posters, text, offerings, contents, sockets, collision, materials, authority marks, animation, and cultural state. Exactly one coherent object or intentionally fused cluster."
50,A5,accepted,M053-A,M053,A,civic,Archive lectern and scribe station,standing lectern,"Knowledge-work fixture for monastery, urban institution, guard records, mine tallies, and ritual use.",800,reference-images/M053-A-archive-lectern-and-scribe-station-v1.png,incoming/M053-A-archive-lectern-and-scribe-station-smart-800.glb,processed/M053-A-archive-lectern-and-scribe-station-clean-v1.glb,"the civic or ritual landmark silhouette, major support volumes, real openings, and replaceable center or working components; for this row, specifically the standing lectern","water, posters, text, offerings, contents, sockets, collision, materials, authority marks, animation, and cultural state","liquid, paper, text, tiny offerings, fasteners, handles, cords, and standardized sockets",the object reads as an institution or working surface without modeled clutter; empty sockets and openings remain usable,"Create exactly one low-poly medieval-fantasy archive lectern and scribe station donor for Genesis. Variant: standing lectern. Functional purpose: Knowledge-work fixture for monastery, urban institution, guard records, mine tallies, and ritual use. Match the supplied reference image exactly and preserve the civic or ritual landmark silhouette, major support volumes, real openings, and replaceable center or working components; for this row, specifically the standing lectern. Use a few large deliberate construction-aligned planes, strong silhouette, thick mechanically legible parts, broad material regions, and honest open space. Do not add scenery, a floor base, characters, unrelated props, micro-clutter, text, labels, baked directional light, or any engine-owned feature: water, posters, text, offerings, contents, sockets, collision, materials, authority marks, animation, and cultural state. Exactly one coherent object or intentionally fused cluster."
60,A6,accepted,M054-A,M054,A,defensive,Chevaux-de-frise and spike barrier,timber anti-charge frame,"Portable route denial whose X-frame, spikes, rope, and wear remain readable from the game camera.",800,reference-images/M054-A-chevaux-de-frise-and-spike-barrier-v1.png,incoming/M054-A-chevaux-de-frise-and-spike-barrier-smart-800.glb,processed/M054-A-chevaux-de-frise-and-spike-barrier-clean-v1.glb,"the main defensive or industrial silhouette, thick frame, major barrier or working volumes, and large separable fittings; for this row, specifically the timber anti-charge frame","exact collision and cover, hinges, force state, fuel, light, materials, tools, damage, sockets, and interaction authority","rope, chain, spikes, bars, wheels, flame, tools, fuel, and standardized repeated fittings when generated poorly",the tactical blocker or working machine remains physically honest; open frames remain open; no thin or decorative clutter,"Create exactly one low-poly medieval-fantasy chevaux-de-frise and spike barrier donor for Genesis. Variant: timber anti-charge frame. Functional purpose: Portable route denial whose X-frame, spikes, rope, and wear remain readable from the game camera. Match the supplied reference image exactly and preserve the main defensive or industrial silhouette, thick frame, major barrier or working volumes, and large separable fittings; for this row, specifically the timber anti-charge frame. Use a few large deliberate construction-aligned planes, strong silhouette, thick mechanically legible parts, broad material regions, and honest open space. Do not add scenery, a floor base, characters, unrelated props, micro-clutter, text, labels, baked directional light, or any engine-owned feature: exact collision and cover, hinges, force state, fuel, light, materials, tools, damage, sockets, and interaction authority. Exactly one coherent object or intentionally fused cluster."
60,A6,accepted,M055-A,M055,A,defensive,Movable timber barricade,plank-and-brace barrier,Self-supporting defensive obstacle rather than a permanent wall segment.,800,reference-images/M055-A-movable-timber-barricade-v1.png,incoming/M055-A-movable-timber-barricade-smart-800.glb,processed/M055-A-movable-timber-barricade-clean-v1.glb,"the main defensive or industrial silhouette, thick frame, major barrier or working volumes, and large separable fittings; for this row, specifically the plank-and-brace barrier","exact collision and cover, hinges, force state, fuel, light, materials, tools, damage, sockets, and interaction authority","rope, chain, spikes, bars, wheels, flame, tools, fuel, and standardized repeated fittings when generated poorly",the tactical blocker or working machine remains physically honest; open frames remain open; no thin or decorative clutter,"Create exactly one low-poly medieval-fantasy movable timber barricade donor for Genesis. Variant: plank-and-brace barrier. Functional purpose: Self-supporting defensive obstacle rather than a permanent wall segment. Match the supplied reference image exactly and preserve the main defensive or industrial silhouette, thick frame, major barrier or working volumes, and large separable fittings; for this row, specifically the plank-and-brace barrier. Use a few large deliberate construction-aligned planes, strong silhouette, thick mechanically legible parts, broad material regions, and honest open space. Do not add scenery, a floor base, characters, unrelated props, micro-clutter, text, labels, baked directional light, or any engine-owned feature: exact collision and cover, hinges, force state, fuel, light, materials, tools, damage, sockets, and interaction authority. Exactly one coherent object or intentionally fused cluster."
60,A6,accepted,M056-A,M056,A,defensive,Wattle and woven screen,straight low screen,"Light culturally variable screen for camp edges, markets, animals, concealment, and wind protection.",800,reference-images/M056-A-wattle-and-woven-screen-v1.png,incoming/M056-A-wattle-and-woven-screen-smart-800.glb,processed/M056-A-wattle-and-woven-screen-clean-v1.glb,"the main defensive or industrial silhouette, thick frame, major barrier or working volumes, and large separable fittings; for this row, specifically the straight low screen","exact collision and cover, hinges, force state, fuel, light, materials, tools, damage, sockets, and interaction authority","rope, chain, spikes, bars, wheels, flame, tools, fuel, and standardized repeated fittings when generated poorly",the tactical blocker or working machine remains physically honest; open frames remain open; no thin or decorative clutter,"Create exactly one low-poly medieval-fantasy wattle and woven screen donor for Genesis. Variant: straight low screen. Functional purpose: Light culturally variable screen for camp edges, markets, animals, concealment, and wind protection. Match the supplied reference image exactly and preserve the main defensive or industrial silhouette, thick frame, major barrier or working volumes, and large separable fittings; for this row, specifically the straight low screen. Use a few large deliberate construction-aligned planes, strong silhouette, thick mechanically legible parts, broad material regions, and honest open space. Do not add scenery, a floor base, characters, unrelated props, micro-clutter, text, labels, baked directional light, or any engine-owned feature: exact collision and cover, hinges, force state, fuel, light, materials, tools, damage, sockets, and interaction authority. Exactly one coherent object or intentionally fused cluster."
60,A6,accepted,M057-A,M057,A,defensive,Gabion and stone-basket cluster,single large basket,"Portable earthwork vocabulary useful in guard, siege, construction, flood, and urban-recovery states.",900,reference-images/M057-A-gabion-and-stone-basket-cluster-v1.png,incoming/M057-A-gabion-and-stone-basket-cluster-smart-900.glb,processed/M057-A-gabion-and-stone-basket-cluster-clean-v1.glb,"the main defensive or industrial silhouette, thick frame, major barrier or working volumes, and large separable fittings; for this row, specifically the single large basket","exact collision and cover, hinges, force state, fuel, light, materials, tools, damage, sockets, and interaction authority","rope, chain, spikes, bars, wheels, flame, tools, fuel, and standardized repeated fittings when generated poorly",the tactical blocker or working machine remains physically honest; open frames remain open; no thin or decorative clutter,"Create exactly one low-poly medieval-fantasy gabion and stone-basket cluster donor for Genesis. Variant: single large basket. Functional purpose: Portable earthwork vocabulary useful in guard, siege, construction, flood, and urban-recovery states. Match the supplied reference image exactly and preserve the main defensive or industrial silhouette, thick frame, major barrier or working volumes, and large separable fittings; for this row, specifically the single large basket. Use a few large deliberate construction-aligned planes, strong silhouette, thick mechanically legible parts, broad material regions, and honest open space. Do not add scenery, a floor base, characters, unrelated props, micro-clutter, text, labels, baked directional light, or any engine-owned feature: exact collision and cover, hinges, force state, fuel, light, materials, tools, damage, sockets, and interaction authority. Exactly one coherent object or intentionally fused cluster."
60,A6,accepted,M058-A,M058,A,defensive,Holding cage or animal pen module,compact timber cage,Inspectable open-frame enclosure with a readable door and separable bars/panels.,1200,reference-images/M058-A-holding-cage-or-animal-pen-module-v1.png,incoming/M058-A-holding-cage-or-animal-pen-module-smart-1200.glb,processed/M058-A-holding-cage-or-animal-pen-module-clean-v1.glb,"the main defensive or industrial silhouette, thick frame, major barrier or working volumes, and large separable fittings; for this row, specifically the compact timber cage","exact collision and cover, hinges, force state, fuel, light, materials, tools, damage, sockets, and interaction authority","rope, chain, spikes, bars, wheels, flame, tools, fuel, and standardized repeated fittings when generated poorly",the tactical blocker or working machine remains physically honest; open frames remain open; no thin or decorative clutter,"Create exactly one low-poly medieval-fantasy holding cage or animal pen module donor for Genesis. Variant: compact timber cage. Functional purpose: Inspectable open-frame enclosure with a readable door and separable bars/panels. Match the supplied reference image exactly and preserve the main defensive or industrial silhouette, thick frame, major barrier or working volumes, and large separable fittings; for this row, specifically the compact timber cage. Use a few large deliberate construction-aligned planes, strong silhouette, thick mechanically legible parts, broad material regions, and honest open space. Do not add scenery, a floor base, characters, unrelated props, micro-clutter, text, labels, baked directional light, or any engine-owned feature: exact collision and cover, hinges, force state, fuel, light, materials, tools, damage, sockets, and interaction authority. Exactly one coherent object or intentionally fused cluster."
60,A6,queued,M060-A,M060,A,trace,Broken wagon and axle wreck,wheel-off roadside wreck,Derivative cover and abandonment family built from M019-like parts.,1200,reference-images/M060-A-broken-wagon-and-axle-wreck-v1.png,incoming/M060-A-broken-wagon-and-axle-wreck-smart-1200.glb,processed/M060-A-broken-wagon-and-axle-wreck-clean-v1.glb,"one curated cluster silhouette composed from a few large recognizable causal parts; for this row, specifically the wheel-off roadside wreck","individual item identity, exact custody, decals, stains, small debris, collision, material state, procedural scatter, and history authority","micro-clutter, repeated loose items, gore, rope, small tools, labels, stains, and any part already owned by a reusable kit",the cluster reads as one causal trace rather than random clutter; a few large parts remain separable and no micro-noise buys the silhouette,"Create exactly one low-poly medieval-fantasy broken wagon and axle wreck donor for Genesis. Variant: wheel-off roadside wreck. Functional purpose: Derivative cover and abandonment family built from M019-like parts. Match the supplied reference image exactly and preserve one curated cluster silhouette composed from a few large recognizable causal parts; for this row, specifically the wheel-off roadside wreck. Use a few large deliberate construction-aligned planes, strong silhouette, thick mechanically legible parts, broad material regions, and honest open space. Do not add scenery, a floor base, characters, unrelated props, micro-clutter, text, labels, baked directional light, or any engine-owned feature: individual item identity, exact custody, decals, stains, small debris, collision, material state, procedural scatter, and history authority. Exactly one coherent object or intentionally fused cluster."
60,A6,queued,M061-A,M061,A,trace,Tool and active-work cluster,mining work cluster,"Large readable tools around a stable rack or bench, indicating a task without loose micro-clutter.",900,reference-images/M061-A-tool-and-active-work-cluster-v1.png,incoming/M061-A-tool-and-active-work-cluster-smart-900.glb,processed/M061-A-tool-and-active-work-cluster-clean-v1.glb,"one curated cluster silhouette composed from a few large recognizable causal parts; for this row, specifically the mining work cluster","individual item identity, exact custody, decals, stains, small debris, collision, material state, procedural scatter, and history authority","micro-clutter, repeated loose items, gore, rope, small tools, labels, stains, and any part already owned by a reusable kit",the cluster reads as one causal trace rather than random clutter; a few large parts remain separable and no micro-noise buys the silhouette,"Create exactly one low-poly medieval-fantasy tool and active-work cluster donor for Genesis. Variant: mining work cluster. Functional purpose: Large readable tools around a stable rack or bench, indicating a task without loose micro-clutter. Match the supplied reference image exactly and preserve one curated cluster silhouette composed from a few large recognizable causal parts; for this row, specifically the mining work cluster. Use a few large deliberate construction-aligned planes, strong silhouette, thick mechanically legible parts, broad material regions, and honest open space. Do not add scenery, a floor base, characters, unrelated props, micro-clutter, text, labels, baked directional light, or any engine-owned feature: individual item identity, exact custody, decals, stains, small debris, collision, material state, procedural scatter, and history authority. Exactly one coherent object or intentionally fused cluster."
60,A6,queued,M062-A,M062,A,trace,Timber repair and brace cluster,prepared repair stack,"Sister posts, wedges, caps, and lashings showing structural intervention.",700,reference-images/M062-A-timber-repair-and-brace-cluster-v1.png,incoming/M062-A-timber-repair-and-brace-cluster-smart-700.glb,processed/M062-A-timber-repair-and-brace-cluster-clean-v1.glb,"one curated cluster silhouette composed from a few large recognizable causal parts; for this row, specifically the prepared repair stack","individual item identity, exact custody, decals, stains, small debris, collision, material state, procedural scatter, and history authority","micro-clutter, repeated loose items, gore, rope, small tools, labels, stains, and any part already owned by a reusable kit",the cluster reads as one causal trace rather than random clutter; a few large parts remain separable and no micro-noise buys the silhouette,"Create exactly one low-poly medieval-fantasy timber repair and brace cluster donor for Genesis. Variant: prepared repair stack. Functional purpose: Sister posts, wedges, caps, and lashings showing structural intervention. Match the supplied reference image exactly and preserve one curated cluster silhouette composed from a few large recognizable causal parts; for this row, specifically the prepared repair stack. Use a few large deliberate construction-aligned planes, strong silhouette, thick mechanically legible parts, broad material regions, and honest open space. Do not add scenery, a floor base, characters, unrelated props, micro-clutter, text, labels, baked directional light, or any engine-owned feature: individual item identity, exact custody, decals, stains, small debris, collision, material state, procedural scatter, and history authority. Exactly one coherent object or intentionally fused cluster."
60,A6,queued,M063-A,M063,A,trace,"Rope, net, and harness cluster",coiled hauling set,Complex flexible equipment that benefits from generated volume but must avoid hair-thin strands.,900,reference-images/M063-A-rope-net-and-harness-cluster-v1.png,incoming/M063-A-rope-net-and-harness-cluster-smart-900.glb,processed/M063-A-rope-net-and-harness-cluster-clean-v1.glb,"one curated cluster silhouette composed from a few large recognizable causal parts; for this row, specifically the coiled hauling set","individual item identity, exact custody, decals, stains, small debris, collision, material state, procedural scatter, and history authority","micro-clutter, repeated loose items, gore, rope, small tools, labels, stains, and any part already owned by a reusable kit",the cluster reads as one causal trace rather than random clutter; a few large parts remain separable and no micro-noise buys the silhouette,"Create exactly one low-poly medieval-fantasy rope, net, and harness cluster donor for Genesis. Variant: coiled hauling set. Functional purpose: Complex flexible equipment that benefits from generated volume but must avoid hair-thin strands. Match the supplied reference image exactly and preserve one curated cluster silhouette composed from a few large recognizable causal parts; for this row, specifically the coiled hauling set. Use a few large deliberate construction-aligned planes, strong silhouette, thick mechanically legible parts, broad material regions, and honest open space. Do not add scenery, a floor base, characters, unrelated props, micro-clutter, text, labels, baked directional light, or any engine-owned feature: individual item identity, exact custody, decals, stains, small debris, collision, material state, procedural scatter, and history authority. Exactly one coherent object or intentionally fused cluster."
60,A6,queued,M064-A,M064,A,trace,Camp kitchen and stores cluster,traveling-household cluster,"A few large vessels, rack forms, and containers showing domestic service without becoming a pile of tiny props.",1000,reference-images/M064-A-camp-kitchen-and-stores-cluster-v1.png,incoming/M064-A-camp-kitchen-and-stores-cluster-smart-1000.glb,processed/M064-A-camp-kitchen-and-stores-cluster-clean-v1.glb,"one curated cluster silhouette composed from a few large recognizable causal parts; for this row, specifically the traveling-household cluster","individual item identity, exact custody, decals, stains, small debris, collision, material state, procedural scatter, and history authority","micro-clutter, repeated loose items, gore, rope, small tools, labels, stains, and any part already owned by a reusable kit",the cluster reads as one causal trace rather than random clutter; a few large parts remain separable and no micro-noise buys the silhouette,"Create exactly one low-poly medieval-fantasy camp kitchen and stores cluster donor for Genesis. Variant: traveling-household cluster. Functional purpose: A few large vessels, rack forms, and containers showing domestic service without becoming a pile of tiny props. Match the supplied reference image exactly and preserve one curated cluster silhouette composed from a few large recognizable causal parts; for this row, specifically the traveling-household cluster. Use a few large deliberate construction-aligned planes, strong silhouette, thick mechanically legible parts, broad material regions, and honest open space. Do not add scenery, a floor base, characters, unrelated props, micro-clutter, text, labels, baked directional light, or any engine-owned feature: individual item identity, exact custody, decals, stains, small debris, collision, material state, procedural scatter, and history authority. Exactly one coherent object or intentionally fused cluster."
60,A6,queued,M065-A,M065,A,trace,Market basket and display cluster,produce display,Replaceable goods presentation that turns an empty stall into a specific working institution.,900,reference-images/M065-A-market-basket-and-display-cluster-v1.png,incoming/M065-A-market-basket-and-display-cluster-smart-900.glb,processed/M065-A-market-basket-and-display-cluster-clean-v1.glb,"one curated cluster silhouette composed from a few large recognizable causal parts; for this row, specifically the produce display","individual item identity, exact custody, decals, stains, small debris, collision, material state, procedural scatter, and history authority","micro-clutter, repeated loose items, gore, rope, small tools, labels, stains, and any part already owned by a reusable kit",the cluster reads as one causal trace rather than random clutter; a few large parts remain separable and no micro-noise buys the silhouette,"Create exactly one low-poly medieval-fantasy market basket and display cluster donor for Genesis. Variant: produce display. Functional purpose: Replaceable goods presentation that turns an empty stall into a specific working institution. Match the supplied reference image exactly and preserve one curated cluster silhouette composed from a few large recognizable causal parts; for this row, specifically the produce display. Use a few large deliberate construction-aligned planes, strong silhouette, thick mechanically legible parts, broad material regions, and honest open space. Do not add scenery, a floor base, characters, unrelated props, micro-clutter, text, labels, baked directional light, or any engine-owned feature: individual item identity, exact custody, decals, stains, small debris, collision, material state, procedural scatter, and history authority. Exactly one coherent object or intentionally fused cluster."
60,A6,queued,M066-A,M066,A,trace,Creature bone and larder cluster,dry bone cache,"Adult-horror trace with restrained, readable bones and bundled remains rather than gore noise.",900,reference-images/M066-A-creature-bone-and-larder-cluster-v1.png,incoming/M066-A-creature-bone-and-larder-cluster-smart-900.glb,processed/M066-A-creature-bone-and-larder-cluster-clean-v1.glb,"one curated cluster silhouette composed from a few large recognizable causal parts; for this row, specifically the dry bone cache","individual item identity, exact custody, decals, stains, small debris, collision, material state, procedural scatter, and history authority","micro-clutter, repeated loose items, gore, rope, small tools, labels, stains, and any part already owned by a reusable kit",the cluster reads as one causal trace rather than random clutter; a few large parts remain separable and no micro-noise buys the silhouette,"Create exactly one low-poly medieval-fantasy creature bone and larder cluster donor for Genesis. Variant: dry bone cache. Functional purpose: Adult-horror trace with restrained, readable bones and bundled remains rather than gore noise. Match the supplied reference image exactly and preserve one curated cluster silhouette composed from a few large recognizable causal parts; for this row, specifically the dry bone cache. Use a few large deliberate construction-aligned planes, strong silhouette, thick mechanically legible parts, broad material regions, and honest open space. Do not add scenery, a floor base, characters, unrelated props, micro-clutter, text, labels, baked directional light, or any engine-owned feature: individual item identity, exact custody, decals, stains, small debris, collision, material state, procedural scatter, and history authority. Exactly one coherent object or intentionally fused cluster."
60,A6,queued,M067-A,M067,A,trace,"Salvage, scrap, and repair-material cluster",sorted salvage stack,Cross-site evidence of recovery and reuse with a few large recognizable parts.,900,reference-images/M067-A-salvage-scrap-and-repair-material-cluster-v1.png,incoming/M067-A-salvage-scrap-and-repair-material-cluster-smart-900.glb,processed/M067-A-salvage-scrap-and-repair-material-cluster-clean-v1.glb,"one curated cluster silhouette composed from a few large recognizable causal parts; for this row, specifically the sorted salvage stack","individual item identity, exact custody, decals, stains, small debris, collision, material state, procedural scatter, and history authority","micro-clutter, repeated loose items, gore, rope, small tools, labels, stains, and any part already owned by a reusable kit",the cluster reads as one causal trace rather than random clutter; a few large parts remain separable and no micro-noise buys the silhouette,"Create exactly one low-poly medieval-fantasy salvage, scrap, and repair-material cluster donor for Genesis. Variant: sorted salvage stack. Functional purpose: Cross-site evidence of recovery and reuse with a few large recognizable parts. Match the supplied reference image exactly and preserve one curated cluster silhouette composed from a few large recognizable causal parts; for this row, specifically the sorted salvage stack. Use a few large deliberate construction-aligned planes, strong silhouette, thick mechanically legible parts, broad material regions, and honest open space. Do not add scenery, a floor base, characters, unrelated props, micro-clutter, text, labels, baked directional light, or any engine-owned feature: individual item identity, exact custody, decals, stains, small debris, collision, material state, procedural scatter, and history authority. Exactly one coherent object or intentionally fused cluster."
111,V1-B,queued,M019-B,M019,B,mechanism,Universal four-wheel wagon chassis,long narrow carrier,"Narrow reusable platform with separate wheels, axles, tongue, bed, and attachment sockets for cargo, sides, canopy, lights, and repair states.",1800,reference-images/M019-B-universal-four-wheel-wagon-chassis-v1.png,incoming/M019-B-universal-four-wheel-wagon-chassis-smart-1800.glb,processed/M019-B-universal-four-wheel-wagon-chassis-clean-v1.glb,"the main chassis, load-bearing frame, major moving volumes, readable mechanism, and separable large construction parts; for this row, specifically the long narrow carrier","animation, pivots, sockets, standardized wheels or drums, rope and chain, collision, materials, cargo, state, damage logic, and gameplay authority","dirty repeated wheels, hair-thin rope or chain, fasteners, handles, sockets, and standardized bars or axles","major parts remain legible in orbit and can be grouped deterministically; no fused moving state, dense fastener noise, or warped repeated parts","Create exactly one low-poly medieval-fantasy universal four-wheel wagon chassis donor for Genesis. Variant: long narrow carrier. Functional purpose: Narrow reusable platform with separate wheels, axles, tongue, bed, and attachment sockets for cargo, sides, canopy, lights, and repair states. Match the supplied reference image exactly and preserve the main chassis, load-bearing frame, major moving volumes, readable mechanism, and separable large construction parts; for this row, specifically the long narrow carrier. Use a few large deliberate construction-aligned planes, strong silhouette, thick mechanically legible parts, broad material regions, and honest open space. Do not add scenery, a floor base, characters, unrelated props, micro-clutter, text, labels, baked directional light, or any engine-owned feature: animation, pivots, sockets, standardized wheels or drums, rope and chain, collision, materials, cargo, state, damage logic, and gameplay authority. Exactly one coherent object or intentionally fused cluster."
111,V1-B,queued,M020-B,M020,B,mechanism,Two-wheel handcart,deep box cart,"Human-scale carrier suitable for markets, camps, workshops, corpses, tools, and improvised barricades.",1200,reference-images/M020-B-two-wheel-handcart-v1.png,incoming/M020-B-two-wheel-handcart-smart-1200.glb,processed/M020-B-two-wheel-handcart-clean-v1.glb,"the main chassis, load-bearing frame, major moving volumes, readable mechanism, and separable large construction parts; for this row, specifically the deep box cart","animation, pivots, sockets, standardized wheels or drums, rope and chain, collision, materials, cargo, state, damage logic, and gameplay authority","dirty repeated wheels, hair-thin rope or chain, fasteners, handles, sockets, and standardized bars or axles","major parts remain legible in orbit and can be grouped deterministically; no fused moving state, dense fastener noise, or warped repeated parts","Create exactly one low-poly medieval-fantasy two-wheel handcart donor for Genesis. Variant: deep box cart. Functional purpose: Human-scale carrier suitable for markets, camps, workshops, corpses, tools, and improvised barricades. Match the supplied reference image exactly and preserve the main chassis, load-bearing frame, major moving volumes, readable mechanism, and separable large construction parts; for this row, specifically the deep box cart. Use a few large deliberate construction-aligned planes, strong silhouette, thick mechanically legible parts, broad material regions, and honest open space. Do not add scenery, a floor base, characters, unrelated props, micro-clutter, text, labels, baked directional light, or any engine-owned feature: animation, pivots, sockets, standardized wheels or drums, rope and chain, collision, materials, cargo, state, damage logic, and gameplay authority. Exactly one coherent object or intentionally fused cluster."
111,V1-B,queued,M021-B,M021,B,mechanism,Mine ore cart,timber mine tub,Compact industrial tub and wheel assembly that can run on rails or a prepared haul route.,1100,reference-images/M021-B-mine-ore-cart-v1.png,incoming/M021-B-mine-ore-cart-smart-1100.glb,processed/M021-B-mine-ore-cart-clean-v1.glb,"the main chassis, load-bearing frame, major moving volumes, readable mechanism, and separable large construction parts; for this row, specifically the timber mine tub","animation, pivots, sockets, standardized wheels or drums, rope and chain, collision, materials, cargo, state, damage logic, and gameplay authority","dirty repeated wheels, hair-thin rope or chain, fasteners, handles, sockets, and standardized bars or axles","major parts remain legible in orbit and can be grouped deterministically; no fused moving state, dense fastener noise, or warped repeated parts","Create exactly one low-poly medieval-fantasy mine ore cart donor for Genesis. Variant: timber mine tub. Functional purpose: Compact industrial tub and wheel assembly that can run on rails or a prepared haul route. Match the supplied reference image exactly and preserve the main chassis, load-bearing frame, major moving volumes, readable mechanism, and separable large construction parts; for this row, specifically the timber mine tub. Use a few large deliberate construction-aligned planes, strong silhouette, thick mechanically legible parts, broad material regions, and honest open space. Do not add scenery, a floor base, characters, unrelated props, micro-clutter, text, labels, baked directional light, or any engine-owned feature: animation, pivots, sockets, standardized wheels or drums, rope and chain, collision, materials, cargo, state, damage logic, and gameplay authority. Exactly one coherent object or intentionally fused cluster."
111,V1-B,queued,M022-B,M022,B,mechanism,Sledge and travois carrier,forked-pole travois,"Wheel-free hauling platform for rough ground, snow, mud, camp movement, and creature or humanoid drag teams.",900,reference-images/M022-B-sledge-and-travois-carrier-v1.png,incoming/M022-B-sledge-and-travois-carrier-smart-900.glb,processed/M022-B-sledge-and-travois-carrier-clean-v1.glb,"the main chassis, load-bearing frame, major moving volumes, readable mechanism, and separable large construction parts; for this row, specifically the forked-pole travois","animation, pivots, sockets, standardized wheels or drums, rope and chain, collision, materials, cargo, state, damage logic, and gameplay authority","dirty repeated wheels, hair-thin rope or chain, fasteners, handles, sockets, and standardized bars or axles","major parts remain legible in orbit and can be grouped deterministically; no fused moving state, dense fastener noise, or warped repeated parts","Create exactly one low-poly medieval-fantasy sledge and travois carrier donor for Genesis. Variant: forked-pole travois. Functional purpose: Wheel-free hauling platform for rough ground, snow, mud, camp movement, and creature or humanoid drag teams. Match the supplied reference image exactly and preserve the main chassis, load-bearing frame, major moving volumes, readable mechanism, and separable large construction parts; for this row, specifically the forked-pole travois. Use a few large deliberate construction-aligned planes, strong silhouette, thick mechanically legible parts, broad material regions, and honest open space. Do not add scenery, a floor base, characters, unrelated props, micro-clutter, text, labels, baked directional light, or any engine-owned feature: animation, pivots, sockets, standardized wheels or drums, rope and chain, collision, materials, cargo, state, damage logic, and gameplay authority. Exactly one coherent object or intentionally fused cluster."
111,V1-B,queued,M023-B,M023,B,mechanism,Pack frame and carrier rack,broad animal pannier rack,"Freestanding load-bearing framework that can receive bags, ore, firewood, bodies, cages, or ritual cargo.",900,reference-images/M023-B-pack-frame-and-carrier-rack-v1.png,incoming/M023-B-pack-frame-and-carrier-rack-smart-900.glb,processed/M023-B-pack-frame-and-carrier-rack-clean-v1.glb,"the main chassis, load-bearing frame, major moving volumes, readable mechanism, and separable large construction parts; for this row, specifically the broad animal pannier rack","animation, pivots, sockets, standardized wheels or drums, rope and chain, collision, materials, cargo, state, damage logic, and gameplay authority","dirty repeated wheels, hair-thin rope or chain, fasteners, handles, sockets, and standardized bars or axles","major parts remain legible in orbit and can be grouped deterministically; no fused moving state, dense fastener noise, or warped repeated parts","Create exactly one low-poly medieval-fantasy pack frame and carrier rack donor for Genesis. Variant: broad animal pannier rack. Functional purpose: Freestanding load-bearing framework that can receive bags, ore, firewood, bodies, cages, or ritual cargo. Match the supplied reference image exactly and preserve the main chassis, load-bearing frame, major moving volumes, readable mechanism, and separable large construction parts; for this row, specifically the broad animal pannier rack. Use a few large deliberate construction-aligned planes, strong silhouette, thick mechanically legible parts, broad material regions, and honest open space. Do not add scenery, a floor base, characters, unrelated props, micro-clutter, text, labels, baked directional light, or any engine-owned feature: animation, pivots, sockets, standardized wheels or drums, rope and chain, collision, materials, cargo, state, damage logic, and gameplay authority. Exactly one coherent object or intentionally fused cluster."
111,V1-B,queued,M024-B,M024,B,mechanism,Counterweighted road barrier,forked timber barrier,"Recognizable checkpoint mechanism with separately useful beam, pivot, weight, rope, and support.",1000,reference-images/M024-B-counterweighted-road-barrier-v1.png,incoming/M024-B-counterweighted-road-barrier-smart-1000.glb,processed/M024-B-counterweighted-road-barrier-clean-v1.glb,"the main chassis, load-bearing frame, major moving volumes, readable mechanism, and separable large construction parts; for this row, specifically the forked timber barrier","animation, pivots, sockets, standardized wheels or drums, rope and chain, collision, materials, cargo, state, damage logic, and gameplay authority","dirty repeated wheels, hair-thin rope or chain, fasteners, handles, sockets, and standardized bars or axles","major parts remain legible in orbit and can be grouped deterministically; no fused moving state, dense fastener noise, or warped repeated parts","Create exactly one low-poly medieval-fantasy counterweighted road barrier donor for Genesis. Variant: forked timber barrier. Functional purpose: Recognizable checkpoint mechanism with separately useful beam, pivot, weight, rope, and support. Match the supplied reference image exactly and preserve the main chassis, load-bearing frame, major moving volumes, readable mechanism, and separable large construction parts; for this row, specifically the forked timber barrier. Use a few large deliberate construction-aligned planes, strong silhouette, thick mechanically legible parts, broad material regions, and honest open space. Do not add scenery, a floor base, characters, unrelated props, micro-clutter, text, labels, baked directional light, or any engine-owned feature: animation, pivots, sockets, standardized wheels or drums, rope and chain, collision, materials, cargo, state, damage logic, and gameplay authority. Exactly one coherent object or intentionally fused cluster."
111,V1-B,queued,M025-B,M025,B,mechanism,Hand windlass and winch,vertical crank winch,"Universal rotating drum for wells, gates, shafts, bridges, cages, and workshop lifting.",1200,reference-images/M025-B-hand-windlass-and-winch-v1.png,incoming/M025-B-hand-windlass-and-winch-smart-1200.glb,processed/M025-B-hand-windlass-and-winch-clean-v1.glb,"the main chassis, load-bearing frame, major moving volumes, readable mechanism, and separable large construction parts; for this row, specifically the vertical crank winch","animation, pivots, sockets, standardized wheels or drums, rope and chain, collision, materials, cargo, state, damage logic, and gameplay authority","dirty repeated wheels, hair-thin rope or chain, fasteners, handles, sockets, and standardized bars or axles","major parts remain legible in orbit and can be grouped deterministically; no fused moving state, dense fastener noise, or warped repeated parts","Create exactly one low-poly medieval-fantasy hand windlass and winch donor for Genesis. Variant: vertical crank winch. Functional purpose: Universal rotating drum for wells, gates, shafts, bridges, cages, and workshop lifting. Match the supplied reference image exactly and preserve the main chassis, load-bearing frame, major moving volumes, readable mechanism, and separable large construction parts; for this row, specifically the vertical crank winch. Use a few large deliberate construction-aligned planes, strong silhouette, thick mechanically legible parts, broad material regions, and honest open space. Do not add scenery, a floor base, characters, unrelated props, micro-clutter, text, labels, baked directional light, or any engine-owned feature: animation, pivots, sockets, standardized wheels or drums, rope and chain, collision, materials, cargo, state, damage logic, and gameplay authority. Exactly one coherent object or intentionally fused cluster."
111,V1-B,queued,M026-B,M026,B,mechanism,Mine hoist headframe assembly,squat gantry hoist,Compact above-shaft lifting vocabulary; not a whole building.,1500,reference-images/M026-B-mine-hoist-headframe-assembly-v1.png,incoming/M026-B-mine-hoist-headframe-assembly-smart-1500.glb,processed/M026-B-mine-hoist-headframe-assembly-clean-v1.glb,"the main chassis, load-bearing frame, major moving volumes, readable mechanism, and separable large construction parts; for this row, specifically the squat gantry hoist","animation, pivots, sockets, standardized wheels or drums, rope and chain, collision, materials, cargo, state, damage logic, and gameplay authority","dirty repeated wheels, hair-thin rope or chain, fasteners, handles, sockets, and standardized bars or axles","major parts remain legible in orbit and can be grouped deterministically; no fused moving state, dense fastener noise, or warped repeated parts","Create exactly one low-poly medieval-fantasy mine hoist headframe assembly donor for Genesis. Variant: squat gantry hoist. Functional purpose: Compact above-shaft lifting vocabulary; not a whole building. Match the supplied reference image exactly and preserve the main chassis, load-bearing frame, major moving volumes, readable mechanism, and separable large construction parts; for this row, specifically the squat gantry hoist. Use a few large deliberate construction-aligned planes, strong silhouette, thick mechanically legible parts, broad material regions, and honest open space. Do not add scenery, a floor base, characters, unrelated props, micro-clutter, text, labels, baked directional light, or any engine-owned feature: animation, pivots, sockets, standardized wheels or drums, rope and chain, collision, materials, cargo, state, damage logic, and gameplay authority. Exactly one coherent object or intentionally fused cluster."
111,V1-B,queued,M027-B,M027,B,mechanism,Capstan and chain drum,enclosed chain drum,"Waist-high rotational mechanism for hauling, gates, ship-like works, mines, and heavy doors.",1000,reference-images/M027-B-capstan-and-chain-drum-v1.png,incoming/M027-B-capstan-and-chain-drum-smart-1000.glb,processed/M027-B-capstan-and-chain-drum-clean-v1.glb,"the main chassis, load-bearing frame, major moving volumes, readable mechanism, and separable large construction parts; for this row, specifically the enclosed chain drum","animation, pivots, sockets, standardized wheels or drums, rope and chain, collision, materials, cargo, state, damage logic, and gameplay authority","dirty repeated wheels, hair-thin rope or chain, fasteners, handles, sockets, and standardized bars or axles","major parts remain legible in orbit and can be grouped deterministically; no fused moving state, dense fastener noise, or warped repeated parts","Create exactly one low-poly medieval-fantasy capstan and chain drum donor for Genesis. Variant: enclosed chain drum. Functional purpose: Waist-high rotational mechanism for hauling, gates, ship-like works, mines, and heavy doors. Match the supplied reference image exactly and preserve the main chassis, load-bearing frame, major moving volumes, readable mechanism, and separable large construction parts; for this row, specifically the enclosed chain drum. Use a few large deliberate construction-aligned planes, strong silhouette, thick mechanically legible parts, broad material regions, and honest open space. Do not add scenery, a floor base, characters, unrelated props, micro-clutter, text, labels, baked directional light, or any engine-owned feature: animation, pivots, sockets, standardized wheels or drums, rope and chain, collision, materials, cargo, state, damage logic, and gameplay authority. Exactly one coherent object or intentionally fused cluster."
111,V1-B,queued,M028-B,M028,B,mechanism,Piston mine pump,crank-driven pump,"Readable intake, cylinder, lever, and discharge parts for flood control and industrial storytelling.",1400,reference-images/M028-B-piston-mine-pump-v1.png,incoming/M028-B-piston-mine-pump-smart-1400.glb,processed/M028-B-piston-mine-pump-clean-v1.glb,"the main chassis, load-bearing frame, major moving volumes, readable mechanism, and separable large construction parts; for this row, specifically the crank-driven pump","animation, pivots, sockets, standardized wheels or drums, rope and chain, collision, materials, cargo, state, damage logic, and gameplay authority","dirty repeated wheels, hair-thin rope or chain, fasteners, handles, sockets, and standardized bars or axles","major parts remain legible in orbit and can be grouped deterministically; no fused moving state, dense fastener noise, or warped repeated parts","Create exactly one low-poly medieval-fantasy piston mine pump donor for Genesis. Variant: crank-driven pump. Functional purpose: Readable intake, cylinder, lever, and discharge parts for flood control and industrial storytelling. Match the supplied reference image exactly and preserve the main chassis, load-bearing frame, major moving volumes, readable mechanism, and separable large construction parts; for this row, specifically the crank-driven pump. Use a few large deliberate construction-aligned planes, strong silhouette, thick mechanically legible parts, broad material regions, and honest open space. Do not add scenery, a floor base, characters, unrelated props, micro-clutter, text, labels, baked directional light, or any engine-owned feature: animation, pivots, sockets, standardized wheels or drums, rope and chain, collision, materials, cargo, state, damage logic, and gameplay authority. Exactly one coherent object or intentionally fused cluster."
111,V1-B,queued,M029-B,M029,B,mechanism,Bellows or treadle pump,twin treadle bellows,"Low-tech air or water movement device serving forge, mine ventilation, workshop, and ritual fire.",900,reference-images/M029-B-bellows-or-treadle-pump-v1.png,incoming/M029-B-bellows-or-treadle-pump-smart-900.glb,processed/M029-B-bellows-or-treadle-pump-clean-v1.glb,"the main chassis, load-bearing frame, major moving volumes, readable mechanism, and separable large construction parts; for this row, specifically the twin treadle bellows","animation, pivots, sockets, standardized wheels or drums, rope and chain, collision, materials, cargo, state, damage logic, and gameplay authority","dirty repeated wheels, hair-thin rope or chain, fasteners, handles, sockets, and standardized bars or axles","major parts remain legible in orbit and can be grouped deterministically; no fused moving state, dense fastener noise, or warped repeated parts","Create exactly one low-poly medieval-fantasy bellows or treadle pump donor for Genesis. Variant: twin treadle bellows. Functional purpose: Low-tech air or water movement device serving forge, mine ventilation, workshop, and ritual fire. Match the supplied reference image exactly and preserve the main chassis, load-bearing frame, major moving volumes, readable mechanism, and separable large construction parts; for this row, specifically the twin treadle bellows. Use a few large deliberate construction-aligned planes, strong silhouette, thick mechanically legible parts, broad material regions, and honest open space. Do not add scenery, a floor base, characters, unrelated props, micro-clutter, text, labels, baked directional light, or any engine-owned feature: animation, pivots, sockets, standardized wheels or drums, rope and chain, collision, materials, cargo, state, damage logic, and gameplay authority. Exactly one coherent object or intentionally fused cluster."
111,V1-B,queued,M030-B,M030,B,mechanism,Jaw crusher,geared workshop crusher,"Compact paired plates, hopper, and drive suitable for ore, stone, salvage, or fantasy processing.",1400,reference-images/M030-B-jaw-crusher-v1.png,incoming/M030-B-jaw-crusher-smart-1400.glb,processed/M030-B-jaw-crusher-clean-v1.glb,"the main chassis, load-bearing frame, major moving volumes, readable mechanism, and separable large construction parts; for this row, specifically the geared workshop crusher","animation, pivots, sockets, standardized wheels or drums, rope and chain, collision, materials, cargo, state, damage logic, and gameplay authority","dirty repeated wheels, hair-thin rope or chain, fasteners, handles, sockets, and standardized bars or axles","major parts remain legible in orbit and can be grouped deterministically; no fused moving state, dense fastener noise, or warped repeated parts","Create exactly one low-poly medieval-fantasy jaw crusher donor for Genesis. Variant: geared workshop crusher. Functional purpose: Compact paired plates, hopper, and drive suitable for ore, stone, salvage, or fantasy processing. Match the supplied reference image exactly and preserve the main chassis, load-bearing frame, major moving volumes, readable mechanism, and separable large construction parts; for this row, specifically the geared workshop crusher. Use a few large deliberate construction-aligned planes, strong silhouette, thick mechanically legible parts, broad material regions, and honest open space. Do not add scenery, a floor base, characters, unrelated props, micro-clutter, text, labels, baked directional light, or any engine-owned feature: animation, pivots, sockets, standardized wheels or drums, rope and chain, collision, materials, cargo, state, damage logic, and gameplay authority. Exactly one coherent object or intentionally fused cluster."
111,V1-B,queued,M031-B,M031,B,mechanism,Stamp-mill module,twin-stamp frame,One readable repeatable stamping unit rather than a whole industrial building.,1500,reference-images/M031-B-stamp-mill-module-v1.png,incoming/M031-B-stamp-mill-module-smart-1500.glb,processed/M031-B-stamp-mill-module-clean-v1.glb,"the main chassis, load-bearing frame, major moving volumes, readable mechanism, and separable large construction parts; for this row, specifically the twin-stamp frame","animation, pivots, sockets, standardized wheels or drums, rope and chain, collision, materials, cargo, state, damage logic, and gameplay authority","dirty repeated wheels, hair-thin rope or chain, fasteners, handles, sockets, and standardized bars or axles","major parts remain legible in orbit and can be grouped deterministically; no fused moving state, dense fastener noise, or warped repeated parts","Create exactly one low-poly medieval-fantasy stamp-mill module donor for Genesis. Variant: twin-stamp frame. Functional purpose: One readable repeatable stamping unit rather than a whole industrial building. Match the supplied reference image exactly and preserve the main chassis, load-bearing frame, major moving volumes, readable mechanism, and separable large construction parts; for this row, specifically the twin-stamp frame. Use a few large deliberate construction-aligned planes, strong silhouette, thick mechanically legible parts, broad material regions, and honest open space. Do not add scenery, a floor base, characters, unrelated props, micro-clutter, text, labels, baked directional light, or any engine-owned feature: animation, pivots, sockets, standardized wheels or drums, rope and chain, collision, materials, cargo, state, damage logic, and gameplay authority. Exactly one coherent object or intentionally fused cluster."
111,V1-B,queued,M032-B,M032,B,mechanism,Ore-washing rocker and trough,stepped wash trough,"Water-assisted processing equipment with separated tray, stand, screen, and discharge.",1100,reference-images/M032-B-ore-washing-rocker-and-trough-v1.png,incoming/M032-B-ore-washing-rocker-and-trough-smart-1100.glb,processed/M032-B-ore-washing-rocker-and-trough-clean-v1.glb,"the main chassis, load-bearing frame, major moving volumes, readable mechanism, and separable large construction parts; for this row, specifically the stepped wash trough","animation, pivots, sockets, standardized wheels or drums, rope and chain, collision, materials, cargo, state, damage logic, and gameplay authority","dirty repeated wheels, hair-thin rope or chain, fasteners, handles, sockets, and standardized bars or axles","major parts remain legible in orbit and can be grouped deterministically; no fused moving state, dense fastener noise, or warped repeated parts","Create exactly one low-poly medieval-fantasy ore-washing rocker and trough donor for Genesis. Variant: stepped wash trough. Functional purpose: Water-assisted processing equipment with separated tray, stand, screen, and discharge. Match the supplied reference image exactly and preserve the main chassis, load-bearing frame, major moving volumes, readable mechanism, and separable large construction parts; for this row, specifically the stepped wash trough. Use a few large deliberate construction-aligned planes, strong silhouette, thick mechanically legible parts, broad material regions, and honest open space. Do not add scenery, a floor base, characters, unrelated props, micro-clutter, text, labels, baked directional light, or any engine-owned feature: animation, pivots, sockets, standardized wheels or drums, rope and chain, collision, materials, cargo, state, damage logic, and gameplay authority. Exactly one coherent object or intentionally fused cluster."
111,V1-B,queued,M033-B,M033,B,mechanism,Sorting hopper and work table,raised feed hopper,"Reusable gravity-fed task station for ore, grain, salvage, market goods, or alchemical material.",1000,reference-images/M033-B-sorting-hopper-and-work-table-v1.png,incoming/M033-B-sorting-hopper-and-work-table-smart-1000.glb,processed/M033-B-sorting-hopper-and-work-table-clean-v1.glb,"the main chassis, load-bearing frame, major moving volumes, readable mechanism, and separable large construction parts; for this row, specifically the raised feed hopper","animation, pivots, sockets, standardized wheels or drums, rope and chain, collision, materials, cargo, state, damage logic, and gameplay authority","dirty repeated wheels, hair-thin rope or chain, fasteners, handles, sockets, and standardized bars or axles","major parts remain legible in orbit and can be grouped deterministically; no fused moving state, dense fastener noise, or warped repeated parts","Create exactly one low-poly medieval-fantasy sorting hopper and work table donor for Genesis. Variant: raised feed hopper. Functional purpose: Reusable gravity-fed task station for ore, grain, salvage, market goods, or alchemical material. Match the supplied reference image exactly and preserve the main chassis, load-bearing frame, major moving volumes, readable mechanism, and separable large construction parts; for this row, specifically the raised feed hopper. Use a few large deliberate construction-aligned planes, strong silhouette, thick mechanically legible parts, broad material regions, and honest open space. Do not add scenery, a floor base, characters, unrelated props, micro-clutter, text, labels, baked directional light, or any engine-owned feature: animation, pivots, sockets, standardized wheels or drums, rope and chain, collision, materials, cargo, state, damage logic, and gameplay authority. Exactly one coherent object or intentionally fused cluster."
111,V1-B,queued,M034-B,M034,B,mechanism,Ventilation fan or large workshop bellows,ducted rotary fan,A legible air-moving landmark for dangerous interiors.,1200,reference-images/M034-B-ventilation-fan-or-large-workshop-bellows-v1.png,incoming/M034-B-ventilation-fan-or-large-workshop-bellows-smart-1200.glb,processed/M034-B-ventilation-fan-or-large-workshop-bellows-clean-v1.glb,"the main chassis, load-bearing frame, major moving volumes, readable mechanism, and separable large construction parts; for this row, specifically the ducted rotary fan","animation, pivots, sockets, standardized wheels or drums, rope and chain, collision, materials, cargo, state, damage logic, and gameplay authority","dirty repeated wheels, hair-thin rope or chain, fasteners, handles, sockets, and standardized bars or axles","major parts remain legible in orbit and can be grouped deterministically; no fused moving state, dense fastener noise, or warped repeated parts","Create exactly one low-poly medieval-fantasy ventilation fan or large workshop bellows donor for Genesis. Variant: ducted rotary fan. Functional purpose: A legible air-moving landmark for dangerous interiors. Match the supplied reference image exactly and preserve the main chassis, load-bearing frame, major moving volumes, readable mechanism, and separable large construction parts; for this row, specifically the ducted rotary fan. Use a few large deliberate construction-aligned planes, strong silhouette, thick mechanically legible parts, broad material regions, and honest open space. Do not add scenery, a floor base, characters, unrelated props, micro-clutter, text, labels, baked directional light, or any engine-owned feature: animation, pivots, sockets, standardized wheels or drums, rope and chain, collision, materials, cargo, state, damage logic, and gameplay authority. Exactly one coherent object or intentionally fused cluster."
112,V1-C,queued,M019-C,M019,C,mechanism,Universal four-wheel wagon chassis,axle-broken wreck,"Narrow reusable platform with separate wheels, axles, tongue, bed, and attachment sockets for cargo, sides, canopy, lights, and repair states.",1800,reference-images/M019-C-universal-four-wheel-wagon-chassis-v1.png,incoming/M019-C-universal-four-wheel-wagon-chassis-smart-1800.glb,processed/M019-C-universal-four-wheel-wagon-chassis-clean-v1.glb,"the main chassis, load-bearing frame, major moving volumes, readable mechanism, and separable large construction parts; for this row, specifically the axle-broken wreck","animation, pivots, sockets, standardized wheels or drums, rope and chain, collision, materials, cargo, state, damage logic, and gameplay authority","dirty repeated wheels, hair-thin rope or chain, fasteners, handles, sockets, and standardized bars or axles","major parts remain legible in orbit and can be grouped deterministically; no fused moving state, dense fastener noise, or warped repeated parts","Create exactly one low-poly medieval-fantasy universal four-wheel wagon chassis donor for Genesis. Variant: axle-broken wreck. Functional purpose: Narrow reusable platform with separate wheels, axles, tongue, bed, and attachment sockets for cargo, sides, canopy, lights, and repair states. Match the supplied reference image exactly and preserve the main chassis, load-bearing frame, major moving volumes, readable mechanism, and separable large construction parts; for this row, specifically the axle-broken wreck. Use a few large deliberate construction-aligned planes, strong silhouette, thick mechanically legible parts, broad material regions, and honest open space. Do not add scenery, a floor base, characters, unrelated props, micro-clutter, text, labels, baked directional light, or any engine-owned feature: animation, pivots, sockets, standardized wheels or drums, rope and chain, collision, materials, cargo, state, damage logic, and gameplay authority. Exactly one coherent object or intentionally fused cluster."
112,V1-C,queued,M020-C,M020,C,mechanism,Two-wheel handcart,overturned/broken cart,"Human-scale carrier suitable for markets, camps, workshops, corpses, tools, and improvised barricades.",1200,reference-images/M020-C-two-wheel-handcart-v1.png,incoming/M020-C-two-wheel-handcart-smart-1200.glb,processed/M020-C-two-wheel-handcart-clean-v1.glb,"the main chassis, load-bearing frame, major moving volumes, readable mechanism, and separable large construction parts; for this row, specifically the overturned/broken cart","animation, pivots, sockets, standardized wheels or drums, rope and chain, collision, materials, cargo, state, damage logic, and gameplay authority","dirty repeated wheels, hair-thin rope or chain, fasteners, handles, sockets, and standardized bars or axles","major parts remain legible in orbit and can be grouped deterministically; no fused moving state, dense fastener noise, or warped repeated parts","Create exactly one low-poly medieval-fantasy two-wheel handcart donor for Genesis. Variant: overturned/broken cart. Functional purpose: Human-scale carrier suitable for markets, camps, workshops, corpses, tools, and improvised barricades. Match the supplied reference image exactly and preserve the main chassis, load-bearing frame, major moving volumes, readable mechanism, and separable large construction parts; for this row, specifically the overturned/broken cart. Use a few large deliberate construction-aligned planes, strong silhouette, thick mechanically legible parts, broad material regions, and honest open space. Do not add scenery, a floor base, characters, unrelated props, micro-clutter, text, labels, baked directional light, or any engine-owned feature: animation, pivots, sockets, standardized wheels or drums, rope and chain, collision, materials, cargo, state, damage logic, and gameplay authority. Exactly one coherent object or intentionally fused cluster."
112,V1-C,queued,M021-C,M021,C,mechanism,Mine ore cart,derailed/deformed cart,Compact industrial tub and wheel assembly that can run on rails or a prepared haul route.,1100,reference-images/M021-C-mine-ore-cart-v1.png,incoming/M021-C-mine-ore-cart-smart-1100.glb,processed/M021-C-mine-ore-cart-clean-v1.glb,"the main chassis, load-bearing frame, major moving volumes, readable mechanism, and separable large construction parts; for this row, specifically the derailed/deformed cart","animation, pivots, sockets, standardized wheels or drums, rope and chain, collision, materials, cargo, state, damage logic, and gameplay authority","dirty repeated wheels, hair-thin rope or chain, fasteners, handles, sockets, and standardized bars or axles","major parts remain legible in orbit and can be grouped deterministically; no fused moving state, dense fastener noise, or warped repeated parts","Create exactly one low-poly medieval-fantasy mine ore cart donor for Genesis. Variant: derailed/deformed cart. Functional purpose: Compact industrial tub and wheel assembly that can run on rails or a prepared haul route. Match the supplied reference image exactly and preserve the main chassis, load-bearing frame, major moving volumes, readable mechanism, and separable large construction parts; for this row, specifically the derailed/deformed cart. Use a few large deliberate construction-aligned planes, strong silhouette, thick mechanically legible parts, broad material regions, and honest open space. Do not add scenery, a floor base, characters, unrelated props, micro-clutter, text, labels, baked directional light, or any engine-owned feature: animation, pivots, sockets, standardized wheels or drums, rope and chain, collision, materials, cargo, state, damage logic, and gameplay authority. Exactly one coherent object or intentionally fused cluster."
112,V1-C,queued,M022-C,M022,C,mechanism,Sledge and travois carrier,snapped/abandoned carrier,"Wheel-free hauling platform for rough ground, snow, mud, camp movement, and creature or humanoid drag teams.",900,reference-images/M022-C-sledge-and-travois-carrier-v1.png,incoming/M022-C-sledge-and-travois-carrier-smart-900.glb,processed/M022-C-sledge-and-travois-carrier-clean-v1.glb,"the main chassis, load-bearing frame, major moving volumes, readable mechanism, and separable large construction parts; for this row, specifically the snapped/abandoned carrier","animation, pivots, sockets, standardized wheels or drums, rope and chain, collision, materials, cargo, state, damage logic, and gameplay authority","dirty repeated wheels, hair-thin rope or chain, fasteners, handles, sockets, and standardized bars or axles","major parts remain legible in orbit and can be grouped deterministically; no fused moving state, dense fastener noise, or warped repeated parts","Create exactly one low-poly medieval-fantasy sledge and travois carrier donor for Genesis. Variant: snapped/abandoned carrier. Functional purpose: Wheel-free hauling platform for rough ground, snow, mud, camp movement, and creature or humanoid drag teams. Match the supplied reference image exactly and preserve the main chassis, load-bearing frame, major moving volumes, readable mechanism, and separable large construction parts; for this row, specifically the snapped/abandoned carrier. Use a few large deliberate construction-aligned planes, strong silhouette, thick mechanically legible parts, broad material regions, and honest open space. Do not add scenery, a floor base, characters, unrelated props, micro-clutter, text, labels, baked directional light, or any engine-owned feature: animation, pivots, sockets, standardized wheels or drums, rope and chain, collision, materials, cargo, state, damage logic, and gameplay authority. Exactly one coherent object or intentionally fused cluster."
112,V1-C,queued,M023-C,M023,C,mechanism,Pack frame and carrier rack,collapsed load frame,"Freestanding load-bearing framework that can receive bags, ore, firewood, bodies, cages, or ritual cargo.",900,reference-images/M023-C-pack-frame-and-carrier-rack-v1.png,incoming/M023-C-pack-frame-and-carrier-rack-smart-900.glb,processed/M023-C-pack-frame-and-carrier-rack-clean-v1.glb,"the main chassis, load-bearing frame, major moving volumes, readable mechanism, and separable large construction parts; for this row, specifically the collapsed load frame","animation, pivots, sockets, standardized wheels or drums, rope and chain, collision, materials, cargo, state, damage logic, and gameplay authority","dirty repeated wheels, hair-thin rope or chain, fasteners, handles, sockets, and standardized bars or axles","major parts remain legible in orbit and can be grouped deterministically; no fused moving state, dense fastener noise, or warped repeated parts","Create exactly one low-poly medieval-fantasy pack frame and carrier rack donor for Genesis. Variant: collapsed load frame. Functional purpose: Freestanding load-bearing framework that can receive bags, ore, firewood, bodies, cages, or ritual cargo. Match the supplied reference image exactly and preserve the main chassis, load-bearing frame, major moving volumes, readable mechanism, and separable large construction parts; for this row, specifically the collapsed load frame. Use a few large deliberate construction-aligned planes, strong silhouette, thick mechanically legible parts, broad material regions, and honest open space. Do not add scenery, a floor base, characters, unrelated props, micro-clutter, text, labels, baked directional light, or any engine-owned feature: animation, pivots, sockets, standardized wheels or drums, rope and chain, collision, materials, cargo, state, damage logic, and gameplay authority. Exactly one coherent object or intentionally fused cluster."
112,V1-C,queued,M024-C,M024,C,mechanism,Counterweighted road barrier,dropped/broken barrier,"Recognizable checkpoint mechanism with separately useful beam, pivot, weight, rope, and support.",1000,reference-images/M024-C-counterweighted-road-barrier-v1.png,incoming/M024-C-counterweighted-road-barrier-smart-1000.glb,processed/M024-C-counterweighted-road-barrier-clean-v1.glb,"the main chassis, load-bearing frame, major moving volumes, readable mechanism, and separable large construction parts; for this row, specifically the dropped/broken barrier","animation, pivots, sockets, standardized wheels or drums, rope and chain, collision, materials, cargo, state, damage logic, and gameplay authority","dirty repeated wheels, hair-thin rope or chain, fasteners, handles, sockets, and standardized bars or axles","major parts remain legible in orbit and can be grouped deterministically; no fused moving state, dense fastener noise, or warped repeated parts","Create exactly one low-poly medieval-fantasy counterweighted road barrier donor for Genesis. Variant: dropped/broken barrier. Functional purpose: Recognizable checkpoint mechanism with separately useful beam, pivot, weight, rope, and support. Match the supplied reference image exactly and preserve the main chassis, load-bearing frame, major moving volumes, readable mechanism, and separable large construction parts; for this row, specifically the dropped/broken barrier. Use a few large deliberate construction-aligned planes, strong silhouette, thick mechanically legible parts, broad material regions, and honest open space. Do not add scenery, a floor base, characters, unrelated props, micro-clutter, text, labels, baked directional light, or any engine-owned feature: animation, pivots, sockets, standardized wheels or drums, rope and chain, collision, materials, cargo, state, damage logic, and gameplay authority. Exactly one coherent object or intentionally fused cluster."
112,V1-C,queued,M025-C,M025,C,mechanism,Hand windlass and winch,seized/broken drum,"Universal rotating drum for wells, gates, shafts, bridges, cages, and workshop lifting.",1200,reference-images/M025-C-hand-windlass-and-winch-v1.png,incoming/M025-C-hand-windlass-and-winch-smart-1200.glb,processed/M025-C-hand-windlass-and-winch-clean-v1.glb,"the main chassis, load-bearing frame, major moving volumes, readable mechanism, and separable large construction parts; for this row, specifically the seized/broken drum","animation, pivots, sockets, standardized wheels or drums, rope and chain, collision, materials, cargo, state, damage logic, and gameplay authority","dirty repeated wheels, hair-thin rope or chain, fasteners, handles, sockets, and standardized bars or axles","major parts remain legible in orbit and can be grouped deterministically; no fused moving state, dense fastener noise, or warped repeated parts","Create exactly one low-poly medieval-fantasy hand windlass and winch donor for Genesis. Variant: seized/broken drum. Functional purpose: Universal rotating drum for wells, gates, shafts, bridges, cages, and workshop lifting. Match the supplied reference image exactly and preserve the main chassis, load-bearing frame, major moving volumes, readable mechanism, and separable large construction parts; for this row, specifically the seized/broken drum. Use a few large deliberate construction-aligned planes, strong silhouette, thick mechanically legible parts, broad material regions, and honest open space. Do not add scenery, a floor base, characters, unrelated props, micro-clutter, text, labels, baked directional light, or any engine-owned feature: animation, pivots, sockets, standardized wheels or drums, rope and chain, collision, materials, cargo, state, damage logic, and gameplay authority. Exactly one coherent object or intentionally fused cluster."
112,V1-C,queued,M026-C,M026,C,mechanism,Mine hoist headframe assembly,collapsed headframe,Compact above-shaft lifting vocabulary; not a whole building.,1500,reference-images/M026-C-mine-hoist-headframe-assembly-v1.png,incoming/M026-C-mine-hoist-headframe-assembly-smart-1500.glb,processed/M026-C-mine-hoist-headframe-assembly-clean-v1.glb,"the main chassis, load-bearing frame, major moving volumes, readable mechanism, and separable large construction parts; for this row, specifically the collapsed headframe","animation, pivots, sockets, standardized wheels or drums, rope and chain, collision, materials, cargo, state, damage logic, and gameplay authority","dirty repeated wheels, hair-thin rope or chain, fasteners, handles, sockets, and standardized bars or axles","major parts remain legible in orbit and can be grouped deterministically; no fused moving state, dense fastener noise, or warped repeated parts","Create exactly one low-poly medieval-fantasy mine hoist headframe assembly donor for Genesis. Variant: collapsed headframe. Functional purpose: Compact above-shaft lifting vocabulary; not a whole building. Match the supplied reference image exactly and preserve the main chassis, load-bearing frame, major moving volumes, readable mechanism, and separable large construction parts; for this row, specifically the collapsed headframe. Use a few large deliberate construction-aligned planes, strong silhouette, thick mechanically legible parts, broad material regions, and honest open space. Do not add scenery, a floor base, characters, unrelated props, micro-clutter, text, labels, baked directional light, or any engine-owned feature: animation, pivots, sockets, standardized wheels or drums, rope and chain, collision, materials, cargo, state, damage logic, and gameplay authority. Exactly one coherent object or intentionally fused cluster."
112,V1-C,queued,M027-C,M027,C,mechanism,Capstan and chain drum,jammed/spent mechanism,"Waist-high rotational mechanism for hauling, gates, ship-like works, mines, and heavy doors.",1000,reference-images/M027-C-capstan-and-chain-drum-v1.png,incoming/M027-C-capstan-and-chain-drum-smart-1000.glb,processed/M027-C-capstan-and-chain-drum-clean-v1.glb,"the main chassis, load-bearing frame, major moving volumes, readable mechanism, and separable large construction parts; for this row, specifically the jammed/spent mechanism","animation, pivots, sockets, standardized wheels or drums, rope and chain, collision, materials, cargo, state, damage logic, and gameplay authority","dirty repeated wheels, hair-thin rope or chain, fasteners, handles, sockets, and standardized bars or axles","major parts remain legible in orbit and can be grouped deterministically; no fused moving state, dense fastener noise, or warped repeated parts","Create exactly one low-poly medieval-fantasy capstan and chain drum donor for Genesis. Variant: jammed/spent mechanism. Functional purpose: Waist-high rotational mechanism for hauling, gates, ship-like works, mines, and heavy doors. Match the supplied reference image exactly and preserve the main chassis, load-bearing frame, major moving volumes, readable mechanism, and separable large construction parts; for this row, specifically the jammed/spent mechanism. Use a few large deliberate construction-aligned planes, strong silhouette, thick mechanically legible parts, broad material regions, and honest open space. Do not add scenery, a floor base, characters, unrelated props, micro-clutter, text, labels, baked directional light, or any engine-owned feature: animation, pivots, sockets, standardized wheels or drums, rope and chain, collision, materials, cargo, state, damage logic, and gameplay authority. Exactly one coherent object or intentionally fused cluster."
112,V1-C,queued,M028-C,M028,C,mechanism,Piston mine pump,failed/leaking pump,"Readable intake, cylinder, lever, and discharge parts for flood control and industrial storytelling.",1400,reference-images/M028-C-piston-mine-pump-v1.png,incoming/M028-C-piston-mine-pump-smart-1400.glb,processed/M028-C-piston-mine-pump-clean-v1.glb,"the main chassis, load-bearing frame, major moving volumes, readable mechanism, and separable large construction parts; for this row, specifically the failed/leaking pump","animation, pivots, sockets, standardized wheels or drums, rope and chain, collision, materials, cargo, state, damage logic, and gameplay authority","dirty repeated wheels, hair-thin rope or chain, fasteners, handles, sockets, and standardized bars or axles","major parts remain legible in orbit and can be grouped deterministically; no fused moving state, dense fastener noise, or warped repeated parts","Create exactly one low-poly medieval-fantasy piston mine pump donor for Genesis. Variant: failed/leaking pump. Functional purpose: Readable intake, cylinder, lever, and discharge parts for flood control and industrial storytelling. Match the supplied reference image exactly and preserve the main chassis, load-bearing frame, major moving volumes, readable mechanism, and separable large construction parts; for this row, specifically the failed/leaking pump. Use a few large deliberate construction-aligned planes, strong silhouette, thick mechanically legible parts, broad material regions, and honest open space. Do not add scenery, a floor base, characters, unrelated props, micro-clutter, text, labels, baked directional light, or any engine-owned feature: animation, pivots, sockets, standardized wheels or drums, rope and chain, collision, materials, cargo, state, damage logic, and gameplay authority. Exactly one coherent object or intentionally fused cluster."
112,V1-C,queued,M029-C,M029,C,mechanism,Bellows or treadle pump,torn/collapsed bellows,"Low-tech air or water movement device serving forge, mine ventilation, workshop, and ritual fire.",900,reference-images/M029-C-bellows-or-treadle-pump-v1.png,incoming/M029-C-bellows-or-treadle-pump-smart-900.glb,processed/M029-C-bellows-or-treadle-pump-clean-v1.glb,"the main chassis, load-bearing frame, major moving volumes, readable mechanism, and separable large construction parts; for this row, specifically the torn/collapsed bellows","animation, pivots, sockets, standardized wheels or drums, rope and chain, collision, materials, cargo, state, damage logic, and gameplay authority","dirty repeated wheels, hair-thin rope or chain, fasteners, handles, sockets, and standardized bars or axles","major parts remain legible in orbit and can be grouped deterministically; no fused moving state, dense fastener noise, or warped repeated parts","Create exactly one low-poly medieval-fantasy bellows or treadle pump donor for Genesis. Variant: torn/collapsed bellows. Functional purpose: Low-tech air or water movement device serving forge, mine ventilation, workshop, and ritual fire. Match the supplied reference image exactly and preserve the main chassis, load-bearing frame, major moving volumes, readable mechanism, and separable large construction parts; for this row, specifically the torn/collapsed bellows. Use a few large deliberate construction-aligned planes, strong silhouette, thick mechanically legible parts, broad material regions, and honest open space. Do not add scenery, a floor base, characters, unrelated props, micro-clutter, text, labels, baked directional light, or any engine-owned feature: animation, pivots, sockets, standardized wheels or drums, rope and chain, collision, materials, cargo, state, damage logic, and gameplay authority. Exactly one coherent object or intentionally fused cluster."
112,V1-C,queued,M030-C,M030,C,mechanism,Jaw crusher,jammed/broken crusher,"Compact paired plates, hopper, and drive suitable for ore, stone, salvage, or fantasy processing.",1400,reference-images/M030-C-jaw-crusher-v1.png,incoming/M030-C-jaw-crusher-smart-1400.glb,processed/M030-C-jaw-crusher-clean-v1.glb,"the main chassis, load-bearing frame, major moving volumes, readable mechanism, and separable large construction parts; for this row, specifically the jammed/broken crusher","animation, pivots, sockets, standardized wheels or drums, rope and chain, collision, materials, cargo, state, damage logic, and gameplay authority","dirty repeated wheels, hair-thin rope or chain, fasteners, handles, sockets, and standardized bars or axles","major parts remain legible in orbit and can be grouped deterministically; no fused moving state, dense fastener noise, or warped repeated parts","Create exactly one low-poly medieval-fantasy jaw crusher donor for Genesis. Variant: jammed/broken crusher. Functional purpose: Compact paired plates, hopper, and drive suitable for ore, stone, salvage, or fantasy processing. Match the supplied reference image exactly and preserve the main chassis, load-bearing frame, major moving volumes, readable mechanism, and separable large construction parts; for this row, specifically the jammed/broken crusher. Use a few large deliberate construction-aligned planes, strong silhouette, thick mechanically legible parts, broad material regions, and honest open space. Do not add scenery, a floor base, characters, unrelated props, micro-clutter, text, labels, baked directional light, or any engine-owned feature: animation, pivots, sockets, standardized wheels or drums, rope and chain, collision, materials, cargo, state, damage logic, and gameplay authority. Exactly one coherent object or intentionally fused cluster."
112,V1-C,queued,M031-C,M031,C,mechanism,Stamp-mill module,snapped/seized stamp,One readable repeatable stamping unit rather than a whole industrial building.,1500,reference-images/M031-C-stamp-mill-module-v1.png,incoming/M031-C-stamp-mill-module-smart-1500.glb,processed/M031-C-stamp-mill-module-clean-v1.glb,"the main chassis, load-bearing frame, major moving volumes, readable mechanism, and separable large construction parts; for this row, specifically the snapped/seized stamp","animation, pivots, sockets, standardized wheels or drums, rope and chain, collision, materials, cargo, state, damage logic, and gameplay authority","dirty repeated wheels, hair-thin rope or chain, fasteners, handles, sockets, and standardized bars or axles","major parts remain legible in orbit and can be grouped deterministically; no fused moving state, dense fastener noise, or warped repeated parts","Create exactly one low-poly medieval-fantasy stamp-mill module donor for Genesis. Variant: snapped/seized stamp. Functional purpose: One readable repeatable stamping unit rather than a whole industrial building. Match the supplied reference image exactly and preserve the main chassis, load-bearing frame, major moving volumes, readable mechanism, and separable large construction parts; for this row, specifically the snapped/seized stamp. Use a few large deliberate construction-aligned planes, strong silhouette, thick mechanically legible parts, broad material regions, and honest open space. Do not add scenery, a floor base, characters, unrelated props, micro-clutter, text, labels, baked directional light, or any engine-owned feature: animation, pivots, sockets, standardized wheels or drums, rope and chain, collision, materials, cargo, state, damage logic, and gameplay authority. Exactly one coherent object or intentionally fused cluster."
112,V1-C,queued,M032-C,M032,C,mechanism,Ore-washing rocker and trough,silted/broken wash unit,"Water-assisted processing equipment with separated tray, stand, screen, and discharge.",1100,reference-images/M032-C-ore-washing-rocker-and-trough-v1.png,incoming/M032-C-ore-washing-rocker-and-trough-smart-1100.glb,processed/M032-C-ore-washing-rocker-and-trough-clean-v1.glb,"the main chassis, load-bearing frame, major moving volumes, readable mechanism, and separable large construction parts; for this row, specifically the silted/broken wash unit","animation, pivots, sockets, standardized wheels or drums, rope and chain, collision, materials, cargo, state, damage logic, and gameplay authority","dirty repeated wheels, hair-thin rope or chain, fasteners, handles, sockets, and standardized bars or axles","major parts remain legible in orbit and can be grouped deterministically; no fused moving state, dense fastener noise, or warped repeated parts","Create exactly one low-poly medieval-fantasy ore-washing rocker and trough donor for Genesis. Variant: silted/broken wash unit. Functional purpose: Water-assisted processing equipment with separated tray, stand, screen, and discharge. Match the supplied reference image exactly and preserve the main chassis, load-bearing frame, major moving volumes, readable mechanism, and separable large construction parts; for this row, specifically the silted/broken wash unit. Use a few large deliberate construction-aligned planes, strong silhouette, thick mechanically legible parts, broad material regions, and honest open space. Do not add scenery, a floor base, characters, unrelated props, micro-clutter, text, labels, baked directional light, or any engine-owned feature: animation, pivots, sockets, standardized wheels or drums, rope and chain, collision, materials, cargo, state, damage logic, and gameplay authority. Exactly one coherent object or intentionally fused cluster."
112,V1-C,queued,M033-C,M033,C,mechanism,Sorting hopper and work table,tipped/spilled station,"Reusable gravity-fed task station for ore, grain, salvage, market goods, or alchemical material.",1000,reference-images/M033-C-sorting-hopper-and-work-table-v1.png,incoming/M033-C-sorting-hopper-and-work-table-smart-1000.glb,processed/M033-C-sorting-hopper-and-work-table-clean-v1.glb,"the main chassis, load-bearing frame, major moving volumes, readable mechanism, and separable large construction parts; for this row, specifically the tipped/spilled station","animation, pivots, sockets, standardized wheels or drums, rope and chain, collision, materials, cargo, state, damage logic, and gameplay authority","dirty repeated wheels, hair-thin rope or chain, fasteners, handles, sockets, and standardized bars or axles","major parts remain legible in orbit and can be grouped deterministically; no fused moving state, dense fastener noise, or warped repeated parts","Create exactly one low-poly medieval-fantasy sorting hopper and work table donor for Genesis. Variant: tipped/spilled station. Functional purpose: Reusable gravity-fed task station for ore, grain, salvage, market goods, or alchemical material. Match the supplied reference image exactly and preserve the main chassis, load-bearing frame, major moving volumes, readable mechanism, and separable large construction parts; for this row, specifically the tipped/spilled station. Use a few large deliberate construction-aligned planes, strong silhouette, thick mechanically legible parts, broad material regions, and honest open space. Do not add scenery, a floor base, characters, unrelated props, micro-clutter, text, labels, baked directional light, or any engine-owned feature: animation, pivots, sockets, standardized wheels or drums, rope and chain, collision, materials, cargo, state, damage logic, and gameplay authority. Exactly one coherent object or intentionally fused cluster."
112,V1-C,queued,M034-C,M034,C,mechanism,Ventilation fan or large workshop bellows,stopped/damaged fan,A legible air-moving landmark for dangerous interiors.,1200,reference-images/M034-C-ventilation-fan-or-large-workshop-bellows-v1.png,incoming/M034-C-ventilation-fan-or-large-workshop-bellows-smart-1200.glb,processed/M034-C-ventilation-fan-or-large-workshop-bellows-clean-v1.glb,"the main chassis, load-bearing frame, major moving volumes, readable mechanism, and separable large construction parts; for this row, specifically the stopped/damaged fan","animation, pivots, sockets, standardized wheels or drums, rope and chain, collision, materials, cargo, state, damage logic, and gameplay authority","dirty repeated wheels, hair-thin rope or chain, fasteners, handles, sockets, and standardized bars or axles","major parts remain legible in orbit and can be grouped deterministically; no fused moving state, dense fastener noise, or warped repeated parts","Create exactly one low-poly medieval-fantasy ventilation fan or large workshop bellows donor for Genesis. Variant: stopped/damaged fan. Functional purpose: A legible air-moving landmark for dangerous interiors. Match the supplied reference image exactly and preserve the main chassis, load-bearing frame, major moving volumes, readable mechanism, and separable large construction parts; for this row, specifically the stopped/damaged fan. Use a few large deliberate construction-aligned planes, strong silhouette, thick mechanically legible parts, broad material regions, and honest open space. Do not add scenery, a floor base, characters, unrelated props, micro-clutter, text, labels, baked directional light, or any engine-owned feature: animation, pivots, sockets, standardized wheels or drums, rope and chain, collision, materials, cargo, state, damage logic, and gameplay authority. Exactly one coherent object or intentionally fused cluster."
113,V1-D,queued,M019-D,M019,D,mechanism,Universal four-wheel wagon chassis,reinforced service chassis,"Narrow reusable platform with separate wheels, axles, tongue, bed, and attachment sockets for cargo, sides, canopy, lights, and repair states.",1800,reference-images/M019-D-universal-four-wheel-wagon-chassis-v1.png,incoming/M019-D-universal-four-wheel-wagon-chassis-smart-1800.glb,processed/M019-D-universal-four-wheel-wagon-chassis-clean-v1.glb,"the main chassis, load-bearing frame, major moving volumes, readable mechanism, and separable large construction parts; for this row, specifically the reinforced service chassis","animation, pivots, sockets, standardized wheels or drums, rope and chain, collision, materials, cargo, state, damage logic, and gameplay authority","dirty repeated wheels, hair-thin rope or chain, fasteners, handles, sockets, and standardized bars or axles","major parts remain legible in orbit and can be grouped deterministically; no fused moving state, dense fastener noise, or warped repeated parts","Create exactly one low-poly medieval-fantasy universal four-wheel wagon chassis donor for Genesis. Variant: reinforced service chassis. Functional purpose: Narrow reusable platform with separate wheels, axles, tongue, bed, and attachment sockets for cargo, sides, canopy, lights, and repair states. Match the supplied reference image exactly and preserve the main chassis, load-bearing frame, major moving volumes, readable mechanism, and separable large construction parts; for this row, specifically the reinforced service chassis. Use a few large deliberate construction-aligned planes, strong silhouette, thick mechanically legible parts, broad material regions, and honest open space. Do not add scenery, a floor base, characters, unrelated props, micro-clutter, text, labels, baked directional light, or any engine-owned feature: animation, pivots, sockets, standardized wheels or drums, rope and chain, collision, materials, cargo, state, damage logic, and gameplay authority. Exactly one coherent object or intentionally fused cluster."
113,V1-D,queued,M020-D,M020,D,mechanism,Two-wheel handcart,patched culture-owned cart,"Human-scale carrier suitable for markets, camps, workshops, corpses, tools, and improvised barricades.",1200,reference-images/M020-D-two-wheel-handcart-v1.png,incoming/M020-D-two-wheel-handcart-smart-1200.glb,processed/M020-D-two-wheel-handcart-clean-v1.glb,"the main chassis, load-bearing frame, major moving volumes, readable mechanism, and separable large construction parts; for this row, specifically the patched culture-owned cart","animation, pivots, sockets, standardized wheels or drums, rope and chain, collision, materials, cargo, state, damage logic, and gameplay authority","dirty repeated wheels, hair-thin rope or chain, fasteners, handles, sockets, and standardized bars or axles","major parts remain legible in orbit and can be grouped deterministically; no fused moving state, dense fastener noise, or warped repeated parts","Create exactly one low-poly medieval-fantasy two-wheel handcart donor for Genesis. Variant: patched culture-owned cart. Functional purpose: Human-scale carrier suitable for markets, camps, workshops, corpses, tools, and improvised barricades. Match the supplied reference image exactly and preserve the main chassis, load-bearing frame, major moving volumes, readable mechanism, and separable large construction parts; for this row, specifically the patched culture-owned cart. Use a few large deliberate construction-aligned planes, strong silhouette, thick mechanically legible parts, broad material regions, and honest open space. Do not add scenery, a floor base, characters, unrelated props, micro-clutter, text, labels, baked directional light, or any engine-owned feature: animation, pivots, sockets, standardized wheels or drums, rope and chain, collision, materials, cargo, state, damage logic, and gameplay authority. Exactly one coherent object or intentionally fused cluster."
113,V1-D,queued,M021-D,M021,D,mechanism,Mine ore cart,repaired or mineral-work variant,Compact industrial tub and wheel assembly that can run on rails or a prepared haul route.,1100,reference-images/M021-D-mine-ore-cart-v1.png,incoming/M021-D-mine-ore-cart-smart-1100.glb,processed/M021-D-mine-ore-cart-clean-v1.glb,"the main chassis, load-bearing frame, major moving volumes, readable mechanism, and separable large construction parts; for this row, specifically the repaired or mineral-work variant","animation, pivots, sockets, standardized wheels or drums, rope and chain, collision, materials, cargo, state, damage logic, and gameplay authority","dirty repeated wheels, hair-thin rope or chain, fasteners, handles, sockets, and standardized bars or axles","major parts remain legible in orbit and can be grouped deterministically; no fused moving state, dense fastener noise, or warped repeated parts","Create exactly one low-poly medieval-fantasy mine ore cart donor for Genesis. Variant: repaired or mineral-work variant. Functional purpose: Compact industrial tub and wheel assembly that can run on rails or a prepared haul route. Match the supplied reference image exactly and preserve the main chassis, load-bearing frame, major moving volumes, readable mechanism, and separable large construction parts; for this row, specifically the repaired or mineral-work variant. Use a few large deliberate construction-aligned planes, strong silhouette, thick mechanically legible parts, broad material regions, and honest open space. Do not add scenery, a floor base, characters, unrelated props, micro-clutter, text, labels, baked directional light, or any engine-owned feature: animation, pivots, sockets, standardized wheels or drums, rope and chain, collision, materials, cargo, state, damage logic, and gameplay authority. Exactly one coherent object or intentionally fused cluster."
113,V1-D,queued,M022-D,M022,D,mechanism,Sledge and travois carrier,lashed field repair,"Wheel-free hauling platform for rough ground, snow, mud, camp movement, and creature or humanoid drag teams.",900,reference-images/M022-D-sledge-and-travois-carrier-v1.png,incoming/M022-D-sledge-and-travois-carrier-smart-900.glb,processed/M022-D-sledge-and-travois-carrier-clean-v1.glb,"the main chassis, load-bearing frame, major moving volumes, readable mechanism, and separable large construction parts; for this row, specifically the lashed field repair","animation, pivots, sockets, standardized wheels or drums, rope and chain, collision, materials, cargo, state, damage logic, and gameplay authority","dirty repeated wheels, hair-thin rope or chain, fasteners, handles, sockets, and standardized bars or axles","major parts remain legible in orbit and can be grouped deterministically; no fused moving state, dense fastener noise, or warped repeated parts","Create exactly one low-poly medieval-fantasy sledge and travois carrier donor for Genesis. Variant: lashed field repair. Functional purpose: Wheel-free hauling platform for rough ground, snow, mud, camp movement, and creature or humanoid drag teams. Match the supplied reference image exactly and preserve the main chassis, load-bearing frame, major moving volumes, readable mechanism, and separable large construction parts; for this row, specifically the lashed field repair. Use a few large deliberate construction-aligned planes, strong silhouette, thick mechanically legible parts, broad material regions, and honest open space. Do not add scenery, a floor base, characters, unrelated props, micro-clutter, text, labels, baked directional light, or any engine-owned feature: animation, pivots, sockets, standardized wheels or drums, rope and chain, collision, materials, cargo, state, damage logic, and gameplay authority. Exactly one coherent object or intentionally fused cluster."
113,V1-D,queued,M023-D,M023,D,mechanism,Pack frame and carrier rack,fortified or ceremonial rack,"Freestanding load-bearing framework that can receive bags, ore, firewood, bodies, cages, or ritual cargo.",900,reference-images/M023-D-pack-frame-and-carrier-rack-v1.png,incoming/M023-D-pack-frame-and-carrier-rack-smart-900.glb,processed/M023-D-pack-frame-and-carrier-rack-clean-v1.glb,"the main chassis, load-bearing frame, major moving volumes, readable mechanism, and separable large construction parts; for this row, specifically the fortified or ceremonial rack","animation, pivots, sockets, standardized wheels or drums, rope and chain, collision, materials, cargo, state, damage logic, and gameplay authority","dirty repeated wheels, hair-thin rope or chain, fasteners, handles, sockets, and standardized bars or axles","major parts remain legible in orbit and can be grouped deterministically; no fused moving state, dense fastener noise, or warped repeated parts","Create exactly one low-poly medieval-fantasy pack frame and carrier rack donor for Genesis. Variant: fortified or ceremonial rack. Functional purpose: Freestanding load-bearing framework that can receive bags, ore, firewood, bodies, cages, or ritual cargo. Match the supplied reference image exactly and preserve the main chassis, load-bearing frame, major moving volumes, readable mechanism, and separable large construction parts; for this row, specifically the fortified or ceremonial rack. Use a few large deliberate construction-aligned planes, strong silhouette, thick mechanically legible parts, broad material regions, and honest open space. Do not add scenery, a floor base, characters, unrelated props, micro-clutter, text, labels, baked directional light, or any engine-owned feature: animation, pivots, sockets, standardized wheels or drums, rope and chain, collision, materials, cargo, state, damage logic, and gameplay authority. Exactly one coherent object or intentionally fused cluster."
113,V1-D,queued,M024-D,M024,D,mechanism,Counterweighted road barrier,improvised reoccupation version,"Recognizable checkpoint mechanism with separately useful beam, pivot, weight, rope, and support.",1000,reference-images/M024-D-counterweighted-road-barrier-v1.png,incoming/M024-D-counterweighted-road-barrier-smart-1000.glb,processed/M024-D-counterweighted-road-barrier-clean-v1.glb,"the main chassis, load-bearing frame, major moving volumes, readable mechanism, and separable large construction parts; for this row, specifically the improvised reoccupation version","animation, pivots, sockets, standardized wheels or drums, rope and chain, collision, materials, cargo, state, damage logic, and gameplay authority","dirty repeated wheels, hair-thin rope or chain, fasteners, handles, sockets, and standardized bars or axles","major parts remain legible in orbit and can be grouped deterministically; no fused moving state, dense fastener noise, or warped repeated parts","Create exactly one low-poly medieval-fantasy counterweighted road barrier donor for Genesis. Variant: improvised reoccupation version. Functional purpose: Recognizable checkpoint mechanism with separately useful beam, pivot, weight, rope, and support. Match the supplied reference image exactly and preserve the main chassis, load-bearing frame, major moving volumes, readable mechanism, and separable large construction parts; for this row, specifically the improvised reoccupation version. Use a few large deliberate construction-aligned planes, strong silhouette, thick mechanically legible parts, broad material regions, and honest open space. Do not add scenery, a floor base, characters, unrelated props, micro-clutter, text, labels, baked directional light, or any engine-owned feature: animation, pivots, sockets, standardized wheels or drums, rope and chain, collision, materials, cargo, state, damage logic, and gameplay authority. Exactly one coherent object or intentionally fused cluster."
113,V1-D,queued,M025-D,M025,D,mechanism,Hand windlass and winch,repaired or geared winch,"Universal rotating drum for wells, gates, shafts, bridges, cages, and workshop lifting.",1200,reference-images/M025-D-hand-windlass-and-winch-v1.png,incoming/M025-D-hand-windlass-and-winch-smart-1200.glb,processed/M025-D-hand-windlass-and-winch-clean-v1.glb,"the main chassis, load-bearing frame, major moving volumes, readable mechanism, and separable large construction parts; for this row, specifically the repaired or geared winch","animation, pivots, sockets, standardized wheels or drums, rope and chain, collision, materials, cargo, state, damage logic, and gameplay authority","dirty repeated wheels, hair-thin rope or chain, fasteners, handles, sockets, and standardized bars or axles","major parts remain legible in orbit and can be grouped deterministically; no fused moving state, dense fastener noise, or warped repeated parts","Create exactly one low-poly medieval-fantasy hand windlass and winch donor for Genesis. Variant: repaired or geared winch. Functional purpose: Universal rotating drum for wells, gates, shafts, bridges, cages, and workshop lifting. Match the supplied reference image exactly and preserve the main chassis, load-bearing frame, major moving volumes, readable mechanism, and separable large construction parts; for this row, specifically the repaired or geared winch. Use a few large deliberate construction-aligned planes, strong silhouette, thick mechanically legible parts, broad material regions, and honest open space. Do not add scenery, a floor base, characters, unrelated props, micro-clutter, text, labels, baked directional light, or any engine-owned feature: animation, pivots, sockets, standardized wheels or drums, rope and chain, collision, materials, cargo, state, damage logic, and gameplay authority. Exactly one coherent object or intentionally fused cluster."
113,V1-D,queued,M026-D,M026,D,mechanism,Mine hoist headframe assembly,reinforced or culture-shaped headframe,Compact above-shaft lifting vocabulary; not a whole building.,1500,reference-images/M026-D-mine-hoist-headframe-assembly-v1.png,incoming/M026-D-mine-hoist-headframe-assembly-smart-1500.glb,processed/M026-D-mine-hoist-headframe-assembly-clean-v1.glb,"the main chassis, load-bearing frame, major moving volumes, readable mechanism, and separable large construction parts; for this row, specifically the reinforced or culture-shaped headframe","animation, pivots, sockets, standardized wheels or drums, rope and chain, collision, materials, cargo, state, damage logic, and gameplay authority","dirty repeated wheels, hair-thin rope or chain, fasteners, handles, sockets, and standardized bars or axles","major parts remain legible in orbit and can be grouped deterministically; no fused moving state, dense fastener noise, or warped repeated parts","Create exactly one low-poly medieval-fantasy mine hoist headframe assembly donor for Genesis. Variant: reinforced or culture-shaped headframe. Functional purpose: Compact above-shaft lifting vocabulary; not a whole building. Match the supplied reference image exactly and preserve the main chassis, load-bearing frame, major moving volumes, readable mechanism, and separable large construction parts; for this row, specifically the reinforced or culture-shaped headframe. Use a few large deliberate construction-aligned planes, strong silhouette, thick mechanically legible parts, broad material regions, and honest open space. Do not add scenery, a floor base, characters, unrelated props, micro-clutter, text, labels, baked directional light, or any engine-owned feature: animation, pivots, sockets, standardized wheels or drums, rope and chain, collision, materials, cargo, state, damage logic, and gameplay authority. Exactly one coherent object or intentionally fused cluster."
113,V1-D,queued,M027-D,M027,D,mechanism,Capstan and chain drum,repaired or powered adaptation,"Waist-high rotational mechanism for hauling, gates, ship-like works, mines, and heavy doors.",1000,reference-images/M027-D-capstan-and-chain-drum-v1.png,incoming/M027-D-capstan-and-chain-drum-smart-1000.glb,processed/M027-D-capstan-and-chain-drum-clean-v1.glb,"the main chassis, load-bearing frame, major moving volumes, readable mechanism, and separable large construction parts; for this row, specifically the repaired or powered adaptation","animation, pivots, sockets, standardized wheels or drums, rope and chain, collision, materials, cargo, state, damage logic, and gameplay authority","dirty repeated wheels, hair-thin rope or chain, fasteners, handles, sockets, and standardized bars or axles","major parts remain legible in orbit and can be grouped deterministically; no fused moving state, dense fastener noise, or warped repeated parts","Create exactly one low-poly medieval-fantasy capstan and chain drum donor for Genesis. Variant: repaired or powered adaptation. Functional purpose: Waist-high rotational mechanism for hauling, gates, ship-like works, mines, and heavy doors. Match the supplied reference image exactly and preserve the main chassis, load-bearing frame, major moving volumes, readable mechanism, and separable large construction parts; for this row, specifically the repaired or powered adaptation. Use a few large deliberate construction-aligned planes, strong silhouette, thick mechanically legible parts, broad material regions, and honest open space. Do not add scenery, a floor base, characters, unrelated props, micro-clutter, text, labels, baked directional light, or any engine-owned feature: animation, pivots, sockets, standardized wheels or drums, rope and chain, collision, materials, cargo, state, damage logic, and gameplay authority. Exactly one coherent object or intentionally fused cluster."
113,V1-D,queued,M028-D,M028,D,mechanism,Piston mine pump,patched working pump,"Readable intake, cylinder, lever, and discharge parts for flood control and industrial storytelling.",1400,reference-images/M028-D-piston-mine-pump-v1.png,incoming/M028-D-piston-mine-pump-smart-1400.glb,processed/M028-D-piston-mine-pump-clean-v1.glb,"the main chassis, load-bearing frame, major moving volumes, readable mechanism, and separable large construction parts; for this row, specifically the patched working pump","animation, pivots, sockets, standardized wheels or drums, rope and chain, collision, materials, cargo, state, damage logic, and gameplay authority","dirty repeated wheels, hair-thin rope or chain, fasteners, handles, sockets, and standardized bars or axles","major parts remain legible in orbit and can be grouped deterministically; no fused moving state, dense fastener noise, or warped repeated parts","Create exactly one low-poly medieval-fantasy piston mine pump donor for Genesis. Variant: patched working pump. Functional purpose: Readable intake, cylinder, lever, and discharge parts for flood control and industrial storytelling. Match the supplied reference image exactly and preserve the main chassis, load-bearing frame, major moving volumes, readable mechanism, and separable large construction parts; for this row, specifically the patched working pump. Use a few large deliberate construction-aligned planes, strong silhouette, thick mechanically legible parts, broad material regions, and honest open space. Do not add scenery, a floor base, characters, unrelated props, micro-clutter, text, labels, baked directional light, or any engine-owned feature: animation, pivots, sockets, standardized wheels or drums, rope and chain, collision, materials, cargo, state, damage logic, and gameplay authority. Exactly one coherent object or intentionally fused cluster."
113,V1-D,queued,M029-D,M029,D,mechanism,Bellows or treadle pump,repaired or ceremonial bellows,"Low-tech air or water movement device serving forge, mine ventilation, workshop, and ritual fire.",900,reference-images/M029-D-bellows-or-treadle-pump-v1.png,incoming/M029-D-bellows-or-treadle-pump-smart-900.glb,processed/M029-D-bellows-or-treadle-pump-clean-v1.glb,"the main chassis, load-bearing frame, major moving volumes, readable mechanism, and separable large construction parts; for this row, specifically the repaired or ceremonial bellows","animation, pivots, sockets, standardized wheels or drums, rope and chain, collision, materials, cargo, state, damage logic, and gameplay authority","dirty repeated wheels, hair-thin rope or chain, fasteners, handles, sockets, and standardized bars or axles","major parts remain legible in orbit and can be grouped deterministically; no fused moving state, dense fastener noise, or warped repeated parts","Create exactly one low-poly medieval-fantasy bellows or treadle pump donor for Genesis. Variant: repaired or ceremonial bellows. Functional purpose: Low-tech air or water movement device serving forge, mine ventilation, workshop, and ritual fire. Match the supplied reference image exactly and preserve the main chassis, load-bearing frame, major moving volumes, readable mechanism, and separable large construction parts; for this row, specifically the repaired or ceremonial bellows. Use a few large deliberate construction-aligned planes, strong silhouette, thick mechanically legible parts, broad material regions, and honest open space. Do not add scenery, a floor base, characters, unrelated props, micro-clutter, text, labels, baked directional light, or any engine-owned feature: animation, pivots, sockets, standardized wheels or drums, rope and chain, collision, materials, cargo, state, damage logic, and gameplay authority. Exactly one coherent object or intentionally fused cluster."
113,V1-D,queued,M030-D,M030,D,mechanism,Jaw crusher,reinforced or strange-material crusher,"Compact paired plates, hopper, and drive suitable for ore, stone, salvage, or fantasy processing.",1400,reference-images/M030-D-jaw-crusher-v1.png,incoming/M030-D-jaw-crusher-smart-1400.glb,processed/M030-D-jaw-crusher-clean-v1.glb,"the main chassis, load-bearing frame, major moving volumes, readable mechanism, and separable large construction parts; for this row, specifically the reinforced or strange-material crusher","animation, pivots, sockets, standardized wheels or drums, rope and chain, collision, materials, cargo, state, damage logic, and gameplay authority","dirty repeated wheels, hair-thin rope or chain, fasteners, handles, sockets, and standardized bars or axles","major parts remain legible in orbit and can be grouped deterministically; no fused moving state, dense fastener noise, or warped repeated parts","Create exactly one low-poly medieval-fantasy jaw crusher donor for Genesis. Variant: reinforced or strange-material crusher. Functional purpose: Compact paired plates, hopper, and drive suitable for ore, stone, salvage, or fantasy processing. Match the supplied reference image exactly and preserve the main chassis, load-bearing frame, major moving volumes, readable mechanism, and separable large construction parts; for this row, specifically the reinforced or strange-material crusher. Use a few large deliberate construction-aligned planes, strong silhouette, thick mechanically legible parts, broad material regions, and honest open space. Do not add scenery, a floor base, characters, unrelated props, micro-clutter, text, labels, baked directional light, or any engine-owned feature: animation, pivots, sockets, standardized wheels or drums, rope and chain, collision, materials, cargo, state, damage logic, and gameplay authority. Exactly one coherent object or intentionally fused cluster."
113,V1-D,queued,M031-D,M031,D,mechanism,Stamp-mill module,repaired or magically driven stamp,One readable repeatable stamping unit rather than a whole industrial building.,1500,reference-images/M031-D-stamp-mill-module-v1.png,incoming/M031-D-stamp-mill-module-smart-1500.glb,processed/M031-D-stamp-mill-module-clean-v1.glb,"the main chassis, load-bearing frame, major moving volumes, readable mechanism, and separable large construction parts; for this row, specifically the repaired or magically driven stamp","animation, pivots, sockets, standardized wheels or drums, rope and chain, collision, materials, cargo, state, damage logic, and gameplay authority","dirty repeated wheels, hair-thin rope or chain, fasteners, handles, sockets, and standardized bars or axles","major parts remain legible in orbit and can be grouped deterministically; no fused moving state, dense fastener noise, or warped repeated parts","Create exactly one low-poly medieval-fantasy stamp-mill module donor for Genesis. Variant: repaired or magically driven stamp. Functional purpose: One readable repeatable stamping unit rather than a whole industrial building. Match the supplied reference image exactly and preserve the main chassis, load-bearing frame, major moving volumes, readable mechanism, and separable large construction parts; for this row, specifically the repaired or magically driven stamp. Use a few large deliberate construction-aligned planes, strong silhouette, thick mechanically legible parts, broad material regions, and honest open space. Do not add scenery, a floor base, characters, unrelated props, micro-clutter, text, labels, baked directional light, or any engine-owned feature: animation, pivots, sockets, standardized wheels or drums, rope and chain, collision, materials, cargo, state, damage logic, and gameplay authority. Exactly one coherent object or intentionally fused cluster."
113,V1-D,queued,M032-D,M032,D,mechanism,Ore-washing rocker and trough,cleared or culture-owned wash unit,"Water-assisted processing equipment with separated tray, stand, screen, and discharge.",1100,reference-images/M032-D-ore-washing-rocker-and-trough-v1.png,incoming/M032-D-ore-washing-rocker-and-trough-smart-1100.glb,processed/M032-D-ore-washing-rocker-and-trough-clean-v1.glb,"the main chassis, load-bearing frame, major moving volumes, readable mechanism, and separable large construction parts; for this row, specifically the cleared or culture-owned wash unit","animation, pivots, sockets, standardized wheels or drums, rope and chain, collision, materials, cargo, state, damage logic, and gameplay authority","dirty repeated wheels, hair-thin rope or chain, fasteners, handles, sockets, and standardized bars or axles","major parts remain legible in orbit and can be grouped deterministically; no fused moving state, dense fastener noise, or warped repeated parts","Create exactly one low-poly medieval-fantasy ore-washing rocker and trough donor for Genesis. Variant: cleared or culture-owned wash unit. Functional purpose: Water-assisted processing equipment with separated tray, stand, screen, and discharge. Match the supplied reference image exactly and preserve the main chassis, load-bearing frame, major moving volumes, readable mechanism, and separable large construction parts; for this row, specifically the cleared or culture-owned wash unit. Use a few large deliberate construction-aligned planes, strong silhouette, thick mechanically legible parts, broad material regions, and honest open space. Do not add scenery, a floor base, characters, unrelated props, micro-clutter, text, labels, baked directional light, or any engine-owned feature: animation, pivots, sockets, standardized wheels or drums, rope and chain, collision, materials, cargo, state, damage logic, and gameplay authority. Exactly one coherent object or intentionally fused cluster."
113,V1-D,queued,M033-D,M033,D,mechanism,Sorting hopper and work table,repaired or repurposed station,"Reusable gravity-fed task station for ore, grain, salvage, market goods, or alchemical material.",1000,reference-images/M033-D-sorting-hopper-and-work-table-v1.png,incoming/M033-D-sorting-hopper-and-work-table-smart-1000.glb,processed/M033-D-sorting-hopper-and-work-table-clean-v1.glb,"the main chassis, load-bearing frame, major moving volumes, readable mechanism, and separable large construction parts; for this row, specifically the repaired or repurposed station","animation, pivots, sockets, standardized wheels or drums, rope and chain, collision, materials, cargo, state, damage logic, and gameplay authority","dirty repeated wheels, hair-thin rope or chain, fasteners, handles, sockets, and standardized bars or axles","major parts remain legible in orbit and can be grouped deterministically; no fused moving state, dense fastener noise, or warped repeated parts","Create exactly one low-poly medieval-fantasy sorting hopper and work table donor for Genesis. Variant: repaired or repurposed station. Functional purpose: Reusable gravity-fed task station for ore, grain, salvage, market goods, or alchemical material. Match the supplied reference image exactly and preserve the main chassis, load-bearing frame, major moving volumes, readable mechanism, and separable large construction parts; for this row, specifically the repaired or repurposed station. Use a few large deliberate construction-aligned planes, strong silhouette, thick mechanically legible parts, broad material regions, and honest open space. Do not add scenery, a floor base, characters, unrelated props, micro-clutter, text, labels, baked directional light, or any engine-owned feature: animation, pivots, sockets, standardized wheels or drums, rope and chain, collision, materials, cargo, state, damage logic, and gameplay authority. Exactly one coherent object or intentionally fused cluster."
113,V1-D,queued,M034-D,M034,D,mechanism,Ventilation fan or large workshop bellows,"repaired, guarded, or arcane-powered fan",A legible air-moving landmark for dangerous interiors.,1200,reference-images/M034-D-ventilation-fan-or-large-workshop-bellows-v1.png,incoming/M034-D-ventilation-fan-or-large-workshop-bellows-smart-1200.glb,processed/M034-D-ventilation-fan-or-large-workshop-bellows-clean-v1.glb,"the main chassis, load-bearing frame, major moving volumes, readable mechanism, and separable large construction parts; for this row, specifically the repaired, guarded, or arcane-powered fan","animation, pivots, sockets, standardized wheels or drums, rope and chain, collision, materials, cargo, state, damage logic, and gameplay authority","dirty repeated wheels, hair-thin rope or chain, fasteners, handles, sockets, and standardized bars or axles","major parts remain legible in orbit and can be grouped deterministically; no fused moving state, dense fastener noise, or warped repeated parts","Create exactly one low-poly medieval-fantasy ventilation fan or large workshop bellows donor for Genesis. Variant: repaired, guarded, or arcane-powered fan. Functional purpose: A legible air-moving landmark for dangerous interiors. Match the supplied reference image exactly and preserve the main chassis, load-bearing frame, major moving volumes, readable mechanism, and separable large construction parts; for this row, specifically the repaired, guarded, or arcane-powered fan. Use a few large deliberate construction-aligned planes, strong silhouette, thick mechanically legible parts, broad material regions, and honest open space. Do not add scenery, a floor base, characters, unrelated props, micro-clutter, text, labels, baked directional light, or any engine-owned feature: animation, pivots, sockets, standardized wheels or drums, rope and chain, collision, materials, cargo, state, damage logic, and gameplay authority. Exactly one coherent object or intentionally fused cluster."
121,V2-B,queued,M068-B,M068,B,light,Wall flame sconce,forked timber-and-iron sconce,Grounded dungeon and institutional wall light replacing the abstract bulb while preserving the approved torch behavior.,600,reference-images/M068-B-wall-flame-sconce-v1.png,incoming/M068-B-wall-flame-sconce-smart-600.glb,processed/M068-B-wall-flame-sconce-clean-v1.glb,"the lore-native fixture body, open fuel or emission socket, mount, hood, shield, and thick readable supports; for this row, specifically the forked timber-and-iron sconce","flame or cool emitter, emission, flicker, illumination, smoke, fuel, wall or ceiling registration, materials, collision, culture, and damage","flame, glow volume, light object, smoke, chain, glass panes, fuel, fasteners, and standardized mount hardware","the empty emitter socket and frame openings remain real; no baked flame, glow, smoke, or hair-thin metal survives as required geometry","Create exactly one low-poly medieval-fantasy wall flame sconce donor for Genesis. Variant: forked timber-and-iron sconce. Functional purpose: Grounded dungeon and institutional wall light replacing the abstract bulb while preserving the approved torch behavior. Match the supplied reference image exactly and preserve the lore-native fixture body, open fuel or emission socket, mount, hood, shield, and thick readable supports; for this row, specifically the forked timber-and-iron sconce. Use a few large deliberate construction-aligned planes, strong silhouette, thick mechanically legible parts, broad material regions, and honest open space. Do not add scenery, a floor base, characters, unrelated props, micro-clutter, text, labels, baked directional light, or any engine-owned feature: flame or cool emitter, emission, flicker, illumination, smoke, fuel, wall or ceiling registration, materials, collision, culture, and damage. Exactly one coherent object or intentionally fused cluster."
121,V2-B,queued,M069-B,M069,B,light,Freestanding brazier basket,tall tripod basket,"Movable warm pool for courts, guard decks, camps, streets, rituals, and workshops.",600,reference-images/M069-B-freestanding-brazier-basket-v1.png,incoming/M069-B-freestanding-brazier-basket-smart-600.glb,processed/M069-B-freestanding-brazier-basket-clean-v1.glb,"the lore-native fixture body, open fuel or emission socket, mount, hood, shield, and thick readable supports; for this row, specifically the tall tripod basket","flame or cool emitter, emission, flicker, illumination, smoke, fuel, wall or ceiling registration, materials, collision, culture, and damage","flame, glow volume, light object, smoke, chain, glass panes, fuel, fasteners, and standardized mount hardware","the empty emitter socket and frame openings remain real; no baked flame, glow, smoke, or hair-thin metal survives as required geometry","Create exactly one low-poly medieval-fantasy freestanding brazier basket donor for Genesis. Variant: tall tripod basket. Functional purpose: Movable warm pool for courts, guard decks, camps, streets, rituals, and workshops. Match the supplied reference image exactly and preserve the lore-native fixture body, open fuel or emission socket, mount, hood, shield, and thick readable supports; for this row, specifically the tall tripod basket. Use a few large deliberate construction-aligned planes, strong silhouette, thick mechanically legible parts, broad material regions, and honest open space. Do not add scenery, a floor base, characters, unrelated props, micro-clutter, text, labels, baked directional light, or any engine-owned feature: flame or cool emitter, emission, flicker, illumination, smoke, fuel, wall or ceiling registration, materials, collision, culture, and damage. Exactly one coherent object or intentionally fused cluster."
121,V2-B,queued,M070-B,M070,B,light,Hanging lantern,horn/paper-panel lantern,"Ceiling, beam, hook, and wagon-compatible enclosed warm light with a distinct glowing material volume.",600,reference-images/M070-B-hanging-lantern-v1.png,incoming/M070-B-hanging-lantern-smart-600.glb,processed/M070-B-hanging-lantern-clean-v1.glb,"the lore-native fixture body, open fuel or emission socket, mount, hood, shield, and thick readable supports; for this row, specifically the horn/paper-panel lantern","flame or cool emitter, emission, flicker, illumination, smoke, fuel, wall or ceiling registration, materials, collision, culture, and damage","flame, glow volume, light object, smoke, chain, glass panes, fuel, fasteners, and standardized mount hardware","the empty emitter socket and frame openings remain real; no baked flame, glow, smoke, or hair-thin metal survives as required geometry","Create exactly one low-poly medieval-fantasy hanging lantern donor for Genesis. Variant: horn/paper-panel lantern. Functional purpose: Ceiling, beam, hook, and wagon-compatible enclosed warm light with a distinct glowing material volume. Match the supplied reference image exactly and preserve the lore-native fixture body, open fuel or emission socket, mount, hood, shield, and thick readable supports; for this row, specifically the horn/paper-panel lantern. Use a few large deliberate construction-aligned planes, strong silhouette, thick mechanically legible parts, broad material regions, and honest open space. Do not add scenery, a floor base, characters, unrelated props, micro-clutter, text, labels, baked directional light, or any engine-owned feature: flame or cool emitter, emission, flicker, illumination, smoke, fuel, wall or ceiling registration, materials, collision, culture, and damage. Exactly one coherent object or intentionally fused cluster."
121,V2-B,queued,M071-B,M071,B,light,Hooded mine work lamp,protected candle-box lamp,"Directional task light that can mount to posts, walls, carts, machinery, or work faces.",500,reference-images/M071-B-hooded-mine-work-lamp-v1.png,incoming/M071-B-hooded-mine-work-lamp-smart-500.glb,processed/M071-B-hooded-mine-work-lamp-clean-v1.glb,"the lore-native fixture body, open fuel or emission socket, mount, hood, shield, and thick readable supports; for this row, specifically the protected candle-box lamp","flame or cool emitter, emission, flicker, illumination, smoke, fuel, wall or ceiling registration, materials, collision, culture, and damage","flame, glow volume, light object, smoke, chain, glass panes, fuel, fasteners, and standardized mount hardware","the empty emitter socket and frame openings remain real; no baked flame, glow, smoke, or hair-thin metal survives as required geometry","Create exactly one low-poly medieval-fantasy hooded mine work lamp donor for Genesis. Variant: protected candle-box lamp. Functional purpose: Directional task light that can mount to posts, walls, carts, machinery, or work faces. Match the supplied reference image exactly and preserve the lore-native fixture body, open fuel or emission socket, mount, hood, shield, and thick readable supports; for this row, specifically the protected candle-box lamp. Use a few large deliberate construction-aligned planes, strong silhouette, thick mechanically legible parts, broad material regions, and honest open space. Do not add scenery, a floor base, characters, unrelated props, micro-clutter, text, labels, baked directional light, or any engine-owned feature: flame or cool emitter, emission, flicker, illumination, smoke, fuel, wall or ceiling registration, materials, collision, culture, and damage. Exactly one coherent object or intentionally fused cluster."
121,V2-B,queued,M072-B,M072,B,light,Portable table and hand lantern,handled candle lantern,"Human-scale light that can sit on counters, altars, ledges, wagons, and workstations.",500,reference-images/M072-B-portable-table-and-hand-lantern-v1.png,incoming/M072-B-portable-table-and-hand-lantern-smart-500.glb,processed/M072-B-portable-table-and-hand-lantern-clean-v1.glb,"the lore-native fixture body, open fuel or emission socket, mount, hood, shield, and thick readable supports; for this row, specifically the handled candle lantern","flame or cool emitter, emission, flicker, illumination, smoke, fuel, wall or ceiling registration, materials, collision, culture, and damage","flame, glow volume, light object, smoke, chain, glass panes, fuel, fasteners, and standardized mount hardware","the empty emitter socket and frame openings remain real; no baked flame, glow, smoke, or hair-thin metal survives as required geometry","Create exactly one low-poly medieval-fantasy portable table and hand lantern donor for Genesis. Variant: handled candle lantern. Functional purpose: Human-scale light that can sit on counters, altars, ledges, wagons, and workstations. Match the supplied reference image exactly and preserve the lore-native fixture body, open fuel or emission socket, mount, hood, shield, and thick readable supports; for this row, specifically the handled candle lantern. Use a few large deliberate construction-aligned planes, strong silhouette, thick mechanically legible parts, broad material regions, and honest open space. Do not add scenery, a floor base, characters, unrelated props, micro-clutter, text, labels, baked directional light, or any engine-owned feature: flame or cool emitter, emission, flicker, illumination, smoke, fuel, wall or ceiling registration, materials, collision, culture, and damage. Exactly one coherent object or intentionally fused cluster."
121,V2-B,queued,M073-B,M073,B,light,Ritual cold-light vessel,rune-cut stone vessel,"Lore-native cool magic source with the visible material itself emitting, avoiding a free-floating bulb.",600,reference-images/M073-B-ritual-cold-light-vessel-v1.png,incoming/M073-B-ritual-cold-light-vessel-smart-600.glb,processed/M073-B-ritual-cold-light-vessel-clean-v1.glb,"the lore-native fixture body, open fuel or emission socket, mount, hood, shield, and thick readable supports; for this row, specifically the rune-cut stone vessel","flame or cool emitter, emission, flicker, illumination, smoke, fuel, wall or ceiling registration, materials, collision, culture, and damage","flame, glow volume, light object, smoke, chain, glass panes, fuel, fasteners, and standardized mount hardware","the empty emitter socket and frame openings remain real; no baked flame, glow, smoke, or hair-thin metal survives as required geometry","Create exactly one low-poly medieval-fantasy ritual cold-light vessel donor for Genesis. Variant: rune-cut stone vessel. Functional purpose: Lore-native cool magic source with the visible material itself emitting, avoiding a free-floating bulb. Match the supplied reference image exactly and preserve the lore-native fixture body, open fuel or emission socket, mount, hood, shield, and thick readable supports; for this row, specifically the rune-cut stone vessel. Use a few large deliberate construction-aligned planes, strong silhouette, thick mechanically legible parts, broad material regions, and honest open space. Do not add scenery, a floor base, characters, unrelated props, micro-clutter, text, labels, baked directional light, or any engine-owned feature: flame or cool emitter, emission, flicker, illumination, smoke, fuel, wall or ceiling registration, materials, collision, culture, and damage. Exactly one coherent object or intentionally fused cluster."
121,V2-B,queued,M074-B,M074,B,light,Living or mineral cool-light cluster,mineral bud cluster,"Sunless readable cool source for lairs and mines, grounded in fungus, crystal, or bioluminescent growth.",700,reference-images/M074-B-living-or-mineral-cool-light-cluster-v1.png,incoming/M074-B-living-or-mineral-cool-light-cluster-smart-700.glb,processed/M074-B-living-or-mineral-cool-light-cluster-clean-v1.glb,"the lore-native fixture body, open fuel or emission socket, mount, hood, shield, and thick readable supports; for this row, specifically the mineral bud cluster","flame or cool emitter, emission, flicker, illumination, smoke, fuel, wall or ceiling registration, materials, collision, culture, and damage","flame, glow volume, light object, smoke, chain, glass panes, fuel, fasteners, and standardized mount hardware","the empty emitter socket and frame openings remain real; no baked flame, glow, smoke, or hair-thin metal survives as required geometry","Create exactly one low-poly medieval-fantasy living or mineral cool-light cluster donor for Genesis. Variant: mineral bud cluster. Functional purpose: Sunless readable cool source for lairs and mines, grounded in fungus, crystal, or bioluminescent growth. Match the supplied reference image exactly and preserve the lore-native fixture body, open fuel or emission socket, mount, hood, shield, and thick readable supports; for this row, specifically the mineral bud cluster. Use a few large deliberate construction-aligned planes, strong silhouette, thick mechanically legible parts, broad material regions, and honest open space. Do not add scenery, a floor base, characters, unrelated props, micro-clutter, text, labels, baked directional light, or any engine-owned feature: flame or cool emitter, emission, flicker, illumination, smoke, fuel, wall or ceiling registration, materials, collision, culture, and damage. Exactly one coherent object or intentionally fused cluster."
121,V2-B,queued,M075-B,M075,B,light,Beacon and signal-fire basket,stone-and-iron beacon bowl,"Larger warm landmark for gates, ridges, guard posts, mine mouths, alarms, and navigation.",900,reference-images/M075-B-beacon-and-signal-fire-basket-v1.png,incoming/M075-B-beacon-and-signal-fire-basket-smart-900.glb,processed/M075-B-beacon-and-signal-fire-basket-clean-v1.glb,"the lore-native fixture body, open fuel or emission socket, mount, hood, shield, and thick readable supports; for this row, specifically the stone-and-iron beacon bowl","flame or cool emitter, emission, flicker, illumination, smoke, fuel, wall or ceiling registration, materials, collision, culture, and damage","flame, glow volume, light object, smoke, chain, glass panes, fuel, fasteners, and standardized mount hardware","the empty emitter socket and frame openings remain real; no baked flame, glow, smoke, or hair-thin metal survives as required geometry","Create exactly one low-poly medieval-fantasy beacon and signal-fire basket donor for Genesis. Variant: stone-and-iron beacon bowl. Functional purpose: Larger warm landmark for gates, ridges, guard posts, mine mouths, alarms, and navigation. Match the supplied reference image exactly and preserve the lore-native fixture body, open fuel or emission socket, mount, hood, shield, and thick readable supports; for this row, specifically the stone-and-iron beacon bowl. Use a few large deliberate construction-aligned planes, strong silhouette, thick mechanically legible parts, broad material regions, and honest open space. Do not add scenery, a floor base, characters, unrelated props, micro-clutter, text, labels, baked directional light, or any engine-owned feature: flame or cool emitter, emission, flicker, illumination, smoke, fuel, wall or ceiling registration, materials, collision, culture, and damage. Exactly one coherent object or intentionally fused cluster."
122,V2-C,queued,M068-C,M068,C,light,Wall flame sconce,bent/spent sconce,Grounded dungeon and institutional wall light replacing the abstract bulb while preserving the approved torch behavior.,600,reference-images/M068-C-wall-flame-sconce-v1.png,incoming/M068-C-wall-flame-sconce-smart-600.glb,processed/M068-C-wall-flame-sconce-clean-v1.glb,"the lore-native fixture body, open fuel or emission socket, mount, hood, shield, and thick readable supports; for this row, specifically the bent/spent sconce","flame or cool emitter, emission, flicker, illumination, smoke, fuel, wall or ceiling registration, materials, collision, culture, and damage","flame, glow volume, light object, smoke, chain, glass panes, fuel, fasteners, and standardized mount hardware","the empty emitter socket and frame openings remain real; no baked flame, glow, smoke, or hair-thin metal survives as required geometry","Create exactly one low-poly medieval-fantasy wall flame sconce donor for Genesis. Variant: bent/spent sconce. Functional purpose: Grounded dungeon and institutional wall light replacing the abstract bulb while preserving the approved torch behavior. Match the supplied reference image exactly and preserve the lore-native fixture body, open fuel or emission socket, mount, hood, shield, and thick readable supports; for this row, specifically the bent/spent sconce. Use a few large deliberate construction-aligned planes, strong silhouette, thick mechanically legible parts, broad material regions, and honest open space. Do not add scenery, a floor base, characters, unrelated props, micro-clutter, text, labels, baked directional light, or any engine-owned feature: flame or cool emitter, emission, flicker, illumination, smoke, fuel, wall or ceiling registration, materials, collision, culture, and damage. Exactly one coherent object or intentionally fused cluster."
122,V2-C,queued,M069-C,M069,C,light,Freestanding brazier basket,tipped/spent brazier,"Movable warm pool for courts, guard decks, camps, streets, rituals, and workshops.",600,reference-images/M069-C-freestanding-brazier-basket-v1.png,incoming/M069-C-freestanding-brazier-basket-smart-600.glb,processed/M069-C-freestanding-brazier-basket-clean-v1.glb,"the lore-native fixture body, open fuel or emission socket, mount, hood, shield, and thick readable supports; for this row, specifically the tipped/spent brazier","flame or cool emitter, emission, flicker, illumination, smoke, fuel, wall or ceiling registration, materials, collision, culture, and damage","flame, glow volume, light object, smoke, chain, glass panes, fuel, fasteners, and standardized mount hardware","the empty emitter socket and frame openings remain real; no baked flame, glow, smoke, or hair-thin metal survives as required geometry","Create exactly one low-poly medieval-fantasy freestanding brazier basket donor for Genesis. Variant: tipped/spent brazier. Functional purpose: Movable warm pool for courts, guard decks, camps, streets, rituals, and workshops. Match the supplied reference image exactly and preserve the lore-native fixture body, open fuel or emission socket, mount, hood, shield, and thick readable supports; for this row, specifically the tipped/spent brazier. Use a few large deliberate construction-aligned planes, strong silhouette, thick mechanically legible parts, broad material regions, and honest open space. Do not add scenery, a floor base, characters, unrelated props, micro-clutter, text, labels, baked directional light, or any engine-owned feature: flame or cool emitter, emission, flicker, illumination, smoke, fuel, wall or ceiling registration, materials, collision, culture, and damage. Exactly one coherent object or intentionally fused cluster."
122,V2-C,queued,M070-C,M070,C,light,Hanging lantern,cracked/dark lantern,"Ceiling, beam, hook, and wagon-compatible enclosed warm light with a distinct glowing material volume.",600,reference-images/M070-C-hanging-lantern-v1.png,incoming/M070-C-hanging-lantern-smart-600.glb,processed/M070-C-hanging-lantern-clean-v1.glb,"the lore-native fixture body, open fuel or emission socket, mount, hood, shield, and thick readable supports; for this row, specifically the cracked/dark lantern","flame or cool emitter, emission, flicker, illumination, smoke, fuel, wall or ceiling registration, materials, collision, culture, and damage","flame, glow volume, light object, smoke, chain, glass panes, fuel, fasteners, and standardized mount hardware","the empty emitter socket and frame openings remain real; no baked flame, glow, smoke, or hair-thin metal survives as required geometry","Create exactly one low-poly medieval-fantasy hanging lantern donor for Genesis. Variant: cracked/dark lantern. Functional purpose: Ceiling, beam, hook, and wagon-compatible enclosed warm light with a distinct glowing material volume. Match the supplied reference image exactly and preserve the lore-native fixture body, open fuel or emission socket, mount, hood, shield, and thick readable supports; for this row, specifically the cracked/dark lantern. Use a few large deliberate construction-aligned planes, strong silhouette, thick mechanically legible parts, broad material regions, and honest open space. Do not add scenery, a floor base, characters, unrelated props, micro-clutter, text, labels, baked directional light, or any engine-owned feature: flame or cool emitter, emission, flicker, illumination, smoke, fuel, wall or ceiling registration, materials, collision, culture, and damage. Exactly one coherent object or intentionally fused cluster."
122,V2-C,queued,M071-C,M071,C,light,Hooded mine work lamp,crushed/spent lamp,"Directional task light that can mount to posts, walls, carts, machinery, or work faces.",500,reference-images/M071-C-hooded-mine-work-lamp-v1.png,incoming/M071-C-hooded-mine-work-lamp-smart-500.glb,processed/M071-C-hooded-mine-work-lamp-clean-v1.glb,"the lore-native fixture body, open fuel or emission socket, mount, hood, shield, and thick readable supports; for this row, specifically the crushed/spent lamp","flame or cool emitter, emission, flicker, illumination, smoke, fuel, wall or ceiling registration, materials, collision, culture, and damage","flame, glow volume, light object, smoke, chain, glass panes, fuel, fasteners, and standardized mount hardware","the empty emitter socket and frame openings remain real; no baked flame, glow, smoke, or hair-thin metal survives as required geometry","Create exactly one low-poly medieval-fantasy hooded mine work lamp donor for Genesis. Variant: crushed/spent lamp. Functional purpose: Directional task light that can mount to posts, walls, carts, machinery, or work faces. Match the supplied reference image exactly and preserve the lore-native fixture body, open fuel or emission socket, mount, hood, shield, and thick readable supports; for this row, specifically the crushed/spent lamp. Use a few large deliberate construction-aligned planes, strong silhouette, thick mechanically legible parts, broad material regions, and honest open space. Do not add scenery, a floor base, characters, unrelated props, micro-clutter, text, labels, baked directional light, or any engine-owned feature: flame or cool emitter, emission, flicker, illumination, smoke, fuel, wall or ceiling registration, materials, collision, culture, and damage. Exactly one coherent object or intentionally fused cluster."
122,V2-C,queued,M072-C,M072,C,light,Portable table and hand lantern,broken/open lantern,"Human-scale light that can sit on counters, altars, ledges, wagons, and workstations.",500,reference-images/M072-C-portable-table-and-hand-lantern-v1.png,incoming/M072-C-portable-table-and-hand-lantern-smart-500.glb,processed/M072-C-portable-table-and-hand-lantern-clean-v1.glb,"the lore-native fixture body, open fuel or emission socket, mount, hood, shield, and thick readable supports; for this row, specifically the broken/open lantern","flame or cool emitter, emission, flicker, illumination, smoke, fuel, wall or ceiling registration, materials, collision, culture, and damage","flame, glow volume, light object, smoke, chain, glass panes, fuel, fasteners, and standardized mount hardware","the empty emitter socket and frame openings remain real; no baked flame, glow, smoke, or hair-thin metal survives as required geometry","Create exactly one low-poly medieval-fantasy portable table and hand lantern donor for Genesis. Variant: broken/open lantern. Functional purpose: Human-scale light that can sit on counters, altars, ledges, wagons, and workstations. Match the supplied reference image exactly and preserve the lore-native fixture body, open fuel or emission socket, mount, hood, shield, and thick readable supports; for this row, specifically the broken/open lantern. Use a few large deliberate construction-aligned planes, strong silhouette, thick mechanically legible parts, broad material regions, and honest open space. Do not add scenery, a floor base, characters, unrelated props, micro-clutter, text, labels, baked directional light, or any engine-owned feature: flame or cool emitter, emission, flicker, illumination, smoke, fuel, wall or ceiling registration, materials, collision, culture, and damage. Exactly one coherent object or intentionally fused cluster."
122,V2-C,queued,M073-C,M073,C,light,Ritual cold-light vessel,dormant/cracked vessel,"Lore-native cool magic source with the visible material itself emitting, avoiding a free-floating bulb.",600,reference-images/M073-C-ritual-cold-light-vessel-v1.png,incoming/M073-C-ritual-cold-light-vessel-smart-600.glb,processed/M073-C-ritual-cold-light-vessel-clean-v1.glb,"the lore-native fixture body, open fuel or emission socket, mount, hood, shield, and thick readable supports; for this row, specifically the dormant/cracked vessel","flame or cool emitter, emission, flicker, illumination, smoke, fuel, wall or ceiling registration, materials, collision, culture, and damage","flame, glow volume, light object, smoke, chain, glass panes, fuel, fasteners, and standardized mount hardware","the empty emitter socket and frame openings remain real; no baked flame, glow, smoke, or hair-thin metal survives as required geometry","Create exactly one low-poly medieval-fantasy ritual cold-light vessel donor for Genesis. Variant: dormant/cracked vessel. Functional purpose: Lore-native cool magic source with the visible material itself emitting, avoiding a free-floating bulb. Match the supplied reference image exactly and preserve the lore-native fixture body, open fuel or emission socket, mount, hood, shield, and thick readable supports; for this row, specifically the dormant/cracked vessel. Use a few large deliberate construction-aligned planes, strong silhouette, thick mechanically legible parts, broad material regions, and honest open space. Do not add scenery, a floor base, characters, unrelated props, micro-clutter, text, labels, baked directional light, or any engine-owned feature: flame or cool emitter, emission, flicker, illumination, smoke, fuel, wall or ceiling registration, materials, collision, culture, and damage. Exactly one coherent object or intentionally fused cluster."
122,V2-C,regeneration-required,M074-C,M074,C,light,Living or mineral cool-light cluster,harvested/spent cluster,"Sunless readable cool source for lairs and mines, grounded in fungus, crystal, or bioluminescent growth.",700,reference-images/M074-C-living-or-mineral-cool-light-cluster-v1.png,incoming/M074-C-living-or-mineral-cool-light-cluster-smart-700.glb,processed/M074-C-living-or-mineral-cool-light-cluster-clean-v1.glb,"the lore-native fixture body, open fuel or emission socket, mount, hood, shield, and thick readable supports; for this row, specifically the harvested/spent cluster","flame or cool emitter, emission, flicker, illumination, smoke, fuel, wall or ceiling registration, materials, collision, culture, and damage","flame, glow volume, light object, smoke, chain, glass panes, fuel, fasteners, and standardized mount hardware","the empty emitter socket and frame openings remain real; no baked flame, glow, smoke, or hair-thin metal survives as required geometry","Create exactly one low-poly medieval-fantasy living or mineral cool-light cluster donor for Genesis. Variant: harvested/spent cluster. Functional purpose: Sunless readable cool source for lairs and mines, grounded in fungus, crystal, or bioluminescent growth. Match the supplied reference image exactly and preserve the lore-native fixture body, open fuel or emission socket, mount, hood, shield, and thick readable supports; for this row, specifically the harvested/spent cluster. Use a few large deliberate construction-aligned planes, strong silhouette, thick mechanically legible parts, broad material regions, and honest open space. Do not add scenery, a floor base, characters, unrelated props, micro-clutter, text, labels, baked directional light, or any engine-owned feature: flame or cool emitter, emission, flicker, illumination, smoke, fuel, wall or ceiling registration, materials, collision, culture, and damage. Exactly one coherent object or intentionally fused cluster."
122,V2-C,queued,M075-C,M075,C,light,Beacon and signal-fire basket,collapsed/extinguished beacon,"Larger warm landmark for gates, ridges, guard posts, mine mouths, alarms, and navigation.",900,reference-images/M075-C-beacon-and-signal-fire-basket-v1.png,incoming/M075-C-beacon-and-signal-fire-basket-smart-900.glb,processed/M075-C-beacon-and-signal-fire-basket-clean-v1.glb,"the lore-native fixture body, open fuel or emission socket, mount, hood, shield, and thick readable supports; for this row, specifically the collapsed/extinguished beacon","flame or cool emitter, emission, flicker, illumination, smoke, fuel, wall or ceiling registration, materials, collision, culture, and damage","flame, glow volume, light object, smoke, chain, glass panes, fuel, fasteners, and standardized mount hardware","the empty emitter socket and frame openings remain real; no baked flame, glow, smoke, or hair-thin metal survives as required geometry","Create exactly one low-poly medieval-fantasy beacon and signal-fire basket donor for Genesis. Variant: collapsed/extinguished beacon. Functional purpose: Larger warm landmark for gates, ridges, guard posts, mine mouths, alarms, and navigation. Match the supplied reference image exactly and preserve the lore-native fixture body, open fuel or emission socket, mount, hood, shield, and thick readable supports; for this row, specifically the collapsed/extinguished beacon. Use a few large deliberate construction-aligned planes, strong silhouette, thick mechanically legible parts, broad material regions, and honest open space. Do not add scenery, a floor base, characters, unrelated props, micro-clutter, text, labels, baked directional light, or any engine-owned feature: flame or cool emitter, emission, flicker, illumination, smoke, fuel, wall or ceiling registration, materials, collision, culture, and damage. Exactly one coherent object or intentionally fused cluster."
123,V2-D,queued,M068-D,M068,D,light,Wall flame sconce,repaired or hooded directional sconce,Grounded dungeon and institutional wall light replacing the abstract bulb while preserving the approved torch behavior.,600,reference-images/M068-D-wall-flame-sconce-v1.png,incoming/M068-D-wall-flame-sconce-smart-600.glb,processed/M068-D-wall-flame-sconce-clean-v1.glb,"the lore-native fixture body, open fuel or emission socket, mount, hood, shield, and thick readable supports; for this row, specifically the repaired or hooded directional sconce","flame or cool emitter, emission, flicker, illumination, smoke, fuel, wall or ceiling registration, materials, collision, culture, and damage","flame, glow volume, light object, smoke, chain, glass panes, fuel, fasteners, and standardized mount hardware","the empty emitter socket and frame openings remain real; no baked flame, glow, smoke, or hair-thin metal survives as required geometry","Create exactly one low-poly medieval-fantasy wall flame sconce donor for Genesis. Variant: repaired or hooded directional sconce. Functional purpose: Grounded dungeon and institutional wall light replacing the abstract bulb while preserving the approved torch behavior. Match the supplied reference image exactly and preserve the lore-native fixture body, open fuel or emission socket, mount, hood, shield, and thick readable supports; for this row, specifically the repaired or hooded directional sconce. Use a few large deliberate construction-aligned planes, strong silhouette, thick mechanically legible parts, broad material regions, and honest open space. Do not add scenery, a floor base, characters, unrelated props, micro-clutter, text, labels, baked directional light, or any engine-owned feature: flame or cool emitter, emission, flicker, illumination, smoke, fuel, wall or ceiling registration, materials, collision, culture, and damage. Exactly one coherent object or intentionally fused cluster."
123,V2-D,queued,M069-D,M069,D,light,Freestanding brazier basket,screened or ceremonial brazier,"Movable warm pool for courts, guard decks, camps, streets, rituals, and workshops.",600,reference-images/M069-D-freestanding-brazier-basket-v1.png,incoming/M069-D-freestanding-brazier-basket-smart-600.glb,processed/M069-D-freestanding-brazier-basket-clean-v1.glb,"the lore-native fixture body, open fuel or emission socket, mount, hood, shield, and thick readable supports; for this row, specifically the screened or ceremonial brazier","flame or cool emitter, emission, flicker, illumination, smoke, fuel, wall or ceiling registration, materials, collision, culture, and damage","flame, glow volume, light object, smoke, chain, glass panes, fuel, fasteners, and standardized mount hardware","the empty emitter socket and frame openings remain real; no baked flame, glow, smoke, or hair-thin metal survives as required geometry","Create exactly one low-poly medieval-fantasy freestanding brazier basket donor for Genesis. Variant: screened or ceremonial brazier. Functional purpose: Movable warm pool for courts, guard decks, camps, streets, rituals, and workshops. Match the supplied reference image exactly and preserve the lore-native fixture body, open fuel or emission socket, mount, hood, shield, and thick readable supports; for this row, specifically the screened or ceremonial brazier. Use a few large deliberate construction-aligned planes, strong silhouette, thick mechanically legible parts, broad material regions, and honest open space. Do not add scenery, a floor base, characters, unrelated props, micro-clutter, text, labels, baked directional light, or any engine-owned feature: flame or cool emitter, emission, flicker, illumination, smoke, fuel, wall or ceiling registration, materials, collision, culture, and damage. Exactly one coherent object or intentionally fused cluster."
123,V2-D,queued,M070-D,M070,D,light,Hanging lantern,repaired or weather-shielded lantern,"Ceiling, beam, hook, and wagon-compatible enclosed warm light with a distinct glowing material volume.",600,reference-images/M070-D-hanging-lantern-v1.png,incoming/M070-D-hanging-lantern-smart-600.glb,processed/M070-D-hanging-lantern-clean-v1.glb,"the lore-native fixture body, open fuel or emission socket, mount, hood, shield, and thick readable supports; for this row, specifically the repaired or weather-shielded lantern","flame or cool emitter, emission, flicker, illumination, smoke, fuel, wall or ceiling registration, materials, collision, culture, and damage","flame, glow volume, light object, smoke, chain, glass panes, fuel, fasteners, and standardized mount hardware","the empty emitter socket and frame openings remain real; no baked flame, glow, smoke, or hair-thin metal survives as required geometry","Create exactly one low-poly medieval-fantasy hanging lantern donor for Genesis. Variant: repaired or weather-shielded lantern. Functional purpose: Ceiling, beam, hook, and wagon-compatible enclosed warm light with a distinct glowing material volume. Match the supplied reference image exactly and preserve the lore-native fixture body, open fuel or emission socket, mount, hood, shield, and thick readable supports; for this row, specifically the repaired or weather-shielded lantern. Use a few large deliberate construction-aligned planes, strong silhouette, thick mechanically legible parts, broad material regions, and honest open space. Do not add scenery, a floor base, characters, unrelated props, micro-clutter, text, labels, baked directional light, or any engine-owned feature: flame or cool emitter, emission, flicker, illumination, smoke, fuel, wall or ceiling registration, materials, collision, culture, and damage. Exactly one coherent object or intentionally fused cluster."
123,V2-D,queued,M071-D,M071,D,light,Hooded mine work lamp,repaired or mineral-fueled lamp,"Directional task light that can mount to posts, walls, carts, machinery, or work faces.",500,reference-images/M071-D-hooded-mine-work-lamp-v1.png,incoming/M071-D-hooded-mine-work-lamp-smart-500.glb,processed/M071-D-hooded-mine-work-lamp-clean-v1.glb,"the lore-native fixture body, open fuel or emission socket, mount, hood, shield, and thick readable supports; for this row, specifically the repaired or mineral-fueled lamp","flame or cool emitter, emission, flicker, illumination, smoke, fuel, wall or ceiling registration, materials, collision, culture, and damage","flame, glow volume, light object, smoke, chain, glass panes, fuel, fasteners, and standardized mount hardware","the empty emitter socket and frame openings remain real; no baked flame, glow, smoke, or hair-thin metal survives as required geometry","Create exactly one low-poly medieval-fantasy hooded mine work lamp donor for Genesis. Variant: repaired or mineral-fueled lamp. Functional purpose: Directional task light that can mount to posts, walls, carts, machinery, or work faces. Match the supplied reference image exactly and preserve the lore-native fixture body, open fuel or emission socket, mount, hood, shield, and thick readable supports; for this row, specifically the repaired or mineral-fueled lamp. Use a few large deliberate construction-aligned planes, strong silhouette, thick mechanically legible parts, broad material regions, and honest open space. Do not add scenery, a floor base, characters, unrelated props, micro-clutter, text, labels, baked directional light, or any engine-owned feature: flame or cool emitter, emission, flicker, illumination, smoke, fuel, wall or ceiling registration, materials, collision, culture, and damage. Exactly one coherent object or intentionally fused cluster."
123,V2-D,queued,M072-D,M072,D,light,Portable table and hand lantern,shuttered signal-lantern version,"Human-scale light that can sit on counters, altars, ledges, wagons, and workstations.",500,reference-images/M072-D-portable-table-and-hand-lantern-v1.png,incoming/M072-D-portable-table-and-hand-lantern-smart-500.glb,processed/M072-D-portable-table-and-hand-lantern-clean-v1.glb,"the lore-native fixture body, open fuel or emission socket, mount, hood, shield, and thick readable supports; for this row, specifically the shuttered signal-lantern version","flame or cool emitter, emission, flicker, illumination, smoke, fuel, wall or ceiling registration, materials, collision, culture, and damage","flame, glow volume, light object, smoke, chain, glass panes, fuel, fasteners, and standardized mount hardware","the empty emitter socket and frame openings remain real; no baked flame, glow, smoke, or hair-thin metal survives as required geometry","Create exactly one low-poly medieval-fantasy portable table and hand lantern donor for Genesis. Variant: shuttered signal-lantern version. Functional purpose: Human-scale light that can sit on counters, altars, ledges, wagons, and workstations. Match the supplied reference image exactly and preserve the lore-native fixture body, open fuel or emission socket, mount, hood, shield, and thick readable supports; for this row, specifically the shuttered signal-lantern version. Use a few large deliberate construction-aligned planes, strong silhouette, thick mechanically legible parts, broad material regions, and honest open space. Do not add scenery, a floor base, characters, unrelated props, micro-clutter, text, labels, baked directional light, or any engine-owned feature: flame or cool emitter, emission, flicker, illumination, smoke, fuel, wall or ceiling registration, materials, collision, culture, and damage. Exactly one coherent object or intentionally fused cluster."
123,V2-D,queued,M073-D,M073,D,light,Ritual cold-light vessel,active repaired or faction-bound vessel,"Lore-native cool magic source with the visible material itself emitting, avoiding a free-floating bulb.",600,reference-images/M073-D-ritual-cold-light-vessel-v1.png,incoming/M073-D-ritual-cold-light-vessel-smart-600.glb,processed/M073-D-ritual-cold-light-vessel-clean-v1.glb,"the lore-native fixture body, open fuel or emission socket, mount, hood, shield, and thick readable supports; for this row, specifically the active repaired or faction-bound vessel","flame or cool emitter, emission, flicker, illumination, smoke, fuel, wall or ceiling registration, materials, collision, culture, and damage","flame, glow volume, light object, smoke, chain, glass panes, fuel, fasteners, and standardized mount hardware","the empty emitter socket and frame openings remain real; no baked flame, glow, smoke, or hair-thin metal survives as required geometry","Create exactly one low-poly medieval-fantasy ritual cold-light vessel donor for Genesis. Variant: active repaired or faction-bound vessel. Functional purpose: Lore-native cool magic source with the visible material itself emitting, avoiding a free-floating bulb. Match the supplied reference image exactly and preserve the lore-native fixture body, open fuel or emission socket, mount, hood, shield, and thick readable supports; for this row, specifically the active repaired or faction-bound vessel. Use a few large deliberate construction-aligned planes, strong silhouette, thick mechanically legible parts, broad material regions, and honest open space. Do not add scenery, a floor base, characters, unrelated props, micro-clutter, text, labels, baked directional light, or any engine-owned feature: flame or cool emitter, emission, flicker, illumination, smoke, fuel, wall or ceiling registration, materials, collision, culture, and damage. Exactly one coherent object or intentionally fused cluster."
123,V2-D,queued,M074-D,M074,D,light,Living or mineral cool-light cluster,cultivated/caged cluster,"Sunless readable cool source for lairs and mines, grounded in fungus, crystal, or bioluminescent growth.",700,reference-images/M074-D-living-or-mineral-cool-light-cluster-v1.png,incoming/M074-D-living-or-mineral-cool-light-cluster-smart-700.glb,processed/M074-D-living-or-mineral-cool-light-cluster-clean-v1.glb,"the lore-native fixture body, open fuel or emission socket, mount, hood, shield, and thick readable supports; for this row, specifically the cultivated/caged cluster","flame or cool emitter, emission, flicker, illumination, smoke, fuel, wall or ceiling registration, materials, collision, culture, and damage","flame, glow volume, light object, smoke, chain, glass panes, fuel, fasteners, and standardized mount hardware","the empty emitter socket and frame openings remain real; no baked flame, glow, smoke, or hair-thin metal survives as required geometry","Create exactly one low-poly medieval-fantasy living or mineral cool-light cluster donor for Genesis. Variant: cultivated/caged cluster. Functional purpose: Sunless readable cool source for lairs and mines, grounded in fungus, crystal, or bioluminescent growth. Match the supplied reference image exactly and preserve the lore-native fixture body, open fuel or emission socket, mount, hood, shield, and thick readable supports; for this row, specifically the cultivated/caged cluster. Use a few large deliberate construction-aligned planes, strong silhouette, thick mechanically legible parts, broad material regions, and honest open space. Do not add scenery, a floor base, characters, unrelated props, micro-clutter, text, labels, baked directional light, or any engine-owned feature: flame or cool emitter, emission, flicker, illumination, smoke, fuel, wall or ceiling registration, materials, collision, culture, and damage. Exactly one coherent object or intentionally fused cluster."
123,V2-D,queued,M075-D,M075,D,light,Beacon and signal-fire basket,"shielded, repaired, or color-signal beacon","Larger warm landmark for gates, ridges, guard posts, mine mouths, alarms, and navigation.",900,reference-images/M075-D-beacon-and-signal-fire-basket-v1.png,incoming/M075-D-beacon-and-signal-fire-basket-smart-900.glb,processed/M075-D-beacon-and-signal-fire-basket-clean-v1.glb,"the lore-native fixture body, open fuel or emission socket, mount, hood, shield, and thick readable supports; for this row, specifically the shielded, repaired, or color-signal beacon","flame or cool emitter, emission, flicker, illumination, smoke, fuel, wall or ceiling registration, materials, collision, culture, and damage","flame, glow volume, light object, smoke, chain, glass panes, fuel, fasteners, and standardized mount hardware","the empty emitter socket and frame openings remain real; no baked flame, glow, smoke, or hair-thin metal survives as required geometry","Create exactly one low-poly medieval-fantasy beacon and signal-fire basket donor for Genesis. Variant: shielded, repaired, or color-signal beacon. Functional purpose: Larger warm landmark for gates, ridges, guard posts, mine mouths, alarms, and navigation. Match the supplied reference image exactly and preserve the lore-native fixture body, open fuel or emission socket, mount, hood, shield, and thick readable supports; for this row, specifically the shielded, repaired, or color-signal beacon. Use a few large deliberate construction-aligned planes, strong silhouette, thick mechanically legible parts, broad material regions, and honest open space. Do not add scenery, a floor base, characters, unrelated props, micro-clutter, text, labels, baked directional light, or any engine-owned feature: flame or cool emitter, emission, flicker, illumination, smoke, fuel, wall or ceiling registration, materials, collision, culture, and damage. Exactly one coherent object or intentionally fused cluster."
131,V3-B,queued,M001-B,M001,B,natural,Low cover boulder cluster,sharp fractured cluster,Compact two-to-four-stone mass that clearly supplies half cover without sprawling across a route.,400,reference-images/M001-B-low-cover-boulder-cluster-v1.png,incoming/M001-B-low-cover-boulder-cluster-smart-400.glb,processed/M001-B-low-cover-boulder-cluster-clean-v1.glb,"the authored natural silhouette, its few major masses, real openings, ledges, and construction-scale fracture or growth planes; for this row, specifically the sharp fractured cluster","exact terrain hole, elevation authority, walkability, collision, cover, materials, mineral color, moisture, decals, contents, light, and procedural embedding","tiny stones, gravel, roots, crystals, supports, water, decals, and any exact terrain interface that is cheaper or safer procedurally",the silhouette must beat routine procedural placement; real openings remain open; no accidental stairs or noisy micro-fracture,"Create exactly one low-poly medieval-fantasy low cover boulder cluster donor for Genesis. Variant: sharp fractured cluster. Functional purpose: Compact two-to-four-stone mass that clearly supplies half cover without sprawling across a route. Match the supplied reference image exactly and preserve the authored natural silhouette, its few major masses, real openings, ledges, and construction-scale fracture or growth planes; for this row, specifically the sharp fractured cluster. Use a few large deliberate construction-aligned planes, strong silhouette, thick mechanically legible parts, broad material regions, and honest open space. Do not add scenery, a floor base, characters, unrelated props, micro-clutter, text, labels, baked directional light, or any engine-owned feature: exact terrain hole, elevation authority, walkability, collision, cover, materials, mineral color, moisture, decals, contents, light, and procedural embedding. Exactly one coherent object or intentionally fused cluster."
131,V3-B,queued,M002-B,M002,B,natural,Tall cover outcrop,leaning igneous blade,Narrow upright rock mass providing three-quarter cover and a strong height landmark.,700,reference-images/M002-B-tall-cover-outcrop-v1.png,incoming/M002-B-tall-cover-outcrop-smart-700.glb,processed/M002-B-tall-cover-outcrop-clean-v1.glb,"the authored natural silhouette, its few major masses, real openings, ledges, and construction-scale fracture or growth planes; for this row, specifically the leaning igneous blade","exact terrain hole, elevation authority, walkability, collision, cover, materials, mineral color, moisture, decals, contents, light, and procedural embedding","tiny stones, gravel, roots, crystals, supports, water, decals, and any exact terrain interface that is cheaper or safer procedurally",the silhouette must beat routine procedural placement; real openings remain open; no accidental stairs or noisy micro-fracture,"Create exactly one low-poly medieval-fantasy tall cover outcrop donor for Genesis. Variant: leaning igneous blade. Functional purpose: Narrow upright rock mass providing three-quarter cover and a strong height landmark. Match the supplied reference image exactly and preserve the authored natural silhouette, its few major masses, real openings, ledges, and construction-scale fracture or growth planes; for this row, specifically the leaning igneous blade. Use a few large deliberate construction-aligned planes, strong silhouette, thick mechanically legible parts, broad material regions, and honest open space. Do not add scenery, a floor base, characters, unrelated props, micro-clutter, text, labels, baked directional light, or any engine-owned feature: exact terrain hole, elevation authority, walkability, collision, cover, materials, mineral color, moisture, decals, contents, light, and procedural embedding. Exactly one coherent object or intentionally fused cluster."
131,V3-B,queued,M003-B,M003,B,natural,Climbable rock-step cluster,narrow switchback climb,Natural footholds that can become a short alternate access route when aligned to the 2.5-foot height ladder.,700,reference-images/M003-B-climbable-rock-step-cluster-v1.png,incoming/M003-B-climbable-rock-step-cluster-smart-700.glb,processed/M003-B-climbable-rock-step-cluster-clean-v1.glb,"the authored natural silhouette, its few major masses, real openings, ledges, and construction-scale fracture or growth planes; for this row, specifically the narrow switchback climb","exact terrain hole, elevation authority, walkability, collision, cover, materials, mineral color, moisture, decals, contents, light, and procedural embedding","tiny stones, gravel, roots, crystals, supports, water, decals, and any exact terrain interface that is cheaper or safer procedurally",the silhouette must beat routine procedural placement; real openings remain open; no accidental stairs or noisy micro-fracture,"Create exactly one low-poly medieval-fantasy climbable rock-step cluster donor for Genesis. Variant: narrow switchback climb. Functional purpose: Natural footholds that can become a short alternate access route when aligned to the 2.5-foot height ladder. Match the supplied reference image exactly and preserve the authored natural silhouette, its few major masses, real openings, ledges, and construction-scale fracture or growth planes; for this row, specifically the narrow switchback climb. Use a few large deliberate construction-aligned planes, strong silhouette, thick mechanically legible parts, broad material regions, and honest open space. Do not add scenery, a floor base, characters, unrelated props, micro-clutter, text, labels, baked directional light, or any engine-owned feature: exact terrain hole, elevation authority, walkability, collision, cover, materials, mineral color, moisture, decals, contents, light, and procedural embedding. Exactly one coherent object or intentionally fused cluster."
131,V3-B,queued,M004-B,M004,B,natural,Embedded retaining transition,foundation-wrapping outcrop,"Rock mass that visually reconciles a procedural wall, terrace, road shoulder, or foundation with natural terrain.",800,reference-images/M004-B-embedded-retaining-transition-v1.png,incoming/M004-B-embedded-retaining-transition-smart-800.glb,processed/M004-B-embedded-retaining-transition-clean-v1.glb,"the authored natural silhouette, its few major masses, real openings, ledges, and construction-scale fracture or growth planes; for this row, specifically the foundation-wrapping outcrop","exact terrain hole, elevation authority, walkability, collision, cover, materials, mineral color, moisture, decals, contents, light, and procedural embedding","tiny stones, gravel, roots, crystals, supports, water, decals, and any exact terrain interface that is cheaper or safer procedurally",the silhouette must beat routine procedural placement; real openings remain open; no accidental stairs or noisy micro-fracture,"Create exactly one low-poly medieval-fantasy embedded retaining transition donor for Genesis. Variant: foundation-wrapping outcrop. Functional purpose: Rock mass that visually reconciles a procedural wall, terrace, road shoulder, or foundation with natural terrain. Match the supplied reference image exactly and preserve the authored natural silhouette, its few major masses, real openings, ledges, and construction-scale fracture or growth planes; for this row, specifically the foundation-wrapping outcrop. Use a few large deliberate construction-aligned planes, strong silhouette, thick mechanically legible parts, broad material regions, and honest open space. Do not add scenery, a floor base, characters, unrelated props, micro-clutter, text, labels, baked directional light, or any engine-owned feature: exact terrain hole, elevation authority, walkability, collision, cover, materials, mineral color, moisture, decals, contents, light, and procedural embedding. Exactly one coherent object or intentionally fused cluster."
131,V3-B,queued,M005-B,M005,B,natural,Wide cave mouth with reveal,split-boulder mouth,"A readable entrance large enough for ordinary encounters, with enough depth to avoid a flat painted hole.",1200,reference-images/M005-B-wide-cave-mouth-with-reveal-v1.png,incoming/M005-B-wide-cave-mouth-with-reveal-smart-1200.glb,processed/M005-B-wide-cave-mouth-with-reveal-clean-v1.glb,"the authored natural silhouette, its few major masses, real openings, ledges, and construction-scale fracture or growth planes; for this row, specifically the split-boulder mouth","exact terrain hole, elevation authority, walkability, collision, cover, materials, mineral color, moisture, decals, contents, light, and procedural embedding","tiny stones, gravel, roots, crystals, supports, water, decals, and any exact terrain interface that is cheaper or safer procedurally",the silhouette must beat routine procedural placement; real openings remain open; no accidental stairs or noisy micro-fracture,"Create exactly one low-poly medieval-fantasy wide cave mouth with reveal donor for Genesis. Variant: split-boulder mouth. Functional purpose: A readable entrance large enough for ordinary encounters, with enough depth to avoid a flat painted hole. Match the supplied reference image exactly and preserve the authored natural silhouette, its few major masses, real openings, ledges, and construction-scale fracture or growth planes; for this row, specifically the split-boulder mouth. Use a few large deliberate construction-aligned planes, strong silhouette, thick mechanically legible parts, broad material regions, and honest open space. Do not add scenery, a floor base, characters, unrelated props, micro-clutter, text, labels, baked directional light, or any engine-owned feature: exact terrain hole, elevation authority, walkability, collision, cover, materials, mineral color, moisture, decals, contents, light, and procedural embedding. Exactly one coherent object or intentionally fused cluster."
131,V3-B,queued,M006-B,M006,B,natural,Narrow cave squeeze,low crawl-like squeeze,"Compressed portal that communicates single-file passage, risk, and concealment.",900,reference-images/M006-B-narrow-cave-squeeze-v1.png,incoming/M006-B-narrow-cave-squeeze-smart-900.glb,processed/M006-B-narrow-cave-squeeze-clean-v1.glb,"the authored natural silhouette, its few major masses, real openings, ledges, and construction-scale fracture or growth planes; for this row, specifically the low crawl-like squeeze","exact terrain hole, elevation authority, walkability, collision, cover, materials, mineral color, moisture, decals, contents, light, and procedural embedding","tiny stones, gravel, roots, crystals, supports, water, decals, and any exact terrain interface that is cheaper or safer procedurally",the silhouette must beat routine procedural placement; real openings remain open; no accidental stairs or noisy micro-fracture,"Create exactly one low-poly medieval-fantasy narrow cave squeeze donor for Genesis. Variant: low crawl-like squeeze. Functional purpose: Compressed portal that communicates single-file passage, risk, and concealment. Match the supplied reference image exactly and preserve the authored natural silhouette, its few major masses, real openings, ledges, and construction-scale fracture or growth planes; for this row, specifically the low crawl-like squeeze. Use a few large deliberate construction-aligned planes, strong silhouette, thick mechanically legible parts, broad material regions, and honest open space. Do not add scenery, a floor base, characters, unrelated props, micro-clutter, text, labels, baked directional light, or any engine-owned feature: exact terrain hole, elevation authority, walkability, collision, cover, materials, mineral color, moisture, decals, contents, light, and procedural embedding. Exactly one coherent object or intentionally fused cluster."
131,V3-B,queued,M007-B,M007,B,natural,Tunnel throat and rib mass,root-bound throat,Short organic transition from an entrance into an interior bore without requiring a full generated cave.,1000,reference-images/M007-B-tunnel-throat-and-rib-mass-v1.png,incoming/M007-B-tunnel-throat-and-rib-mass-smart-1000.glb,processed/M007-B-tunnel-throat-and-rib-mass-clean-v1.glb,"the authored natural silhouette, its few major masses, real openings, ledges, and construction-scale fracture or growth planes; for this row, specifically the root-bound throat","exact terrain hole, elevation authority, walkability, collision, cover, materials, mineral color, moisture, decals, contents, light, and procedural embedding","tiny stones, gravel, roots, crystals, supports, water, decals, and any exact terrain interface that is cheaper or safer procedurally",the silhouette must beat routine procedural placement; real openings remain open; no accidental stairs or noisy micro-fracture,"Create exactly one low-poly medieval-fantasy tunnel throat and rib mass donor for Genesis. Variant: root-bound throat. Functional purpose: Short organic transition from an entrance into an interior bore without requiring a full generated cave. Match the supplied reference image exactly and preserve the authored natural silhouette, its few major masses, real openings, ledges, and construction-scale fracture or growth planes; for this row, specifically the root-bound throat. Use a few large deliberate construction-aligned planes, strong silhouette, thick mechanically legible parts, broad material regions, and honest open space. Do not add scenery, a floor base, characters, unrelated props, micro-clutter, text, labels, baked directional light, or any engine-owned feature: exact terrain hole, elevation authority, walkability, collision, cover, materials, mineral color, moisture, decals, contents, light, and procedural embedding. Exactly one coherent object or intentionally fused cluster."
131,V3-B,queued,M008-B,M008,B,natural,Interior ledge and shelf,narrow defensive ledge,"Natural raised surface suitable for cover, nest placement, treasure, an authority position, or an alternate route.",800,reference-images/M008-B-interior-ledge-and-shelf-v1.png,incoming/M008-B-interior-ledge-and-shelf-smart-800.glb,processed/M008-B-interior-ledge-and-shelf-clean-v1.glb,"the authored natural silhouette, its few major masses, real openings, ledges, and construction-scale fracture or growth planes; for this row, specifically the narrow defensive ledge","exact terrain hole, elevation authority, walkability, collision, cover, materials, mineral color, moisture, decals, contents, light, and procedural embedding","tiny stones, gravel, roots, crystals, supports, water, decals, and any exact terrain interface that is cheaper or safer procedurally",the silhouette must beat routine procedural placement; real openings remain open; no accidental stairs or noisy micro-fracture,"Create exactly one low-poly medieval-fantasy interior ledge and shelf donor for Genesis. Variant: narrow defensive ledge. Functional purpose: Natural raised surface suitable for cover, nest placement, treasure, an authority position, or an alternate route. Match the supplied reference image exactly and preserve the authored natural silhouette, its few major masses, real openings, ledges, and construction-scale fracture or growth planes; for this row, specifically the narrow defensive ledge. Use a few large deliberate construction-aligned planes, strong silhouette, thick mechanically legible parts, broad material regions, and honest open space. Do not add scenery, a floor base, characters, unrelated props, micro-clutter, text, labels, baked directional light, or any engine-owned feature: exact terrain hole, elevation authority, walkability, collision, cover, materials, mineral color, moisture, decals, contents, light, and procedural embedding. Exactly one coherent object or intentionally fused cluster."
131,V3-B,queued,M009-B,M009,B,natural,Collapse cone and talus ramp,long talus fan,"Debris mass that can be collision-climbable, difficult terrain, blocked terrain, or a source-facing failure trace.",800,reference-images/M009-B-collapse-cone-and-talus-ramp-v1.png,incoming/M009-B-collapse-cone-and-talus-ramp-smart-800.glb,processed/M009-B-collapse-cone-and-talus-ramp-clean-v1.glb,"the authored natural silhouette, its few major masses, real openings, ledges, and construction-scale fracture or growth planes; for this row, specifically the long talus fan","exact terrain hole, elevation authority, walkability, collision, cover, materials, mineral color, moisture, decals, contents, light, and procedural embedding","tiny stones, gravel, roots, crystals, supports, water, decals, and any exact terrain interface that is cheaper or safer procedurally",the silhouette must beat routine procedural placement; real openings remain open; no accidental stairs or noisy micro-fracture,"Create exactly one low-poly medieval-fantasy collapse cone and talus ramp donor for Genesis. Variant: long talus fan. Functional purpose: Debris mass that can be collision-climbable, difficult terrain, blocked terrain, or a source-facing failure trace. Match the supplied reference image exactly and preserve the authored natural silhouette, its few major masses, real openings, ledges, and construction-scale fracture or growth planes; for this row, specifically the long talus fan. Use a few large deliberate construction-aligned planes, strong silhouette, thick mechanically legible parts, broad material regions, and honest open space. Do not add scenery, a floor base, characters, unrelated props, micro-clutter, text, labels, baked directional light, or any engine-owned feature: exact terrain hole, elevation authority, walkability, collision, cover, materials, mineral color, moisture, decals, contents, light, and procedural embedding. Exactly one coherent object or intentionally fused cluster."
131,V3-B,queued,M010-B,M010,B,natural,Dripstone cluster,tall narrow columns,Stalagmites and fused columns that create readable natural cover without tiny spikes.,700,reference-images/M010-B-dripstone-cluster-v1.png,incoming/M010-B-dripstone-cluster-smart-700.glb,processed/M010-B-dripstone-cluster-clean-v1.glb,"the authored natural silhouette, its few major masses, real openings, ledges, and construction-scale fracture or growth planes; for this row, specifically the tall narrow columns","exact terrain hole, elevation authority, walkability, collision, cover, materials, mineral color, moisture, decals, contents, light, and procedural embedding","tiny stones, gravel, roots, crystals, supports, water, decals, and any exact terrain interface that is cheaper or safer procedurally",the silhouette must beat routine procedural placement; real openings remain open; no accidental stairs or noisy micro-fracture,"Create exactly one low-poly medieval-fantasy dripstone cluster donor for Genesis. Variant: tall narrow columns. Functional purpose: Stalagmites and fused columns that create readable natural cover without tiny spikes. Match the supplied reference image exactly and preserve the authored natural silhouette, its few major masses, real openings, ledges, and construction-scale fracture or growth planes; for this row, specifically the tall narrow columns. Use a few large deliberate construction-aligned planes, strong silhouette, thick mechanically legible parts, broad material regions, and honest open space. Do not add scenery, a floor base, characters, unrelated props, micro-clutter, text, labels, baked directional light, or any engine-owned feature: exact terrain hole, elevation authority, walkability, collision, cover, materials, mineral color, moisture, decals, contents, light, and procedural embedding. Exactly one coherent object or intentionally fused cluster."
131,V3-B,queued,M011-B,M011,B,natural,Root arch and burrow mouth,twisted narrow burrow,Large interlocked roots that create a creature-authored or tree-owned entrance.,900,reference-images/M011-B-root-arch-and-burrow-mouth-v1.png,incoming/M011-B-root-arch-and-burrow-mouth-smart-900.glb,processed/M011-B-root-arch-and-burrow-mouth-clean-v1.glb,"the authored natural silhouette, its few major masses, real openings, ledges, and construction-scale fracture or growth planes; for this row, specifically the twisted narrow burrow","exact terrain hole, elevation authority, walkability, collision, cover, materials, mineral color, moisture, decals, contents, light, and procedural embedding","tiny stones, gravel, roots, crystals, supports, water, decals, and any exact terrain interface that is cheaper or safer procedurally",the silhouette must beat routine procedural placement; real openings remain open; no accidental stairs or noisy micro-fracture,"Create exactly one low-poly medieval-fantasy root arch and burrow mouth donor for Genesis. Variant: twisted narrow burrow. Functional purpose: Large interlocked roots that create a creature-authored or tree-owned entrance. Match the supplied reference image exactly and preserve the authored natural silhouette, its few major masses, real openings, ledges, and construction-scale fracture or growth planes; for this row, specifically the twisted narrow burrow. Use a few large deliberate construction-aligned planes, strong silhouette, thick mechanically legible parts, broad material regions, and honest open space. Do not add scenery, a floor base, characters, unrelated props, micro-clutter, text, labels, baked directional light, or any engine-owned feature: exact terrain hole, elevation authority, walkability, collision, cover, materials, mineral color, moisture, decals, contents, light, and procedural embedding. Exactly one coherent object or intentionally fused cluster."
131,V3-B,queued,M012-B,M012,B,natural,Root tunnel rib cluster,tangled asymmetric ribs,"Repeating large roots that explain a burrow interior, organic cover, or the sides of a body-authored route.",900,reference-images/M012-B-root-tunnel-rib-cluster-v1.png,incoming/M012-B-root-tunnel-rib-cluster-smart-900.glb,processed/M012-B-root-tunnel-rib-cluster-clean-v1.glb,"the authored natural silhouette, its few major masses, real openings, ledges, and construction-scale fracture or growth planes; for this row, specifically the tangled asymmetric ribs","exact terrain hole, elevation authority, walkability, collision, cover, materials, mineral color, moisture, decals, contents, light, and procedural embedding","tiny stones, gravel, roots, crystals, supports, water, decals, and any exact terrain interface that is cheaper or safer procedurally",the silhouette must beat routine procedural placement; real openings remain open; no accidental stairs or noisy micro-fracture,"Create exactly one low-poly medieval-fantasy root tunnel rib cluster donor for Genesis. Variant: tangled asymmetric ribs. Functional purpose: Repeating large roots that explain a burrow interior, organic cover, or the sides of a body-authored route. Match the supplied reference image exactly and preserve the authored natural silhouette, its few major masses, real openings, ledges, and construction-scale fracture or growth planes; for this row, specifically the tangled asymmetric ribs. Use a few large deliberate construction-aligned planes, strong silhouette, thick mechanically legible parts, broad material regions, and honest open space. Do not add scenery, a floor base, characters, unrelated props, micro-clutter, text, labels, baked directional light, or any engine-owned feature: exact terrain hole, elevation authority, walkability, collision, cover, materials, mineral color, moisture, decals, contents, light, and procedural embedding. Exactly one coherent object or intentionally fused cluster."
131,V3-B,queued,M013-B,M013,B,natural,Sinkhole or shaft rim,irregular fissure rim,Natural or partly worked perimeter that turns an engine-owned hole into a convincing hazardous opening.,800,reference-images/M013-B-sinkhole-or-shaft-rim-v1.png,incoming/M013-B-sinkhole-or-shaft-rim-smart-800.glb,processed/M013-B-sinkhole-or-shaft-rim-clean-v1.glb,"the authored natural silhouette, its few major masses, real openings, ledges, and construction-scale fracture or growth planes; for this row, specifically the irregular fissure rim","exact terrain hole, elevation authority, walkability, collision, cover, materials, mineral color, moisture, decals, contents, light, and procedural embedding","tiny stones, gravel, roots, crystals, supports, water, decals, and any exact terrain interface that is cheaper or safer procedurally",the silhouette must beat routine procedural placement; real openings remain open; no accidental stairs or noisy micro-fracture,"Create exactly one low-poly medieval-fantasy sinkhole or shaft rim donor for Genesis. Variant: irregular fissure rim. Functional purpose: Natural or partly worked perimeter that turns an engine-owned hole into a convincing hazardous opening. Match the supplied reference image exactly and preserve the authored natural silhouette, its few major masses, real openings, ledges, and construction-scale fracture or growth planes; for this row, specifically the irregular fissure rim. Use a few large deliberate construction-aligned planes, strong silhouette, thick mechanically legible parts, broad material regions, and honest open space. Do not add scenery, a floor base, characters, unrelated props, micro-clutter, text, labels, baked directional light, or any engine-owned feature: exact terrain hole, elevation authority, walkability, collision, cover, materials, mineral color, moisture, decals, contents, light, and procedural embedding. Exactly one coherent object or intentionally fused cluster."
131,V3-B,queued,M014-B,M014,B,natural,Pool and channel rock rim,narrow channel bank,"Reusable rock edge for springs, cave pools, mine sumps, drains, and water-owned route boundaries.",800,reference-images/M014-B-pool-and-channel-rock-rim-v1.png,incoming/M014-B-pool-and-channel-rock-rim-smart-800.glb,processed/M014-B-pool-and-channel-rock-rim-clean-v1.glb,"the authored natural silhouette, its few major masses, real openings, ledges, and construction-scale fracture or growth planes; for this row, specifically the narrow channel bank","exact terrain hole, elevation authority, walkability, collision, cover, materials, mineral color, moisture, decals, contents, light, and procedural embedding","tiny stones, gravel, roots, crystals, supports, water, decals, and any exact terrain interface that is cheaper or safer procedurally",the silhouette must beat routine procedural placement; real openings remain open; no accidental stairs or noisy micro-fracture,"Create exactly one low-poly medieval-fantasy pool and channel rock rim donor for Genesis. Variant: narrow channel bank. Functional purpose: Reusable rock edge for springs, cave pools, mine sumps, drains, and water-owned route boundaries. Match the supplied reference image exactly and preserve the authored natural silhouette, its few major masses, real openings, ledges, and construction-scale fracture or growth planes; for this row, specifically the narrow channel bank. Use a few large deliberate construction-aligned planes, strong silhouette, thick mechanically legible parts, broad material regions, and honest open space. Do not add scenery, a floor base, characters, unrelated props, micro-clutter, text, labels, baked directional light, or any engine-owned feature: exact terrain hole, elevation authority, walkability, collision, cover, materials, mineral color, moisture, decals, contents, light, and procedural embedding. Exactly one coherent object or intentionally fused cluster."
131,V3-B,queued,M015-B,M015,B,natural,Ore-seam outcrop,vertical vein,Rock face with broad readable mineral bands that can be recolored without changing geometry.,700,reference-images/M015-B-ore-seam-outcrop-v1.png,incoming/M015-B-ore-seam-outcrop-smart-700.glb,processed/M015-B-ore-seam-outcrop-clean-v1.glb,"the authored natural silhouette, its few major masses, real openings, ledges, and construction-scale fracture or growth planes; for this row, specifically the vertical vein","exact terrain hole, elevation authority, walkability, collision, cover, materials, mineral color, moisture, decals, contents, light, and procedural embedding","tiny stones, gravel, roots, crystals, supports, water, decals, and any exact terrain interface that is cheaper or safer procedurally",the silhouette must beat routine procedural placement; real openings remain open; no accidental stairs or noisy micro-fracture,"Create exactly one low-poly medieval-fantasy ore-seam outcrop donor for Genesis. Variant: vertical vein. Functional purpose: Rock face with broad readable mineral bands that can be recolored without changing geometry. Match the supplied reference image exactly and preserve the authored natural silhouette, its few major masses, real openings, ledges, and construction-scale fracture or growth planes; for this row, specifically the vertical vein. Use a few large deliberate construction-aligned planes, strong silhouette, thick mechanically legible parts, broad material regions, and honest open space. Do not add scenery, a floor base, characters, unrelated props, micro-clutter, text, labels, baked directional light, or any engine-owned feature: exact terrain hole, elevation authority, walkability, collision, cover, materials, mineral color, moisture, decals, contents, light, and procedural embedding. Exactly one coherent object or intentionally fused cluster."
131,V3-B,queued,M016-B,M016,B,natural,Spoil and tailings pile,sorted tailings rows,"Human-made aggregate mass for mine, construction, siege, urban recovery, and abandoned-site histories.",700,reference-images/M016-B-spoil-and-tailings-pile-v1.png,incoming/M016-B-spoil-and-tailings-pile-smart-700.glb,processed/M016-B-spoil-and-tailings-pile-clean-v1.glb,"the authored natural silhouette, its few major masses, real openings, ledges, and construction-scale fracture or growth planes; for this row, specifically the sorted tailings rows","exact terrain hole, elevation authority, walkability, collision, cover, materials, mineral color, moisture, decals, contents, light, and procedural embedding","tiny stones, gravel, roots, crystals, supports, water, decals, and any exact terrain interface that is cheaper or safer procedurally",the silhouette must beat routine procedural placement; real openings remain open; no accidental stairs or noisy micro-fracture,"Create exactly one low-poly medieval-fantasy spoil and tailings pile donor for Genesis. Variant: sorted tailings rows. Functional purpose: Human-made aggregate mass for mine, construction, siege, urban recovery, and abandoned-site histories. Match the supplied reference image exactly and preserve the authored natural silhouette, its few major masses, real openings, ledges, and construction-scale fracture or growth planes; for this row, specifically the sorted tailings rows. Use a few large deliberate construction-aligned planes, strong silhouette, thick mechanically legible parts, broad material regions, and honest open space. Do not add scenery, a floor base, characters, unrelated props, micro-clutter, text, labels, baked directional light, or any engine-owned feature: exact terrain hole, elevation authority, walkability, collision, cover, materials, mineral color, moisture, decals, contents, light, and procedural embedding. Exactly one coherent object or intentionally fused cluster."
131,V3-B,queued,M017-B,M017,B,natural,Crystal or strange-mineral growth,tall blade cluster,Restrained cool-light candidate that reads as geology first and magic second.,800,reference-images/M017-B-crystal-or-strange-mineral-growth-v1.png,incoming/M017-B-crystal-or-strange-mineral-growth-smart-800.glb,processed/M017-B-crystal-or-strange-mineral-growth-clean-v1.glb,"the authored natural silhouette, its few major masses, real openings, ledges, and construction-scale fracture or growth planes; for this row, specifically the tall blade cluster","exact terrain hole, elevation authority, walkability, collision, cover, materials, mineral color, moisture, decals, contents, light, and procedural embedding","tiny stones, gravel, roots, crystals, supports, water, decals, and any exact terrain interface that is cheaper or safer procedurally",the silhouette must beat routine procedural placement; real openings remain open; no accidental stairs or noisy micro-fracture,"Create exactly one low-poly medieval-fantasy crystal or strange-mineral growth donor for Genesis. Variant: tall blade cluster. Functional purpose: Restrained cool-light candidate that reads as geology first and magic second. Match the supplied reference image exactly and preserve the authored natural silhouette, its few major masses, real openings, ledges, and construction-scale fracture or growth planes; for this row, specifically the tall blade cluster. Use a few large deliberate construction-aligned planes, strong silhouette, thick mechanically legible parts, broad material regions, and honest open space. Do not add scenery, a floor base, characters, unrelated props, micro-clutter, text, labels, baked directional light, or any engine-owned feature: exact terrain hole, elevation authority, walkability, collision, cover, materials, mineral color, moisture, decals, contents, light, and procedural embedding. Exactly one coherent object or intentionally fused cluster."
131,V3-B,queued,M018-B,M018,B,natural,Nest and larder substrate,mud-and-root bowl,"Volumetric organic bed that can accept bones, eggs, hides, food, treasure, or creature traces as separate attachments.",800,reference-images/M018-B-nest-and-larder-substrate-v1.png,incoming/M018-B-nest-and-larder-substrate-smart-800.glb,processed/M018-B-nest-and-larder-substrate-clean-v1.glb,"the authored natural silhouette, its few major masses, real openings, ledges, and construction-scale fracture or growth planes; for this row, specifically the mud-and-root bowl","exact terrain hole, elevation authority, walkability, collision, cover, materials, mineral color, moisture, decals, contents, light, and procedural embedding","tiny stones, gravel, roots, crystals, supports, water, decals, and any exact terrain interface that is cheaper or safer procedurally",the silhouette must beat routine procedural placement; real openings remain open; no accidental stairs or noisy micro-fracture,"Create exactly one low-poly medieval-fantasy nest and larder substrate donor for Genesis. Variant: mud-and-root bowl. Functional purpose: Volumetric organic bed that can accept bones, eggs, hides, food, treasure, or creature traces as separate attachments. Match the supplied reference image exactly and preserve the authored natural silhouette, its few major masses, real openings, ledges, and construction-scale fracture or growth planes; for this row, specifically the mud-and-root bowl. Use a few large deliberate construction-aligned planes, strong silhouette, thick mechanically legible parts, broad material regions, and honest open space. Do not add scenery, a floor base, characters, unrelated props, micro-clutter, text, labels, baked directional light, or any engine-owned feature: exact terrain hole, elevation authority, walkability, collision, cover, materials, mineral color, moisture, decals, contents, light, and procedural embedding. Exactly one coherent object or intentionally fused cluster."
132,V3-C,queued,M001-C,M001,C,natural,Low cover boulder cluster,split/scattered cluster,Compact two-to-four-stone mass that clearly supplies half cover without sprawling across a route.,400,reference-images/M001-C-low-cover-boulder-cluster-v1.png,incoming/M001-C-low-cover-boulder-cluster-smart-400.glb,processed/M001-C-low-cover-boulder-cluster-clean-v1.glb,"the authored natural silhouette, its few major masses, real openings, ledges, and construction-scale fracture or growth planes; for this row, specifically the split/scattered cluster","exact terrain hole, elevation authority, walkability, collision, cover, materials, mineral color, moisture, decals, contents, light, and procedural embedding","tiny stones, gravel, roots, crystals, supports, water, decals, and any exact terrain interface that is cheaper or safer procedurally",the silhouette must beat routine procedural placement; real openings remain open; no accidental stairs or noisy micro-fracture,"Create exactly one low-poly medieval-fantasy low cover boulder cluster donor for Genesis. Variant: split/scattered cluster. Functional purpose: Compact two-to-four-stone mass that clearly supplies half cover without sprawling across a route. Match the supplied reference image exactly and preserve the authored natural silhouette, its few major masses, real openings, ledges, and construction-scale fracture or growth planes; for this row, specifically the split/scattered cluster. Use a few large deliberate construction-aligned planes, strong silhouette, thick mechanically legible parts, broad material regions, and honest open space. Do not add scenery, a floor base, characters, unrelated props, micro-clutter, text, labels, baked directional light, or any engine-owned feature: exact terrain hole, elevation authority, walkability, collision, cover, materials, mineral color, moisture, decals, contents, light, and procedural embedding. Exactly one coherent object or intentionally fused cluster."
132,V3-C,queued,M002-C,M002,C,natural,Tall cover outcrop,sheared top,Narrow upright rock mass providing three-quarter cover and a strong height landmark.,700,reference-images/M002-C-tall-cover-outcrop-v1.png,incoming/M002-C-tall-cover-outcrop-smart-700.glb,processed/M002-C-tall-cover-outcrop-clean-v1.glb,"the authored natural silhouette, its few major masses, real openings, ledges, and construction-scale fracture or growth planes; for this row, specifically the sheared top","exact terrain hole, elevation authority, walkability, collision, cover, materials, mineral color, moisture, decals, contents, light, and procedural embedding","tiny stones, gravel, roots, crystals, supports, water, decals, and any exact terrain interface that is cheaper or safer procedurally",the silhouette must beat routine procedural placement; real openings remain open; no accidental stairs or noisy micro-fracture,"Create exactly one low-poly medieval-fantasy tall cover outcrop donor for Genesis. Variant: sheared top. Functional purpose: Narrow upright rock mass providing three-quarter cover and a strong height landmark. Match the supplied reference image exactly and preserve the authored natural silhouette, its few major masses, real openings, ledges, and construction-scale fracture or growth planes; for this row, specifically the sheared top. Use a few large deliberate construction-aligned planes, strong silhouette, thick mechanically legible parts, broad material regions, and honest open space. Do not add scenery, a floor base, characters, unrelated props, micro-clutter, text, labels, baked directional light, or any engine-owned feature: exact terrain hole, elevation authority, walkability, collision, cover, materials, mineral color, moisture, decals, contents, light, and procedural embedding. Exactly one coherent object or intentionally fused cluster."
132,V3-C,queued,M003-C,M003,C,natural,Climbable rock-step cluster,eroded partial climb,Natural footholds that can become a short alternate access route when aligned to the 2.5-foot height ladder.,700,reference-images/M003-C-climbable-rock-step-cluster-v1.png,incoming/M003-C-climbable-rock-step-cluster-smart-700.glb,processed/M003-C-climbable-rock-step-cluster-clean-v1.glb,"the authored natural silhouette, its few major masses, real openings, ledges, and construction-scale fracture or growth planes; for this row, specifically the eroded partial climb","exact terrain hole, elevation authority, walkability, collision, cover, materials, mineral color, moisture, decals, contents, light, and procedural embedding","tiny stones, gravel, roots, crystals, supports, water, decals, and any exact terrain interface that is cheaper or safer procedurally",the silhouette must beat routine procedural placement; real openings remain open; no accidental stairs or noisy micro-fracture,"Create exactly one low-poly medieval-fantasy climbable rock-step cluster donor for Genesis. Variant: eroded partial climb. Functional purpose: Natural footholds that can become a short alternate access route when aligned to the 2.5-foot height ladder. Match the supplied reference image exactly and preserve the authored natural silhouette, its few major masses, real openings, ledges, and construction-scale fracture or growth planes; for this row, specifically the eroded partial climb. Use a few large deliberate construction-aligned planes, strong silhouette, thick mechanically legible parts, broad material regions, and honest open space. Do not add scenery, a floor base, characters, unrelated props, micro-clutter, text, labels, baked directional light, or any engine-owned feature: exact terrain hole, elevation authority, walkability, collision, cover, materials, mineral color, moisture, decals, contents, light, and procedural embedding. Exactly one coherent object or intentionally fused cluster."
132,V3-C,queued,M004-C,M004,C,natural,Embedded retaining transition,failed/slipped transition,"Rock mass that visually reconciles a procedural wall, terrace, road shoulder, or foundation with natural terrain.",800,reference-images/M004-C-embedded-retaining-transition-v1.png,incoming/M004-C-embedded-retaining-transition-smart-800.glb,processed/M004-C-embedded-retaining-transition-clean-v1.glb,"the authored natural silhouette, its few major masses, real openings, ledges, and construction-scale fracture or growth planes; for this row, specifically the failed/slipped transition","exact terrain hole, elevation authority, walkability, collision, cover, materials, mineral color, moisture, decals, contents, light, and procedural embedding","tiny stones, gravel, roots, crystals, supports, water, decals, and any exact terrain interface that is cheaper or safer procedurally",the silhouette must beat routine procedural placement; real openings remain open; no accidental stairs or noisy micro-fracture,"Create exactly one low-poly medieval-fantasy embedded retaining transition donor for Genesis. Variant: failed/slipped transition. Functional purpose: Rock mass that visually reconciles a procedural wall, terrace, road shoulder, or foundation with natural terrain. Match the supplied reference image exactly and preserve the authored natural silhouette, its few major masses, real openings, ledges, and construction-scale fracture or growth planes; for this row, specifically the failed/slipped transition. Use a few large deliberate construction-aligned planes, strong silhouette, thick mechanically legible parts, broad material regions, and honest open space. Do not add scenery, a floor base, characters, unrelated props, micro-clutter, text, labels, baked directional light, or any engine-owned feature: exact terrain hole, elevation authority, walkability, collision, cover, materials, mineral color, moisture, decals, contents, light, and procedural embedding. Exactly one coherent object or intentionally fused cluster."
132,V3-C,queued,M005-C,M005,C,natural,Wide cave mouth with reveal,partial collapse,"A readable entrance large enough for ordinary encounters, with enough depth to avoid a flat painted hole.",1200,reference-images/M005-C-wide-cave-mouth-with-reveal-v1.png,incoming/M005-C-wide-cave-mouth-with-reveal-smart-1200.glb,processed/M005-C-wide-cave-mouth-with-reveal-clean-v1.glb,"the authored natural silhouette, its few major masses, real openings, ledges, and construction-scale fracture or growth planes; for this row, specifically the partial collapse","exact terrain hole, elevation authority, walkability, collision, cover, materials, mineral color, moisture, decals, contents, light, and procedural embedding","tiny stones, gravel, roots, crystals, supports, water, decals, and any exact terrain interface that is cheaper or safer procedurally",the silhouette must beat routine procedural placement; real openings remain open; no accidental stairs or noisy micro-fracture,"Create exactly one low-poly medieval-fantasy wide cave mouth with reveal donor for Genesis. Variant: partial collapse. Functional purpose: A readable entrance large enough for ordinary encounters, with enough depth to avoid a flat painted hole. Match the supplied reference image exactly and preserve the authored natural silhouette, its few major masses, real openings, ledges, and construction-scale fracture or growth planes; for this row, specifically the partial collapse. Use a few large deliberate construction-aligned planes, strong silhouette, thick mechanically legible parts, broad material regions, and honest open space. Do not add scenery, a floor base, characters, unrelated props, micro-clutter, text, labels, baked directional light, or any engine-owned feature: exact terrain hole, elevation authority, walkability, collision, cover, materials, mineral color, moisture, decals, contents, light, and procedural embedding. Exactly one coherent object or intentionally fused cluster."
132,V3-C,queued,M006-C,M006,C,natural,Narrow cave squeeze,jammed squeeze,"Compressed portal that communicates single-file passage, risk, and concealment.",900,reference-images/M006-C-narrow-cave-squeeze-v1.png,incoming/M006-C-narrow-cave-squeeze-smart-900.glb,processed/M006-C-narrow-cave-squeeze-clean-v1.glb,"the authored natural silhouette, its few major masses, real openings, ledges, and construction-scale fracture or growth planes; for this row, specifically the jammed squeeze","exact terrain hole, elevation authority, walkability, collision, cover, materials, mineral color, moisture, decals, contents, light, and procedural embedding","tiny stones, gravel, roots, crystals, supports, water, decals, and any exact terrain interface that is cheaper or safer procedurally",the silhouette must beat routine procedural placement; real openings remain open; no accidental stairs or noisy micro-fracture,"Create exactly one low-poly medieval-fantasy narrow cave squeeze donor for Genesis. Variant: jammed squeeze. Functional purpose: Compressed portal that communicates single-file passage, risk, and concealment. Match the supplied reference image exactly and preserve the authored natural silhouette, its few major masses, real openings, ledges, and construction-scale fracture or growth planes; for this row, specifically the jammed squeeze. Use a few large deliberate construction-aligned planes, strong silhouette, thick mechanically legible parts, broad material regions, and honest open space. Do not add scenery, a floor base, characters, unrelated props, micro-clutter, text, labels, baked directional light, or any engine-owned feature: exact terrain hole, elevation authority, walkability, collision, cover, materials, mineral color, moisture, decals, contents, light, and procedural embedding. Exactly one coherent object or intentionally fused cluster."
132,V3-C,queued,M007-C,M007,C,natural,Tunnel throat and rib mass,cracked/settled throat,Short organic transition from an entrance into an interior bore without requiring a full generated cave.,1000,reference-images/M007-C-tunnel-throat-and-rib-mass-v1.png,incoming/M007-C-tunnel-throat-and-rib-mass-smart-1000.glb,processed/M007-C-tunnel-throat-and-rib-mass-clean-v1.glb,"the authored natural silhouette, its few major masses, real openings, ledges, and construction-scale fracture or growth planes; for this row, specifically the cracked/settled throat","exact terrain hole, elevation authority, walkability, collision, cover, materials, mineral color, moisture, decals, contents, light, and procedural embedding","tiny stones, gravel, roots, crystals, supports, water, decals, and any exact terrain interface that is cheaper or safer procedurally",the silhouette must beat routine procedural placement; real openings remain open; no accidental stairs or noisy micro-fracture,"Create exactly one low-poly medieval-fantasy tunnel throat and rib mass donor for Genesis. Variant: cracked/settled throat. Functional purpose: Short organic transition from an entrance into an interior bore without requiring a full generated cave. Match the supplied reference image exactly and preserve the authored natural silhouette, its few major masses, real openings, ledges, and construction-scale fracture or growth planes; for this row, specifically the cracked/settled throat. Use a few large deliberate construction-aligned planes, strong silhouette, thick mechanically legible parts, broad material regions, and honest open space. Do not add scenery, a floor base, characters, unrelated props, micro-clutter, text, labels, baked directional light, or any engine-owned feature: exact terrain hole, elevation authority, walkability, collision, cover, materials, mineral color, moisture, decals, contents, light, and procedural embedding. Exactly one coherent object or intentionally fused cluster."
132,V3-C,queued,M008-C,M008,C,natural,Interior ledge and shelf,broken shelf,"Natural raised surface suitable for cover, nest placement, treasure, an authority position, or an alternate route.",800,reference-images/M008-C-interior-ledge-and-shelf-v1.png,incoming/M008-C-interior-ledge-and-shelf-smart-800.glb,processed/M008-C-interior-ledge-and-shelf-clean-v1.glb,"the authored natural silhouette, its few major masses, real openings, ledges, and construction-scale fracture or growth planes; for this row, specifically the broken shelf","exact terrain hole, elevation authority, walkability, collision, cover, materials, mineral color, moisture, decals, contents, light, and procedural embedding","tiny stones, gravel, roots, crystals, supports, water, decals, and any exact terrain interface that is cheaper or safer procedurally",the silhouette must beat routine procedural placement; real openings remain open; no accidental stairs or noisy micro-fracture,"Create exactly one low-poly medieval-fantasy interior ledge and shelf donor for Genesis. Variant: broken shelf. Functional purpose: Natural raised surface suitable for cover, nest placement, treasure, an authority position, or an alternate route. Match the supplied reference image exactly and preserve the authored natural silhouette, its few major masses, real openings, ledges, and construction-scale fracture or growth planes; for this row, specifically the broken shelf. Use a few large deliberate construction-aligned planes, strong silhouette, thick mechanically legible parts, broad material regions, and honest open space. Do not add scenery, a floor base, characters, unrelated props, micro-clutter, text, labels, baked directional light, or any engine-owned feature: exact terrain hole, elevation authority, walkability, collision, cover, materials, mineral color, moisture, decals, contents, light, and procedural embedding. Exactly one coherent object or intentionally fused cluster."
132,V3-C,queued,M009-C,M009,C,natural,Collapse cone and talus ramp,fresh unstable collapse,"Debris mass that can be collision-climbable, difficult terrain, blocked terrain, or a source-facing failure trace.",800,reference-images/M009-C-collapse-cone-and-talus-ramp-v1.png,incoming/M009-C-collapse-cone-and-talus-ramp-smart-800.glb,processed/M009-C-collapse-cone-and-talus-ramp-clean-v1.glb,"the authored natural silhouette, its few major masses, real openings, ledges, and construction-scale fracture or growth planes; for this row, specifically the fresh unstable collapse","exact terrain hole, elevation authority, walkability, collision, cover, materials, mineral color, moisture, decals, contents, light, and procedural embedding","tiny stones, gravel, roots, crystals, supports, water, decals, and any exact terrain interface that is cheaper or safer procedurally",the silhouette must beat routine procedural placement; real openings remain open; no accidental stairs or noisy micro-fracture,"Create exactly one low-poly medieval-fantasy collapse cone and talus ramp donor for Genesis. Variant: fresh unstable collapse. Functional purpose: Debris mass that can be collision-climbable, difficult terrain, blocked terrain, or a source-facing failure trace. Match the supplied reference image exactly and preserve the authored natural silhouette, its few major masses, real openings, ledges, and construction-scale fracture or growth planes; for this row, specifically the fresh unstable collapse. Use a few large deliberate construction-aligned planes, strong silhouette, thick mechanically legible parts, broad material regions, and honest open space. Do not add scenery, a floor base, characters, unrelated props, micro-clutter, text, labels, baked directional light, or any engine-owned feature: exact terrain hole, elevation authority, walkability, collision, cover, materials, mineral color, moisture, decals, contents, light, and procedural embedding. Exactly one coherent object or intentionally fused cluster."
132,V3-C,queued,M010-C,M010,C,natural,Dripstone cluster,shattered cluster,Stalagmites and fused columns that create readable natural cover without tiny spikes.,700,reference-images/M010-C-dripstone-cluster-v1.png,incoming/M010-C-dripstone-cluster-smart-700.glb,processed/M010-C-dripstone-cluster-clean-v1.glb,"the authored natural silhouette, its few major masses, real openings, ledges, and construction-scale fracture or growth planes; for this row, specifically the shattered cluster","exact terrain hole, elevation authority, walkability, collision, cover, materials, mineral color, moisture, decals, contents, light, and procedural embedding","tiny stones, gravel, roots, crystals, supports, water, decals, and any exact terrain interface that is cheaper or safer procedurally",the silhouette must beat routine procedural placement; real openings remain open; no accidental stairs or noisy micro-fracture,"Create exactly one low-poly medieval-fantasy dripstone cluster donor for Genesis. Variant: shattered cluster. Functional purpose: Stalagmites and fused columns that create readable natural cover without tiny spikes. Match the supplied reference image exactly and preserve the authored natural silhouette, its few major masses, real openings, ledges, and construction-scale fracture or growth planes; for this row, specifically the shattered cluster. Use a few large deliberate construction-aligned planes, strong silhouette, thick mechanically legible parts, broad material regions, and honest open space. Do not add scenery, a floor base, characters, unrelated props, micro-clutter, text, labels, baked directional light, or any engine-owned feature: exact terrain hole, elevation authority, walkability, collision, cover, materials, mineral color, moisture, decals, contents, light, and procedural embedding. Exactly one coherent object or intentionally fused cluster."
132,V3-C,queued,M011-C,M011,C,natural,Root arch and burrow mouth,snapped/rotted arch,Large interlocked roots that create a creature-authored or tree-owned entrance.,900,reference-images/M011-C-root-arch-and-burrow-mouth-v1.png,incoming/M011-C-root-arch-and-burrow-mouth-smart-900.glb,processed/M011-C-root-arch-and-burrow-mouth-clean-v1.glb,"the authored natural silhouette, its few major masses, real openings, ledges, and construction-scale fracture or growth planes; for this row, specifically the snapped/rotted arch","exact terrain hole, elevation authority, walkability, collision, cover, materials, mineral color, moisture, decals, contents, light, and procedural embedding","tiny stones, gravel, roots, crystals, supports, water, decals, and any exact terrain interface that is cheaper or safer procedurally",the silhouette must beat routine procedural placement; real openings remain open; no accidental stairs or noisy micro-fracture,"Create exactly one low-poly medieval-fantasy root arch and burrow mouth donor for Genesis. Variant: snapped/rotted arch. Functional purpose: Large interlocked roots that create a creature-authored or tree-owned entrance. Match the supplied reference image exactly and preserve the authored natural silhouette, its few major masses, real openings, ledges, and construction-scale fracture or growth planes; for this row, specifically the snapped/rotted arch. Use a few large deliberate construction-aligned planes, strong silhouette, thick mechanically legible parts, broad material regions, and honest open space. Do not add scenery, a floor base, characters, unrelated props, micro-clutter, text, labels, baked directional light, or any engine-owned feature: exact terrain hole, elevation authority, walkability, collision, cover, materials, mineral color, moisture, decals, contents, light, and procedural embedding. Exactly one coherent object or intentionally fused cluster."
132,V3-C,queued,M012-C,M012,C,natural,Root tunnel rib cluster,broken/dug-through ribs,"Repeating large roots that explain a burrow interior, organic cover, or the sides of a body-authored route.",900,reference-images/M012-C-root-tunnel-rib-cluster-v1.png,incoming/M012-C-root-tunnel-rib-cluster-smart-900.glb,processed/M012-C-root-tunnel-rib-cluster-clean-v1.glb,"the authored natural silhouette, its few major masses, real openings, ledges, and construction-scale fracture or growth planes; for this row, specifically the broken/dug-through ribs","exact terrain hole, elevation authority, walkability, collision, cover, materials, mineral color, moisture, decals, contents, light, and procedural embedding","tiny stones, gravel, roots, crystals, supports, water, decals, and any exact terrain interface that is cheaper or safer procedurally",the silhouette must beat routine procedural placement; real openings remain open; no accidental stairs or noisy micro-fracture,"Create exactly one low-poly medieval-fantasy root tunnel rib cluster donor for Genesis. Variant: broken/dug-through ribs. Functional purpose: Repeating large roots that explain a burrow interior, organic cover, or the sides of a body-authored route. Match the supplied reference image exactly and preserve the authored natural silhouette, its few major masses, real openings, ledges, and construction-scale fracture or growth planes; for this row, specifically the broken/dug-through ribs. Use a few large deliberate construction-aligned planes, strong silhouette, thick mechanically legible parts, broad material regions, and honest open space. Do not add scenery, a floor base, characters, unrelated props, micro-clutter, text, labels, baked directional light, or any engine-owned feature: exact terrain hole, elevation authority, walkability, collision, cover, materials, mineral color, moisture, decals, contents, light, and procedural embedding. Exactly one coherent object or intentionally fused cluster."
132,V3-C,queued,M013-C,M013,C,natural,Sinkhole or shaft rim,fresh collapsed edge,Natural or partly worked perimeter that turns an engine-owned hole into a convincing hazardous opening.,800,reference-images/M013-C-sinkhole-or-shaft-rim-v1.png,incoming/M013-C-sinkhole-or-shaft-rim-smart-800.glb,processed/M013-C-sinkhole-or-shaft-rim-clean-v1.glb,"the authored natural silhouette, its few major masses, real openings, ledges, and construction-scale fracture or growth planes; for this row, specifically the fresh collapsed edge","exact terrain hole, elevation authority, walkability, collision, cover, materials, mineral color, moisture, decals, contents, light, and procedural embedding","tiny stones, gravel, roots, crystals, supports, water, decals, and any exact terrain interface that is cheaper or safer procedurally",the silhouette must beat routine procedural placement; real openings remain open; no accidental stairs or noisy micro-fracture,"Create exactly one low-poly medieval-fantasy sinkhole or shaft rim donor for Genesis. Variant: fresh collapsed edge. Functional purpose: Natural or partly worked perimeter that turns an engine-owned hole into a convincing hazardous opening. Match the supplied reference image exactly and preserve the authored natural silhouette, its few major masses, real openings, ledges, and construction-scale fracture or growth planes; for this row, specifically the fresh collapsed edge. Use a few large deliberate construction-aligned planes, strong silhouette, thick mechanically legible parts, broad material regions, and honest open space. Do not add scenery, a floor base, characters, unrelated props, micro-clutter, text, labels, baked directional light, or any engine-owned feature: exact terrain hole, elevation authority, walkability, collision, cover, materials, mineral color, moisture, decals, contents, light, and procedural embedding. Exactly one coherent object or intentionally fused cluster."
132,V3-C,queued,M014-C,M014,C,natural,Pool and channel rock rim,breached/overflowed rim,"Reusable rock edge for springs, cave pools, mine sumps, drains, and water-owned route boundaries.",800,reference-images/M014-C-pool-and-channel-rock-rim-v1.png,incoming/M014-C-pool-and-channel-rock-rim-smart-800.glb,processed/M014-C-pool-and-channel-rock-rim-clean-v1.glb,"the authored natural silhouette, its few major masses, real openings, ledges, and construction-scale fracture or growth planes; for this row, specifically the breached/overflowed rim","exact terrain hole, elevation authority, walkability, collision, cover, materials, mineral color, moisture, decals, contents, light, and procedural embedding","tiny stones, gravel, roots, crystals, supports, water, decals, and any exact terrain interface that is cheaper or safer procedurally",the silhouette must beat routine procedural placement; real openings remain open; no accidental stairs or noisy micro-fracture,"Create exactly one low-poly medieval-fantasy pool and channel rock rim donor for Genesis. Variant: breached/overflowed rim. Functional purpose: Reusable rock edge for springs, cave pools, mine sumps, drains, and water-owned route boundaries. Match the supplied reference image exactly and preserve the authored natural silhouette, its few major masses, real openings, ledges, and construction-scale fracture or growth planes; for this row, specifically the breached/overflowed rim. Use a few large deliberate construction-aligned planes, strong silhouette, thick mechanically legible parts, broad material regions, and honest open space. Do not add scenery, a floor base, characters, unrelated props, micro-clutter, text, labels, baked directional light, or any engine-owned feature: exact terrain hole, elevation authority, walkability, collision, cover, materials, mineral color, moisture, decals, contents, light, and procedural embedding. Exactly one coherent object or intentionally fused cluster."
132,V3-C,queued,M015-C,M015,C,natural,Ore-seam outcrop,freshly worked face,Rock face with broad readable mineral bands that can be recolored without changing geometry.,700,reference-images/M015-C-ore-seam-outcrop-v1.png,incoming/M015-C-ore-seam-outcrop-smart-700.glb,processed/M015-C-ore-seam-outcrop-clean-v1.glb,"the authored natural silhouette, its few major masses, real openings, ledges, and construction-scale fracture or growth planes; for this row, specifically the freshly worked face","exact terrain hole, elevation authority, walkability, collision, cover, materials, mineral color, moisture, decals, contents, light, and procedural embedding","tiny stones, gravel, roots, crystals, supports, water, decals, and any exact terrain interface that is cheaper or safer procedurally",the silhouette must beat routine procedural placement; real openings remain open; no accidental stairs or noisy micro-fracture,"Create exactly one low-poly medieval-fantasy ore-seam outcrop donor for Genesis. Variant: freshly worked face. Functional purpose: Rock face with broad readable mineral bands that can be recolored without changing geometry. Match the supplied reference image exactly and preserve the authored natural silhouette, its few major masses, real openings, ledges, and construction-scale fracture or growth planes; for this row, specifically the freshly worked face. Use a few large deliberate construction-aligned planes, strong silhouette, thick mechanically legible parts, broad material regions, and honest open space. Do not add scenery, a floor base, characters, unrelated props, micro-clutter, text, labels, baked directional light, or any engine-owned feature: exact terrain hole, elevation authority, walkability, collision, cover, materials, mineral color, moisture, decals, contents, light, and procedural embedding. Exactly one coherent object or intentionally fused cluster."
132,V3-C,queued,M016-C,M016,C,natural,Spoil and tailings pile,slumped wet pile,"Human-made aggregate mass for mine, construction, siege, urban recovery, and abandoned-site histories.",700,reference-images/M016-C-spoil-and-tailings-pile-v1.png,incoming/M016-C-spoil-and-tailings-pile-smart-700.glb,processed/M016-C-spoil-and-tailings-pile-clean-v1.glb,"the authored natural silhouette, its few major masses, real openings, ledges, and construction-scale fracture or growth planes; for this row, specifically the slumped wet pile","exact terrain hole, elevation authority, walkability, collision, cover, materials, mineral color, moisture, decals, contents, light, and procedural embedding","tiny stones, gravel, roots, crystals, supports, water, decals, and any exact terrain interface that is cheaper or safer procedurally",the silhouette must beat routine procedural placement; real openings remain open; no accidental stairs or noisy micro-fracture,"Create exactly one low-poly medieval-fantasy spoil and tailings pile donor for Genesis. Variant: slumped wet pile. Functional purpose: Human-made aggregate mass for mine, construction, siege, urban recovery, and abandoned-site histories. Match the supplied reference image exactly and preserve the authored natural silhouette, its few major masses, real openings, ledges, and construction-scale fracture or growth planes; for this row, specifically the slumped wet pile. Use a few large deliberate construction-aligned planes, strong silhouette, thick mechanically legible parts, broad material regions, and honest open space. Do not add scenery, a floor base, characters, unrelated props, micro-clutter, text, labels, baked directional light, or any engine-owned feature: exact terrain hole, elevation authority, walkability, collision, cover, materials, mineral color, moisture, decals, contents, light, and procedural embedding. Exactly one coherent object or intentionally fused cluster."
132,V3-C,queued,M017-C,M017,C,natural,Crystal or strange-mineral growth,fractured/spent cluster,Restrained cool-light candidate that reads as geology first and magic second.,800,reference-images/M017-C-crystal-or-strange-mineral-growth-v1.png,incoming/M017-C-crystal-or-strange-mineral-growth-smart-800.glb,processed/M017-C-crystal-or-strange-mineral-growth-clean-v1.glb,"the authored natural silhouette, its few major masses, real openings, ledges, and construction-scale fracture or growth planes; for this row, specifically the fractured/spent cluster","exact terrain hole, elevation authority, walkability, collision, cover, materials, mineral color, moisture, decals, contents, light, and procedural embedding","tiny stones, gravel, roots, crystals, supports, water, decals, and any exact terrain interface that is cheaper or safer procedurally",the silhouette must beat routine procedural placement; real openings remain open; no accidental stairs or noisy micro-fracture,"Create exactly one low-poly medieval-fantasy crystal or strange-mineral growth donor for Genesis. Variant: fractured/spent cluster. Functional purpose: Restrained cool-light candidate that reads as geology first and magic second. Match the supplied reference image exactly and preserve the authored natural silhouette, its few major masses, real openings, ledges, and construction-scale fracture or growth planes; for this row, specifically the fractured/spent cluster. Use a few large deliberate construction-aligned planes, strong silhouette, thick mechanically legible parts, broad material regions, and honest open space. Do not add scenery, a floor base, characters, unrelated props, micro-clutter, text, labels, baked directional light, or any engine-owned feature: exact terrain hole, elevation authority, walkability, collision, cover, materials, mineral color, moisture, decals, contents, light, and procedural embedding. Exactly one coherent object or intentionally fused cluster."
132,V3-C,queued,M018-C,M018,C,natural,Nest and larder substrate,abandoned/collapsed nest,"Volumetric organic bed that can accept bones, eggs, hides, food, treasure, or creature traces as separate attachments.",800,reference-images/M018-C-nest-and-larder-substrate-v1.png,incoming/M018-C-nest-and-larder-substrate-smart-800.glb,processed/M018-C-nest-and-larder-substrate-clean-v1.glb,"the authored natural silhouette, its few major masses, real openings, ledges, and construction-scale fracture or growth planes; for this row, specifically the abandoned/collapsed nest","exact terrain hole, elevation authority, walkability, collision, cover, materials, mineral color, moisture, decals, contents, light, and procedural embedding","tiny stones, gravel, roots, crystals, supports, water, decals, and any exact terrain interface that is cheaper or safer procedurally",the silhouette must beat routine procedural placement; real openings remain open; no accidental stairs or noisy micro-fracture,"Create exactly one low-poly medieval-fantasy nest and larder substrate donor for Genesis. Variant: abandoned/collapsed nest. Functional purpose: Volumetric organic bed that can accept bones, eggs, hides, food, treasure, or creature traces as separate attachments. Match the supplied reference image exactly and preserve the authored natural silhouette, its few major masses, real openings, ledges, and construction-scale fracture or growth planes; for this row, specifically the abandoned/collapsed nest. Use a few large deliberate construction-aligned planes, strong silhouette, thick mechanically legible parts, broad material regions, and honest open space. Do not add scenery, a floor base, characters, unrelated props, micro-clutter, text, labels, baked directional light, or any engine-owned feature: exact terrain hole, elevation authority, walkability, collision, cover, materials, mineral color, moisture, decals, contents, light, and procedural embedding. Exactly one coherent object or intentionally fused cluster."
133,V3-D,queued,M001-D,M001,D,natural,Low cover boulder cluster,mortared or deliberately placed cluster,Compact two-to-four-stone mass that clearly supplies half cover without sprawling across a route.,400,reference-images/M001-D-low-cover-boulder-cluster-v1.png,incoming/M001-D-low-cover-boulder-cluster-smart-400.glb,processed/M001-D-low-cover-boulder-cluster-clean-v1.glb,"the authored natural silhouette, its few major masses, real openings, ledges, and construction-scale fracture or growth planes; for this row, specifically the mortared or deliberately placed cluster","exact terrain hole, elevation authority, walkability, collision, cover, materials, mineral color, moisture, decals, contents, light, and procedural embedding","tiny stones, gravel, roots, crystals, supports, water, decals, and any exact terrain interface that is cheaper or safer procedurally",the silhouette must beat routine procedural placement; real openings remain open; no accidental stairs or noisy micro-fracture,"Create exactly one low-poly medieval-fantasy low cover boulder cluster donor for Genesis. Variant: mortared or deliberately placed cluster. Functional purpose: Compact two-to-four-stone mass that clearly supplies half cover without sprawling across a route. Match the supplied reference image exactly and preserve the authored natural silhouette, its few major masses, real openings, ledges, and construction-scale fracture or growth planes; for this row, specifically the mortared or deliberately placed cluster. Use a few large deliberate construction-aligned planes, strong silhouette, thick mechanically legible parts, broad material regions, and honest open space. Do not add scenery, a floor base, characters, unrelated props, micro-clutter, text, labels, baked directional light, or any engine-owned feature: exact terrain hole, elevation authority, walkability, collision, cover, materials, mineral color, moisture, decals, contents, light, and procedural embedding. Exactly one coherent object or intentionally fused cluster."
133,V3-D,queued,M002-D,M002,D,natural,Tall cover outcrop,braced or carved lookout-side version,Narrow upright rock mass providing three-quarter cover and a strong height landmark.,700,reference-images/M002-D-tall-cover-outcrop-v1.png,incoming/M002-D-tall-cover-outcrop-smart-700.glb,processed/M002-D-tall-cover-outcrop-clean-v1.glb,"the authored natural silhouette, its few major masses, real openings, ledges, and construction-scale fracture or growth planes; for this row, specifically the braced or carved lookout-side version","exact terrain hole, elevation authority, walkability, collision, cover, materials, mineral color, moisture, decals, contents, light, and procedural embedding","tiny stones, gravel, roots, crystals, supports, water, decals, and any exact terrain interface that is cheaper or safer procedurally",the silhouette must beat routine procedural placement; real openings remain open; no accidental stairs or noisy micro-fracture,"Create exactly one low-poly medieval-fantasy tall cover outcrop donor for Genesis. Variant: braced or carved lookout-side version. Functional purpose: Narrow upright rock mass providing three-quarter cover and a strong height landmark. Match the supplied reference image exactly and preserve the authored natural silhouette, its few major masses, real openings, ledges, and construction-scale fracture or growth planes; for this row, specifically the braced or carved lookout-side version. Use a few large deliberate construction-aligned planes, strong silhouette, thick mechanically legible parts, broad material regions, and honest open space. Do not add scenery, a floor base, characters, unrelated props, micro-clutter, text, labels, baked directional light, or any engine-owned feature: exact terrain hole, elevation authority, walkability, collision, cover, materials, mineral color, moisture, decals, contents, light, and procedural embedding. Exactly one coherent object or intentionally fused cluster."
133,V3-D,queued,M003-D,M003,D,natural,Climbable rock-step cluster,hand-cut or repaired climb,Natural footholds that can become a short alternate access route when aligned to the 2.5-foot height ladder.,700,reference-images/M003-D-climbable-rock-step-cluster-v1.png,incoming/M003-D-climbable-rock-step-cluster-smart-700.glb,processed/M003-D-climbable-rock-step-cluster-clean-v1.glb,"the authored natural silhouette, its few major masses, real openings, ledges, and construction-scale fracture or growth planes; for this row, specifically the hand-cut or repaired climb","exact terrain hole, elevation authority, walkability, collision, cover, materials, mineral color, moisture, decals, contents, light, and procedural embedding","tiny stones, gravel, roots, crystals, supports, water, decals, and any exact terrain interface that is cheaper or safer procedurally",the silhouette must beat routine procedural placement; real openings remain open; no accidental stairs or noisy micro-fracture,"Create exactly one low-poly medieval-fantasy climbable rock-step cluster donor for Genesis. Variant: hand-cut or repaired climb. Functional purpose: Natural footholds that can become a short alternate access route when aligned to the 2.5-foot height ladder. Match the supplied reference image exactly and preserve the authored natural silhouette, its few major masses, real openings, ledges, and construction-scale fracture or growth planes; for this row, specifically the hand-cut or repaired climb. Use a few large deliberate construction-aligned planes, strong silhouette, thick mechanically legible parts, broad material regions, and honest open space. Do not add scenery, a floor base, characters, unrelated props, micro-clutter, text, labels, baked directional light, or any engine-owned feature: exact terrain hole, elevation authority, walkability, collision, cover, materials, mineral color, moisture, decals, contents, light, and procedural embedding. Exactly one coherent object or intentionally fused cluster."
133,V3-D,queued,M004-D,M004,D,natural,Embedded retaining transition,"pinned, mortared, or timber-braced transition","Rock mass that visually reconciles a procedural wall, terrace, road shoulder, or foundation with natural terrain.",800,reference-images/M004-D-embedded-retaining-transition-v1.png,incoming/M004-D-embedded-retaining-transition-smart-800.glb,processed/M004-D-embedded-retaining-transition-clean-v1.glb,"the authored natural silhouette, its few major masses, real openings, ledges, and construction-scale fracture or growth planes; for this row, specifically the pinned, mortared, or timber-braced transition","exact terrain hole, elevation authority, walkability, collision, cover, materials, mineral color, moisture, decals, contents, light, and procedural embedding","tiny stones, gravel, roots, crystals, supports, water, decals, and any exact terrain interface that is cheaper or safer procedurally",the silhouette must beat routine procedural placement; real openings remain open; no accidental stairs or noisy micro-fracture,"Create exactly one low-poly medieval-fantasy embedded retaining transition donor for Genesis. Variant: pinned, mortared, or timber-braced transition. Functional purpose: Rock mass that visually reconciles a procedural wall, terrace, road shoulder, or foundation with natural terrain. Match the supplied reference image exactly and preserve the authored natural silhouette, its few major masses, real openings, ledges, and construction-scale fracture or growth planes; for this row, specifically the pinned, mortared, or timber-braced transition. Use a few large deliberate construction-aligned planes, strong silhouette, thick mechanically legible parts, broad material regions, and honest open space. Do not add scenery, a floor base, characters, unrelated props, micro-clutter, text, labels, baked directional light, or any engine-owned feature: exact terrain hole, elevation authority, walkability, collision, cover, materials, mineral color, moisture, decals, contents, light, and procedural embedding. Exactly one coherent object or intentionally fused cluster."
133,V3-D,queued,M005-D,M005,D,natural,Wide cave mouth with reveal,shored or claimed entrance,"A readable entrance large enough for ordinary encounters, with enough depth to avoid a flat painted hole.",1200,reference-images/M005-D-wide-cave-mouth-with-reveal-v1.png,incoming/M005-D-wide-cave-mouth-with-reveal-smart-1200.glb,processed/M005-D-wide-cave-mouth-with-reveal-clean-v1.glb,"the authored natural silhouette, its few major masses, real openings, ledges, and construction-scale fracture or growth planes; for this row, specifically the shored or claimed entrance","exact terrain hole, elevation authority, walkability, collision, cover, materials, mineral color, moisture, decals, contents, light, and procedural embedding","tiny stones, gravel, roots, crystals, supports, water, decals, and any exact terrain interface that is cheaper or safer procedurally",the silhouette must beat routine procedural placement; real openings remain open; no accidental stairs or noisy micro-fracture,"Create exactly one low-poly medieval-fantasy wide cave mouth with reveal donor for Genesis. Variant: shored or claimed entrance. Functional purpose: A readable entrance large enough for ordinary encounters, with enough depth to avoid a flat painted hole. Match the supplied reference image exactly and preserve the authored natural silhouette, its few major masses, real openings, ledges, and construction-scale fracture or growth planes; for this row, specifically the shored or claimed entrance. Use a few large deliberate construction-aligned planes, strong silhouette, thick mechanically legible parts, broad material regions, and honest open space. Do not add scenery, a floor base, characters, unrelated props, micro-clutter, text, labels, baked directional light, or any engine-owned feature: exact terrain hole, elevation authority, walkability, collision, cover, materials, mineral color, moisture, decals, contents, light, and procedural embedding. Exactly one coherent object or intentionally fused cluster."
133,V3-D,queued,M006-D,M006,D,natural,Narrow cave squeeze,widened or reinforced squeeze,"Compressed portal that communicates single-file passage, risk, and concealment.",900,reference-images/M006-D-narrow-cave-squeeze-v1.png,incoming/M006-D-narrow-cave-squeeze-smart-900.glb,processed/M006-D-narrow-cave-squeeze-clean-v1.glb,"the authored natural silhouette, its few major masses, real openings, ledges, and construction-scale fracture or growth planes; for this row, specifically the widened or reinforced squeeze","exact terrain hole, elevation authority, walkability, collision, cover, materials, mineral color, moisture, decals, contents, light, and procedural embedding","tiny stones, gravel, roots, crystals, supports, water, decals, and any exact terrain interface that is cheaper or safer procedurally",the silhouette must beat routine procedural placement; real openings remain open; no accidental stairs or noisy micro-fracture,"Create exactly one low-poly medieval-fantasy narrow cave squeeze donor for Genesis. Variant: widened or reinforced squeeze. Functional purpose: Compressed portal that communicates single-file passage, risk, and concealment. Match the supplied reference image exactly and preserve the authored natural silhouette, its few major masses, real openings, ledges, and construction-scale fracture or growth planes; for this row, specifically the widened or reinforced squeeze. Use a few large deliberate construction-aligned planes, strong silhouette, thick mechanically legible parts, broad material regions, and honest open space. Do not add scenery, a floor base, characters, unrelated props, micro-clutter, text, labels, baked directional light, or any engine-owned feature: exact terrain hole, elevation authority, walkability, collision, cover, materials, mineral color, moisture, decals, contents, light, and procedural embedding. Exactly one coherent object or intentionally fused cluster."
133,V3-D,queued,M007-D,M007,D,natural,Tunnel throat and rib mass,mined or propped throat,Short organic transition from an entrance into an interior bore without requiring a full generated cave.,1000,reference-images/M007-D-tunnel-throat-and-rib-mass-v1.png,incoming/M007-D-tunnel-throat-and-rib-mass-smart-1000.glb,processed/M007-D-tunnel-throat-and-rib-mass-clean-v1.glb,"the authored natural silhouette, its few major masses, real openings, ledges, and construction-scale fracture or growth planes; for this row, specifically the mined or propped throat","exact terrain hole, elevation authority, walkability, collision, cover, materials, mineral color, moisture, decals, contents, light, and procedural embedding","tiny stones, gravel, roots, crystals, supports, water, decals, and any exact terrain interface that is cheaper or safer procedurally",the silhouette must beat routine procedural placement; real openings remain open; no accidental stairs or noisy micro-fracture,"Create exactly one low-poly medieval-fantasy tunnel throat and rib mass donor for Genesis. Variant: mined or propped throat. Functional purpose: Short organic transition from an entrance into an interior bore without requiring a full generated cave. Match the supplied reference image exactly and preserve the authored natural silhouette, its few major masses, real openings, ledges, and construction-scale fracture or growth planes; for this row, specifically the mined or propped throat. Use a few large deliberate construction-aligned planes, strong silhouette, thick mechanically legible parts, broad material regions, and honest open space. Do not add scenery, a floor base, characters, unrelated props, micro-clutter, text, labels, baked directional light, or any engine-owned feature: exact terrain hole, elevation authority, walkability, collision, cover, materials, mineral color, moisture, decals, contents, light, and procedural embedding. Exactly one coherent object or intentionally fused cluster."
133,V3-D,queued,M008-D,M008,D,natural,Interior ledge and shelf,creature-worked or hand-improved shelf,"Natural raised surface suitable for cover, nest placement, treasure, an authority position, or an alternate route.",800,reference-images/M008-D-interior-ledge-and-shelf-v1.png,incoming/M008-D-interior-ledge-and-shelf-smart-800.glb,processed/M008-D-interior-ledge-and-shelf-clean-v1.glb,"the authored natural silhouette, its few major masses, real openings, ledges, and construction-scale fracture or growth planes; for this row, specifically the creature-worked or hand-improved shelf","exact terrain hole, elevation authority, walkability, collision, cover, materials, mineral color, moisture, decals, contents, light, and procedural embedding","tiny stones, gravel, roots, crystals, supports, water, decals, and any exact terrain interface that is cheaper or safer procedurally",the silhouette must beat routine procedural placement; real openings remain open; no accidental stairs or noisy micro-fracture,"Create exactly one low-poly medieval-fantasy interior ledge and shelf donor for Genesis. Variant: creature-worked or hand-improved shelf. Functional purpose: Natural raised surface suitable for cover, nest placement, treasure, an authority position, or an alternate route. Match the supplied reference image exactly and preserve the authored natural silhouette, its few major masses, real openings, ledges, and construction-scale fracture or growth planes; for this row, specifically the creature-worked or hand-improved shelf. Use a few large deliberate construction-aligned planes, strong silhouette, thick mechanically legible parts, broad material regions, and honest open space. Do not add scenery, a floor base, characters, unrelated props, micro-clutter, text, labels, baked directional light, or any engine-owned feature: exact terrain hole, elevation authority, walkability, collision, cover, materials, mineral color, moisture, decals, contents, light, and procedural embedding. Exactly one coherent object or intentionally fused cluster."
133,V3-D,queued,M009-D,M009,D,natural,Collapse cone and talus ramp,cleared path through old collapse,"Debris mass that can be collision-climbable, difficult terrain, blocked terrain, or a source-facing failure trace.",800,reference-images/M009-D-collapse-cone-and-talus-ramp-v1.png,incoming/M009-D-collapse-cone-and-talus-ramp-smart-800.glb,processed/M009-D-collapse-cone-and-talus-ramp-clean-v1.glb,"the authored natural silhouette, its few major masses, real openings, ledges, and construction-scale fracture or growth planes; for this row, specifically the cleared path through old collapse","exact terrain hole, elevation authority, walkability, collision, cover, materials, mineral color, moisture, decals, contents, light, and procedural embedding","tiny stones, gravel, roots, crystals, supports, water, decals, and any exact terrain interface that is cheaper or safer procedurally",the silhouette must beat routine procedural placement; real openings remain open; no accidental stairs or noisy micro-fracture,"Create exactly one low-poly medieval-fantasy collapse cone and talus ramp donor for Genesis. Variant: cleared path through old collapse. Functional purpose: Debris mass that can be collision-climbable, difficult terrain, blocked terrain, or a source-facing failure trace. Match the supplied reference image exactly and preserve the authored natural silhouette, its few major masses, real openings, ledges, and construction-scale fracture or growth planes; for this row, specifically the cleared path through old collapse. Use a few large deliberate construction-aligned planes, strong silhouette, thick mechanically legible parts, broad material regions, and honest open space. Do not add scenery, a floor base, characters, unrelated props, micro-clutter, text, labels, baked directional light, or any engine-owned feature: exact terrain hole, elevation authority, walkability, collision, cover, materials, mineral color, moisture, decals, contents, light, and procedural embedding. Exactly one coherent object or intentionally fused cluster."
133,V3-D,queued,M010-D,M010,D,natural,Dripstone cluster,mineral-rich wet cluster,Stalagmites and fused columns that create readable natural cover without tiny spikes.,700,reference-images/M010-D-dripstone-cluster-v1.png,incoming/M010-D-dripstone-cluster-smart-700.glb,processed/M010-D-dripstone-cluster-clean-v1.glb,"the authored natural silhouette, its few major masses, real openings, ledges, and construction-scale fracture or growth planes; for this row, specifically the mineral-rich wet cluster","exact terrain hole, elevation authority, walkability, collision, cover, materials, mineral color, moisture, decals, contents, light, and procedural embedding","tiny stones, gravel, roots, crystals, supports, water, decals, and any exact terrain interface that is cheaper or safer procedurally",the silhouette must beat routine procedural placement; real openings remain open; no accidental stairs or noisy micro-fracture,"Create exactly one low-poly medieval-fantasy dripstone cluster donor for Genesis. Variant: mineral-rich wet cluster. Functional purpose: Stalagmites and fused columns that create readable natural cover without tiny spikes. Match the supplied reference image exactly and preserve the authored natural silhouette, its few major masses, real openings, ledges, and construction-scale fracture or growth planes; for this row, specifically the mineral-rich wet cluster. Use a few large deliberate construction-aligned planes, strong silhouette, thick mechanically legible parts, broad material regions, and honest open space. Do not add scenery, a floor base, characters, unrelated props, micro-clutter, text, labels, baked directional light, or any engine-owned feature: exact terrain hole, elevation authority, walkability, collision, cover, materials, mineral color, moisture, decals, contents, light, and procedural embedding. Exactly one coherent object or intentionally fused cluster."
133,V3-D,queued,M011-D,M011,D,natural,Root arch and burrow mouth,woven or inhabited entrance,Large interlocked roots that create a creature-authored or tree-owned entrance.,900,reference-images/M011-D-root-arch-and-burrow-mouth-v1.png,incoming/M011-D-root-arch-and-burrow-mouth-smart-900.glb,processed/M011-D-root-arch-and-burrow-mouth-clean-v1.glb,"the authored natural silhouette, its few major masses, real openings, ledges, and construction-scale fracture or growth planes; for this row, specifically the woven or inhabited entrance","exact terrain hole, elevation authority, walkability, collision, cover, materials, mineral color, moisture, decals, contents, light, and procedural embedding","tiny stones, gravel, roots, crystals, supports, water, decals, and any exact terrain interface that is cheaper or safer procedurally",the silhouette must beat routine procedural placement; real openings remain open; no accidental stairs or noisy micro-fracture,"Create exactly one low-poly medieval-fantasy root arch and burrow mouth donor for Genesis. Variant: woven or inhabited entrance. Functional purpose: Large interlocked roots that create a creature-authored or tree-owned entrance. Match the supplied reference image exactly and preserve the authored natural silhouette, its few major masses, real openings, ledges, and construction-scale fracture or growth planes; for this row, specifically the woven or inhabited entrance. Use a few large deliberate construction-aligned planes, strong silhouette, thick mechanically legible parts, broad material regions, and honest open space. Do not add scenery, a floor base, characters, unrelated props, micro-clutter, text, labels, baked directional light, or any engine-owned feature: exact terrain hole, elevation authority, walkability, collision, cover, materials, mineral color, moisture, decals, contents, light, and procedural embedding. Exactly one coherent object or intentionally fused cluster."
133,V3-D,queued,M012-D,M012,D,natural,Root tunnel rib cluster,lashed or reinforced ribs,"Repeating large roots that explain a burrow interior, organic cover, or the sides of a body-authored route.",900,reference-images/M012-D-root-tunnel-rib-cluster-v1.png,incoming/M012-D-root-tunnel-rib-cluster-smart-900.glb,processed/M012-D-root-tunnel-rib-cluster-clean-v1.glb,"the authored natural silhouette, its few major masses, real openings, ledges, and construction-scale fracture or growth planes; for this row, specifically the lashed or reinforced ribs","exact terrain hole, elevation authority, walkability, collision, cover, materials, mineral color, moisture, decals, contents, light, and procedural embedding","tiny stones, gravel, roots, crystals, supports, water, decals, and any exact terrain interface that is cheaper or safer procedurally",the silhouette must beat routine procedural placement; real openings remain open; no accidental stairs or noisy micro-fracture,"Create exactly one low-poly medieval-fantasy root tunnel rib cluster donor for Genesis. Variant: lashed or reinforced ribs. Functional purpose: Repeating large roots that explain a burrow interior, organic cover, or the sides of a body-authored route. Match the supplied reference image exactly and preserve the authored natural silhouette, its few major masses, real openings, ledges, and construction-scale fracture or growth planes; for this row, specifically the lashed or reinforced ribs. Use a few large deliberate construction-aligned planes, strong silhouette, thick mechanically legible parts, broad material regions, and honest open space. Do not add scenery, a floor base, characters, unrelated props, micro-clutter, text, labels, baked directional light, or any engine-owned feature: exact terrain hole, elevation authority, walkability, collision, cover, materials, mineral color, moisture, decals, contents, light, and procedural embedding. Exactly one coherent object or intentionally fused cluster."
133,V3-D,queued,M013-D,M013,D,natural,Sinkhole or shaft rim,"shored, fenced, or worked rim",Natural or partly worked perimeter that turns an engine-owned hole into a convincing hazardous opening.,800,reference-images/M013-D-sinkhole-or-shaft-rim-v1.png,incoming/M013-D-sinkhole-or-shaft-rim-smart-800.glb,processed/M013-D-sinkhole-or-shaft-rim-clean-v1.glb,"the authored natural silhouette, its few major masses, real openings, ledges, and construction-scale fracture or growth planes; for this row, specifically the shored, fenced, or worked rim","exact terrain hole, elevation authority, walkability, collision, cover, materials, mineral color, moisture, decals, contents, light, and procedural embedding","tiny stones, gravel, roots, crystals, supports, water, decals, and any exact terrain interface that is cheaper or safer procedurally",the silhouette must beat routine procedural placement; real openings remain open; no accidental stairs or noisy micro-fracture,"Create exactly one low-poly medieval-fantasy sinkhole or shaft rim donor for Genesis. Variant: shored, fenced, or worked rim. Functional purpose: Natural or partly worked perimeter that turns an engine-owned hole into a convincing hazardous opening. Match the supplied reference image exactly and preserve the authored natural silhouette, its few major masses, real openings, ledges, and construction-scale fracture or growth planes; for this row, specifically the shored, fenced, or worked rim. Use a few large deliberate construction-aligned planes, strong silhouette, thick mechanically legible parts, broad material regions, and honest open space. Do not add scenery, a floor base, characters, unrelated props, micro-clutter, text, labels, baked directional light, or any engine-owned feature: exact terrain hole, elevation authority, walkability, collision, cover, materials, mineral color, moisture, decals, contents, light, and procedural embedding. Exactly one coherent object or intentionally fused cluster."
133,V3-D,queued,M014-D,M014,D,natural,Pool and channel rock rim,lined or repaired rim,"Reusable rock edge for springs, cave pools, mine sumps, drains, and water-owned route boundaries.",800,reference-images/M014-D-pool-and-channel-rock-rim-v1.png,incoming/M014-D-pool-and-channel-rock-rim-smart-800.glb,processed/M014-D-pool-and-channel-rock-rim-clean-v1.glb,"the authored natural silhouette, its few major masses, real openings, ledges, and construction-scale fracture or growth planes; for this row, specifically the lined or repaired rim","exact terrain hole, elevation authority, walkability, collision, cover, materials, mineral color, moisture, decals, contents, light, and procedural embedding","tiny stones, gravel, roots, crystals, supports, water, decals, and any exact terrain interface that is cheaper or safer procedurally",the silhouette must beat routine procedural placement; real openings remain open; no accidental stairs or noisy micro-fracture,"Create exactly one low-poly medieval-fantasy pool and channel rock rim donor for Genesis. Variant: lined or repaired rim. Functional purpose: Reusable rock edge for springs, cave pools, mine sumps, drains, and water-owned route boundaries. Match the supplied reference image exactly and preserve the authored natural silhouette, its few major masses, real openings, ledges, and construction-scale fracture or growth planes; for this row, specifically the lined or repaired rim. Use a few large deliberate construction-aligned planes, strong silhouette, thick mechanically legible parts, broad material regions, and honest open space. Do not add scenery, a floor base, characters, unrelated props, micro-clutter, text, labels, baked directional light, or any engine-owned feature: exact terrain hole, elevation authority, walkability, collision, cover, materials, mineral color, moisture, decals, contents, light, and procedural embedding. Exactly one coherent object or intentionally fused cluster."
133,V3-D,queued,M015-D,M015,D,natural,Ore-seam outcrop,exhausted or magically altered seam,Rock face with broad readable mineral bands that can be recolored without changing geometry.,700,reference-images/M015-D-ore-seam-outcrop-v1.png,incoming/M015-D-ore-seam-outcrop-smart-700.glb,processed/M015-D-ore-seam-outcrop-clean-v1.glb,"the authored natural silhouette, its few major masses, real openings, ledges, and construction-scale fracture or growth planes; for this row, specifically the exhausted or magically altered seam","exact terrain hole, elevation authority, walkability, collision, cover, materials, mineral color, moisture, decals, contents, light, and procedural embedding","tiny stones, gravel, roots, crystals, supports, water, decals, and any exact terrain interface that is cheaper or safer procedurally",the silhouette must beat routine procedural placement; real openings remain open; no accidental stairs or noisy micro-fracture,"Create exactly one low-poly medieval-fantasy ore-seam outcrop donor for Genesis. Variant: exhausted or magically altered seam. Functional purpose: Rock face with broad readable mineral bands that can be recolored without changing geometry. Match the supplied reference image exactly and preserve the authored natural silhouette, its few major masses, real openings, ledges, and construction-scale fracture or growth planes; for this row, specifically the exhausted or magically altered seam. Use a few large deliberate construction-aligned planes, strong silhouette, thick mechanically legible parts, broad material regions, and honest open space. Do not add scenery, a floor base, characters, unrelated props, micro-clutter, text, labels, baked directional light, or any engine-owned feature: exact terrain hole, elevation authority, walkability, collision, cover, materials, mineral color, moisture, decals, contents, light, and procedural embedding. Exactly one coherent object or intentionally fused cluster."
133,V3-D,queued,M016-D,M016,D,natural,Spoil and tailings pile,cleared/reworked pile,"Human-made aggregate mass for mine, construction, siege, urban recovery, and abandoned-site histories.",700,reference-images/M016-D-spoil-and-tailings-pile-v1.png,incoming/M016-D-spoil-and-tailings-pile-smart-700.glb,processed/M016-D-spoil-and-tailings-pile-clean-v1.glb,"the authored natural silhouette, its few major masses, real openings, ledges, and construction-scale fracture or growth planes; for this row, specifically the cleared/reworked pile","exact terrain hole, elevation authority, walkability, collision, cover, materials, mineral color, moisture, decals, contents, light, and procedural embedding","tiny stones, gravel, roots, crystals, supports, water, decals, and any exact terrain interface that is cheaper or safer procedurally",the silhouette must beat routine procedural placement; real openings remain open; no accidental stairs or noisy micro-fracture,"Create exactly one low-poly medieval-fantasy spoil and tailings pile donor for Genesis. Variant: cleared/reworked pile. Functional purpose: Human-made aggregate mass for mine, construction, siege, urban recovery, and abandoned-site histories. Match the supplied reference image exactly and preserve the authored natural silhouette, its few major masses, real openings, ledges, and construction-scale fracture or growth planes; for this row, specifically the cleared/reworked pile. Use a few large deliberate construction-aligned planes, strong silhouette, thick mechanically legible parts, broad material regions, and honest open space. Do not add scenery, a floor base, characters, unrelated props, micro-clutter, text, labels, baked directional light, or any engine-owned feature: exact terrain hole, elevation authority, walkability, collision, cover, materials, mineral color, moisture, decals, contents, light, and procedural embedding. Exactly one coherent object or intentionally fused cluster."
133,V3-D,queued,M017-D,M017,D,natural,Crystal or strange-mineral growth,harvested or caged working-light cluster,Restrained cool-light candidate that reads as geology first and magic second.,800,reference-images/M017-D-crystal-or-strange-mineral-growth-v1.png,incoming/M017-D-crystal-or-strange-mineral-growth-smart-800.glb,processed/M017-D-crystal-or-strange-mineral-growth-clean-v1.glb,"the authored natural silhouette, its few major masses, real openings, ledges, and construction-scale fracture or growth planes; for this row, specifically the harvested or caged working-light cluster","exact terrain hole, elevation authority, walkability, collision, cover, materials, mineral color, moisture, decals, contents, light, and procedural embedding","tiny stones, gravel, roots, crystals, supports, water, decals, and any exact terrain interface that is cheaper or safer procedurally",the silhouette must beat routine procedural placement; real openings remain open; no accidental stairs or noisy micro-fracture,"Create exactly one low-poly medieval-fantasy crystal or strange-mineral growth donor for Genesis. Variant: harvested or caged working-light cluster. Functional purpose: Restrained cool-light candidate that reads as geology first and magic second. Match the supplied reference image exactly and preserve the authored natural silhouette, its few major masses, real openings, ledges, and construction-scale fracture or growth planes; for this row, specifically the harvested or caged working-light cluster. Use a few large deliberate construction-aligned planes, strong silhouette, thick mechanically legible parts, broad material regions, and honest open space. Do not add scenery, a floor base, characters, unrelated props, micro-clutter, text, labels, baked directional light, or any engine-owned feature: exact terrain hole, elevation authority, walkability, collision, cover, materials, mineral color, moisture, decals, contents, light, and procedural embedding. Exactly one coherent object or intentionally fused cluster."
133,V3-D,queued,M018-D,M018,D,natural,Nest and larder substrate,"occupied, reinforced, or appropriated nest","Volumetric organic bed that can accept bones, eggs, hides, food, treasure, or creature traces as separate attachments.",800,reference-images/M018-D-nest-and-larder-substrate-v1.png,incoming/M018-D-nest-and-larder-substrate-smart-800.glb,processed/M018-D-nest-and-larder-substrate-clean-v1.glb,"the authored natural silhouette, its few major masses, real openings, ledges, and construction-scale fracture or growth planes; for this row, specifically the occupied, reinforced, or appropriated nest","exact terrain hole, elevation authority, walkability, collision, cover, materials, mineral color, moisture, decals, contents, light, and procedural embedding","tiny stones, gravel, roots, crystals, supports, water, decals, and any exact terrain interface that is cheaper or safer procedurally",the silhouette must beat routine procedural placement; real openings remain open; no accidental stairs or noisy micro-fracture,"Create exactly one low-poly medieval-fantasy nest and larder substrate donor for Genesis. Variant: occupied, reinforced, or appropriated nest. Functional purpose: Volumetric organic bed that can accept bones, eggs, hides, food, treasure, or creature traces as separate attachments. Match the supplied reference image exactly and preserve the authored natural silhouette, its few major masses, real openings, ledges, and construction-scale fracture or growth planes; for this row, specifically the occupied, reinforced, or appropriated nest. Use a few large deliberate construction-aligned planes, strong silhouette, thick mechanically legible parts, broad material regions, and honest open space. Do not add scenery, a floor base, characters, unrelated props, micro-clutter, text, labels, baked directional light, or any engine-owned feature: exact terrain hole, elevation authority, walkability, collision, cover, materials, mineral color, moisture, decals, contents, light, and procedural embedding. Exactly one coherent object or intentionally fused cluster."
141,V4-B,queued,M035-B,M035,B,shelter,Ridge tent,long communal ridge,Ordinary household or expedition shelter with a clear roof line and removable front treatment.,800,reference-images/M035-B-ridge-tent-v1.png,incoming/M035-B-ridge-tent-smart-800.glb,processed/M035-B-ridge-tent-clean-v1.glb,"the primary shelter silhouette, broad cloth or service masses, large supports, threshold, and genuinely useful removable treatment; for this row, specifically the long communal ridge","exact tactical footprint, collision, stakes, guy lines, sockets, materials, cultural markings, furniture, contents, light, and state","simple poles, stakes, ropes, fasteners, floor panels, and other standardized supports",broad planes survive without dense wrinkles; thresholds remain real; no floor or platform appears unless the row explicitly requires one,"Create exactly one low-poly medieval-fantasy ridge tent donor for Genesis. Variant: long communal ridge. Functional purpose: Ordinary household or expedition shelter with a clear roof line and removable front treatment. Match the supplied reference image exactly and preserve the primary shelter silhouette, broad cloth or service masses, large supports, threshold, and genuinely useful removable treatment; for this row, specifically the long communal ridge. Use a few large deliberate construction-aligned planes, strong silhouette, thick mechanically legible parts, broad material regions, and honest open space. Do not add scenery, a floor base, characters, unrelated props, micro-clutter, text, labels, baked directional light, or any engine-owned feature: exact tactical footprint, collision, stakes, guy lines, sockets, materials, cultural markings, furniture, contents, light, and state. Exactly one coherent object or intentionally fused cluster."
141,V4-B,queued,M036-B,M036,B,shelter,Wedge military tent,tall command wedge,Compact disciplined shelter with steep sides and a small tactical footprint.,700,reference-images/M036-B-wedge-military-tent-v1.png,incoming/M036-B-wedge-military-tent-smart-700.glb,processed/M036-B-wedge-military-tent-clean-v1.glb,"the primary shelter silhouette, broad cloth or service masses, large supports, threshold, and genuinely useful removable treatment; for this row, specifically the tall command wedge","exact tactical footprint, collision, stakes, guy lines, sockets, materials, cultural markings, furniture, contents, light, and state","simple poles, stakes, ropes, fasteners, floor panels, and other standardized supports",broad planes survive without dense wrinkles; thresholds remain real; no floor or platform appears unless the row explicitly requires one,"Create exactly one low-poly medieval-fantasy wedge military tent donor for Genesis. Variant: tall command wedge. Functional purpose: Compact disciplined shelter with steep sides and a small tactical footprint. Match the supplied reference image exactly and preserve the primary shelter silhouette, broad cloth or service masses, large supports, threshold, and genuinely useful removable treatment; for this row, specifically the tall command wedge. Use a few large deliberate construction-aligned planes, strong silhouette, thick mechanically legible parts, broad material regions, and honest open space. Do not add scenery, a floor base, characters, unrelated props, micro-clutter, text, labels, baked directional light, or any engine-owned feature: exact tactical footprint, collision, stakes, guy lines, sockets, materials, cultural markings, furniture, contents, light, and state. Exactly one coherent object or intentionally fused cluster."
141,V4-B,queued,M037-B,M037,B,shelter,Dome or bender shelter,elongated bender,"Curved pole-and-cloth form for woodland, migratory, or family construction languages.",900,reference-images/M037-B-dome-or-bender-shelter-v1.png,incoming/M037-B-dome-or-bender-shelter-smart-900.glb,processed/M037-B-dome-or-bender-shelter-clean-v1.glb,"the primary shelter silhouette, broad cloth or service masses, large supports, threshold, and genuinely useful removable treatment; for this row, specifically the elongated bender","exact tactical footprint, collision, stakes, guy lines, sockets, materials, cultural markings, furniture, contents, light, and state","simple poles, stakes, ropes, fasteners, floor panels, and other standardized supports",broad planes survive without dense wrinkles; thresholds remain real; no floor or platform appears unless the row explicitly requires one,"Create exactly one low-poly medieval-fantasy dome or bender shelter donor for Genesis. Variant: elongated bender. Functional purpose: Curved pole-and-cloth form for woodland, migratory, or family construction languages. Match the supplied reference image exactly and preserve the primary shelter silhouette, broad cloth or service masses, large supports, threshold, and genuinely useful removable treatment; for this row, specifically the elongated bender. Use a few large deliberate construction-aligned planes, strong silhouette, thick mechanically legible parts, broad material regions, and honest open space. Do not add scenery, a floor base, characters, unrelated props, micro-clutter, text, labels, baked directional light, or any engine-owned feature: exact tactical footprint, collision, stakes, guy lines, sockets, materials, cultural markings, furniture, contents, light, and state. Exactly one coherent object or intentionally fused cluster."
141,V4-B,queued,M038-B,M038,B,shelter,Long woven shade canopy,peaked long canopy,Open-sided service or desert shelter defined by a strong fabric silhouette rather than enclosed walls.,900,reference-images/M038-B-long-woven-shade-canopy-v1.png,incoming/M038-B-long-woven-shade-canopy-smart-900.glb,processed/M038-B-long-woven-shade-canopy-clean-v1.glb,"the primary shelter silhouette, broad cloth or service masses, large supports, threshold, and genuinely useful removable treatment; for this row, specifically the peaked long canopy","exact tactical footprint, collision, stakes, guy lines, sockets, materials, cultural markings, furniture, contents, light, and state","simple poles, stakes, ropes, fasteners, floor panels, and other standardized supports",broad planes survive without dense wrinkles; thresholds remain real; no floor or platform appears unless the row explicitly requires one,"Create exactly one low-poly medieval-fantasy long woven shade canopy donor for Genesis. Variant: peaked long canopy. Functional purpose: Open-sided service or desert shelter defined by a strong fabric silhouette rather than enclosed walls. Match the supplied reference image exactly and preserve the primary shelter silhouette, broad cloth or service masses, large supports, threshold, and genuinely useful removable treatment; for this row, specifically the peaked long canopy. Use a few large deliberate construction-aligned planes, strong silhouette, thick mechanically legible parts, broad material regions, and honest open space. Do not add scenery, a floor base, characters, unrelated props, micro-clutter, text, labels, baked directional light, or any engine-owned feature: exact tactical footprint, collision, stakes, guy lines, sockets, materials, cultural markings, furniture, contents, light, and state. Exactly one coherent object or intentionally fused cluster."
141,V4-B,queued,M039-B,M039,B,shelter,Lean-to service shelter,rock-backed lean-to,"Small open work cover for tools, guards, animals, cooking, repairs, or mine support.",900,reference-images/M039-B-lean-to-service-shelter-v1.png,incoming/M039-B-lean-to-service-shelter-smart-900.glb,processed/M039-B-lean-to-service-shelter-clean-v1.glb,"the primary shelter silhouette, broad cloth or service masses, large supports, threshold, and genuinely useful removable treatment; for this row, specifically the rock-backed lean-to","exact tactical footprint, collision, stakes, guy lines, sockets, materials, cultural markings, furniture, contents, light, and state","simple poles, stakes, ropes, fasteners, floor panels, and other standardized supports",broad planes survive without dense wrinkles; thresholds remain real; no floor or platform appears unless the row explicitly requires one,"Create exactly one low-poly medieval-fantasy lean-to service shelter donor for Genesis. Variant: rock-backed lean-to. Functional purpose: Small open work cover for tools, guards, animals, cooking, repairs, or mine support. Match the supplied reference image exactly and preserve the primary shelter silhouette, broad cloth or service masses, large supports, threshold, and genuinely useful removable treatment; for this row, specifically the rock-backed lean-to. Use a few large deliberate construction-aligned planes, strong silhouette, thick mechanically legible parts, broad material regions, and honest open space. Do not add scenery, a floor base, characters, unrelated props, micro-clutter, text, labels, baked directional light, or any engine-owned feature: exact tactical footprint, collision, stakes, guy lines, sockets, materials, cultural markings, furniture, contents, light, and state. Exactly one coherent object or intentionally fused cluster."
141,V4-B,queued,M040-B,M040,B,shelter,Removable wagon canopy module,tall household canopy,Hoops and cloth that mount to M019 without rebuilding the chassis.,800,reference-images/M040-B-removable-wagon-canopy-module-v1.png,incoming/M040-B-removable-wagon-canopy-module-smart-800.glb,processed/M040-B-removable-wagon-canopy-module-clean-v1.glb,"the primary shelter silhouette, broad cloth or service masses, large supports, threshold, and genuinely useful removable treatment; for this row, specifically the tall household canopy","exact tactical footprint, collision, stakes, guy lines, sockets, materials, cultural markings, furniture, contents, light, and state","simple poles, stakes, ropes, fasteners, floor panels, and other standardized supports",broad planes survive without dense wrinkles; thresholds remain real; no floor or platform appears unless the row explicitly requires one,"Create exactly one low-poly medieval-fantasy removable wagon canopy module donor for Genesis. Variant: tall household canopy. Functional purpose: Hoops and cloth that mount to M019 without rebuilding the chassis. Match the supplied reference image exactly and preserve the primary shelter silhouette, broad cloth or service masses, large supports, threshold, and genuinely useful removable treatment; for this row, specifically the tall household canopy. Use a few large deliberate construction-aligned planes, strong silhouette, thick mechanically legible parts, broad material regions, and honest open space. Do not add scenery, a floor base, characters, unrelated props, micro-clutter, text, labels, baked directional light, or any engine-owned feature: exact tactical footprint, collision, stakes, guy lines, sockets, materials, cultural markings, furniture, contents, light, and state. Exactly one coherent object or intentionally fused cluster."
141,V4-B,queued,M041-B,M041,B,shelter,Field kitchen and cook shelter,organized military kitchen,"Compact hearth, suspended vessel support, work ledge, and optional light socket.",1200,reference-images/M041-B-field-kitchen-and-cook-shelter-v1.png,incoming/M041-B-field-kitchen-and-cook-shelter-smart-1200.glb,processed/M041-B-field-kitchen-and-cook-shelter-clean-v1.glb,"the primary shelter silhouette, broad cloth or service masses, large supports, threshold, and genuinely useful removable treatment; for this row, specifically the organized military kitchen","exact tactical footprint, collision, stakes, guy lines, sockets, materials, cultural markings, furniture, contents, light, and state","simple poles, stakes, ropes, fasteners, floor panels, and other standardized supports",broad planes survive without dense wrinkles; thresholds remain real; no floor or platform appears unless the row explicitly requires one,"Create exactly one low-poly medieval-fantasy field kitchen and cook shelter donor for Genesis. Variant: organized military kitchen. Functional purpose: Compact hearth, suspended vessel support, work ledge, and optional light socket. Match the supplied reference image exactly and preserve the primary shelter silhouette, broad cloth or service masses, large supports, threshold, and genuinely useful removable treatment; for this row, specifically the organized military kitchen. Use a few large deliberate construction-aligned planes, strong silhouette, thick mechanically legible parts, broad material regions, and honest open space. Do not add scenery, a floor base, characters, unrelated props, micro-clutter, text, labels, baked directional light, or any engine-owned feature: exact tactical footprint, collision, stakes, guy lines, sockets, materials, cultural markings, furniture, contents, light, and state. Exactly one coherent object or intentionally fused cluster."
141,V4-B,queued,M042-B,M042,B,shelter,"Trough, feeder, and water stand",stone basin trough,"Stable service fixture for animals, camps, markets, workshops, and streets.",700,reference-images/M042-B-trough-feeder-and-water-stand-v1.png,incoming/M042-B-trough-feeder-and-water-stand-smart-700.glb,processed/M042-B-trough-feeder-and-water-stand-clean-v1.glb,"the primary shelter silhouette, broad cloth or service masses, large supports, threshold, and genuinely useful removable treatment; for this row, specifically the stone basin trough","exact tactical footprint, collision, stakes, guy lines, sockets, materials, cultural markings, furniture, contents, light, and state","simple poles, stakes, ropes, fasteners, floor panels, and other standardized supports",broad planes survive without dense wrinkles; thresholds remain real; no floor or platform appears unless the row explicitly requires one,"Create exactly one low-poly medieval-fantasy trough, feeder, and water stand donor for Genesis. Variant: stone basin trough. Functional purpose: Stable service fixture for animals, camps, markets, workshops, and streets. Match the supplied reference image exactly and preserve the primary shelter silhouette, broad cloth or service masses, large supports, threshold, and genuinely useful removable treatment; for this row, specifically the stone basin trough. Use a few large deliberate construction-aligned planes, strong silhouette, thick mechanically legible parts, broad material regions, and honest open space. Do not add scenery, a floor base, characters, unrelated props, micro-clutter, text, labels, baked directional light, or any engine-owned feature: exact tactical footprint, collision, stakes, guy lines, sockets, materials, cultural markings, furniture, contents, light, and state. Exactly one coherent object or intentionally fused cluster."
141,V4-B,queued,M043-B,M043,B,shelter,Wash and water-service station,stone communal wash station,"Raised vessel, drain surface, stand, and work shelf for mundane camp and institutional life.",900,reference-images/M043-B-wash-and-water-service-station-v1.png,incoming/M043-B-wash-and-water-service-station-smart-900.glb,processed/M043-B-wash-and-water-service-station-clean-v1.glb,"the primary shelter silhouette, broad cloth or service masses, large supports, threshold, and genuinely useful removable treatment; for this row, specifically the stone communal wash station","exact tactical footprint, collision, stakes, guy lines, sockets, materials, cultural markings, furniture, contents, light, and state","simple poles, stakes, ropes, fasteners, floor panels, and other standardized supports",broad planes survive without dense wrinkles; thresholds remain real; no floor or platform appears unless the row explicitly requires one,"Create exactly one low-poly medieval-fantasy wash and water-service station donor for Genesis. Variant: stone communal wash station. Functional purpose: Raised vessel, drain surface, stand, and work shelf for mundane camp and institutional life. Match the supplied reference image exactly and preserve the primary shelter silhouette, broad cloth or service masses, large supports, threshold, and genuinely useful removable treatment; for this row, specifically the stone communal wash station. Use a few large deliberate construction-aligned planes, strong silhouette, thick mechanically legible parts, broad material regions, and honest open space. Do not add scenery, a floor base, characters, unrelated props, micro-clutter, text, labels, baked directional light, or any engine-owned feature: exact tactical footprint, collision, stakes, guy lines, sockets, materials, cultural markings, furniture, contents, light, and state. Exactly one coherent object or intentionally fused cluster."
142,V4-C,queued,M035-C,M035,C,shelter,Ridge tent,sagged/torn ridge,Ordinary household or expedition shelter with a clear roof line and removable front treatment.,800,reference-images/M035-C-ridge-tent-v1.png,incoming/M035-C-ridge-tent-smart-800.glb,processed/M035-C-ridge-tent-clean-v1.glb,"the primary shelter silhouette, broad cloth or service masses, large supports, threshold, and genuinely useful removable treatment; for this row, specifically the sagged/torn ridge","exact tactical footprint, collision, stakes, guy lines, sockets, materials, cultural markings, furniture, contents, light, and state","simple poles, stakes, ropes, fasteners, floor panels, and other standardized supports",broad planes survive without dense wrinkles; thresholds remain real; no floor or platform appears unless the row explicitly requires one,"Create exactly one low-poly medieval-fantasy ridge tent donor for Genesis. Variant: sagged/torn ridge. Functional purpose: Ordinary household or expedition shelter with a clear roof line and removable front treatment. Match the supplied reference image exactly and preserve the primary shelter silhouette, broad cloth or service masses, large supports, threshold, and genuinely useful removable treatment; for this row, specifically the sagged/torn ridge. Use a few large deliberate construction-aligned planes, strong silhouette, thick mechanically legible parts, broad material regions, and honest open space. Do not add scenery, a floor base, characters, unrelated props, micro-clutter, text, labels, baked directional light, or any engine-owned feature: exact tactical footprint, collision, stakes, guy lines, sockets, materials, cultural markings, furniture, contents, light, and state. Exactly one coherent object or intentionally fused cluster."
142,V4-C,queued,M036-C,M036,C,shelter,Wedge military tent,collapsed/struck tent,Compact disciplined shelter with steep sides and a small tactical footprint.,700,reference-images/M036-C-wedge-military-tent-v1.png,incoming/M036-C-wedge-military-tent-smart-700.glb,processed/M036-C-wedge-military-tent-clean-v1.glb,"the primary shelter silhouette, broad cloth or service masses, large supports, threshold, and genuinely useful removable treatment; for this row, specifically the collapsed/struck tent","exact tactical footprint, collision, stakes, guy lines, sockets, materials, cultural markings, furniture, contents, light, and state","simple poles, stakes, ropes, fasteners, floor panels, and other standardized supports",broad planes survive without dense wrinkles; thresholds remain real; no floor or platform appears unless the row explicitly requires one,"Create exactly one low-poly medieval-fantasy wedge military tent donor for Genesis. Variant: collapsed/struck tent. Functional purpose: Compact disciplined shelter with steep sides and a small tactical footprint. Match the supplied reference image exactly and preserve the primary shelter silhouette, broad cloth or service masses, large supports, threshold, and genuinely useful removable treatment; for this row, specifically the collapsed/struck tent. Use a few large deliberate construction-aligned planes, strong silhouette, thick mechanically legible parts, broad material regions, and honest open space. Do not add scenery, a floor base, characters, unrelated props, micro-clutter, text, labels, baked directional light, or any engine-owned feature: exact tactical footprint, collision, stakes, guy lines, sockets, materials, cultural markings, furniture, contents, light, and state. Exactly one coherent object or intentionally fused cluster."
142,V4-C,queued,M037-C,M037,C,shelter,Dome or bender shelter,partially collapsed dome,"Curved pole-and-cloth form for woodland, migratory, or family construction languages.",900,reference-images/M037-C-dome-or-bender-shelter-v1.png,incoming/M037-C-dome-or-bender-shelter-smart-900.glb,processed/M037-C-dome-or-bender-shelter-clean-v1.glb,"the primary shelter silhouette, broad cloth or service masses, large supports, threshold, and genuinely useful removable treatment; for this row, specifically the partially collapsed dome","exact tactical footprint, collision, stakes, guy lines, sockets, materials, cultural markings, furniture, contents, light, and state","simple poles, stakes, ropes, fasteners, floor panels, and other standardized supports",broad planes survive without dense wrinkles; thresholds remain real; no floor or platform appears unless the row explicitly requires one,"Create exactly one low-poly medieval-fantasy dome or bender shelter donor for Genesis. Variant: partially collapsed dome. Functional purpose: Curved pole-and-cloth form for woodland, migratory, or family construction languages. Match the supplied reference image exactly and preserve the primary shelter silhouette, broad cloth or service masses, large supports, threshold, and genuinely useful removable treatment; for this row, specifically the partially collapsed dome. Use a few large deliberate construction-aligned planes, strong silhouette, thick mechanically legible parts, broad material regions, and honest open space. Do not add scenery, a floor base, characters, unrelated props, micro-clutter, text, labels, baked directional light, or any engine-owned feature: exact tactical footprint, collision, stakes, guy lines, sockets, materials, cultural markings, furniture, contents, light, and state. Exactly one coherent object or intentionally fused cluster."
142,V4-C,queued,M038-C,M038,C,shelter,Long woven shade canopy,wind-torn canopy,Open-sided service or desert shelter defined by a strong fabric silhouette rather than enclosed walls.,900,reference-images/M038-C-long-woven-shade-canopy-v1.png,incoming/M038-C-long-woven-shade-canopy-smart-900.glb,processed/M038-C-long-woven-shade-canopy-clean-v1.glb,"the primary shelter silhouette, broad cloth or service masses, large supports, threshold, and genuinely useful removable treatment; for this row, specifically the wind-torn canopy","exact tactical footprint, collision, stakes, guy lines, sockets, materials, cultural markings, furniture, contents, light, and state","simple poles, stakes, ropes, fasteners, floor panels, and other standardized supports",broad planes survive without dense wrinkles; thresholds remain real; no floor or platform appears unless the row explicitly requires one,"Create exactly one low-poly medieval-fantasy long woven shade canopy donor for Genesis. Variant: wind-torn canopy. Functional purpose: Open-sided service or desert shelter defined by a strong fabric silhouette rather than enclosed walls. Match the supplied reference image exactly and preserve the primary shelter silhouette, broad cloth or service masses, large supports, threshold, and genuinely useful removable treatment; for this row, specifically the wind-torn canopy. Use a few large deliberate construction-aligned planes, strong silhouette, thick mechanically legible parts, broad material regions, and honest open space. Do not add scenery, a floor base, characters, unrelated props, micro-clutter, text, labels, baked directional light, or any engine-owned feature: exact tactical footprint, collision, stakes, guy lines, sockets, materials, cultural markings, furniture, contents, light, and state. Exactly one coherent object or intentionally fused cluster."
142,V4-C,queued,M039-C,M039,C,shelter,Lean-to service shelter,collapsed lean-to,"Small open work cover for tools, guards, animals, cooking, repairs, or mine support.",900,reference-images/M039-C-lean-to-service-shelter-v1.png,incoming/M039-C-lean-to-service-shelter-smart-900.glb,processed/M039-C-lean-to-service-shelter-clean-v1.glb,"the primary shelter silhouette, broad cloth or service masses, large supports, threshold, and genuinely useful removable treatment; for this row, specifically the collapsed lean-to","exact tactical footprint, collision, stakes, guy lines, sockets, materials, cultural markings, furniture, contents, light, and state","simple poles, stakes, ropes, fasteners, floor panels, and other standardized supports",broad planes survive without dense wrinkles; thresholds remain real; no floor or platform appears unless the row explicitly requires one,"Create exactly one low-poly medieval-fantasy lean-to service shelter donor for Genesis. Variant: collapsed lean-to. Functional purpose: Small open work cover for tools, guards, animals, cooking, repairs, or mine support. Match the supplied reference image exactly and preserve the primary shelter silhouette, broad cloth or service masses, large supports, threshold, and genuinely useful removable treatment; for this row, specifically the collapsed lean-to. Use a few large deliberate construction-aligned planes, strong silhouette, thick mechanically legible parts, broad material regions, and honest open space. Do not add scenery, a floor base, characters, unrelated props, micro-clutter, text, labels, baked directional light, or any engine-owned feature: exact tactical footprint, collision, stakes, guy lines, sockets, materials, cultural markings, furniture, contents, light, and state. Exactly one coherent object or intentionally fused cluster."
142,V4-C,queued,M040-C,M040,C,shelter,Removable wagon canopy module,torn/retracted canopy,Hoops and cloth that mount to M019 without rebuilding the chassis.,800,reference-images/M040-C-removable-wagon-canopy-module-v1.png,incoming/M040-C-removable-wagon-canopy-module-smart-800.glb,processed/M040-C-removable-wagon-canopy-module-clean-v1.glb,"the primary shelter silhouette, broad cloth or service masses, large supports, threshold, and genuinely useful removable treatment; for this row, specifically the torn/retracted canopy","exact tactical footprint, collision, stakes, guy lines, sockets, materials, cultural markings, furniture, contents, light, and state","simple poles, stakes, ropes, fasteners, floor panels, and other standardized supports",broad planes survive without dense wrinkles; thresholds remain real; no floor or platform appears unless the row explicitly requires one,"Create exactly one low-poly medieval-fantasy removable wagon canopy module donor for Genesis. Variant: torn/retracted canopy. Functional purpose: Hoops and cloth that mount to M019 without rebuilding the chassis. Match the supplied reference image exactly and preserve the primary shelter silhouette, broad cloth or service masses, large supports, threshold, and genuinely useful removable treatment; for this row, specifically the torn/retracted canopy. Use a few large deliberate construction-aligned planes, strong silhouette, thick mechanically legible parts, broad material regions, and honest open space. Do not add scenery, a floor base, characters, unrelated props, micro-clutter, text, labels, baked directional light, or any engine-owned feature: exact tactical footprint, collision, stakes, guy lines, sockets, materials, cultural markings, furniture, contents, light, and state. Exactly one coherent object or intentionally fused cluster."
142,V4-C,queued,M041-C,M041,C,shelter,Field kitchen and cook shelter,spent/abandoned kitchen,"Compact hearth, suspended vessel support, work ledge, and optional light socket.",1200,reference-images/M041-C-field-kitchen-and-cook-shelter-v1.png,incoming/M041-C-field-kitchen-and-cook-shelter-smart-1200.glb,processed/M041-C-field-kitchen-and-cook-shelter-clean-v1.glb,"the primary shelter silhouette, broad cloth or service masses, large supports, threshold, and genuinely useful removable treatment; for this row, specifically the spent/abandoned kitchen","exact tactical footprint, collision, stakes, guy lines, sockets, materials, cultural markings, furniture, contents, light, and state","simple poles, stakes, ropes, fasteners, floor panels, and other standardized supports",broad planes survive without dense wrinkles; thresholds remain real; no floor or platform appears unless the row explicitly requires one,"Create exactly one low-poly medieval-fantasy field kitchen and cook shelter donor for Genesis. Variant: spent/abandoned kitchen. Functional purpose: Compact hearth, suspended vessel support, work ledge, and optional light socket. Match the supplied reference image exactly and preserve the primary shelter silhouette, broad cloth or service masses, large supports, threshold, and genuinely useful removable treatment; for this row, specifically the spent/abandoned kitchen. Use a few large deliberate construction-aligned planes, strong silhouette, thick mechanically legible parts, broad material regions, and honest open space. Do not add scenery, a floor base, characters, unrelated props, micro-clutter, text, labels, baked directional light, or any engine-owned feature: exact tactical footprint, collision, stakes, guy lines, sockets, materials, cultural markings, furniture, contents, light, and state. Exactly one coherent object or intentionally fused cluster."
142,V4-C,queued,M042-C,M042,C,shelter,"Trough, feeder, and water stand",broken/dry trough,"Stable service fixture for animals, camps, markets, workshops, and streets.",700,reference-images/M042-C-trough-feeder-and-water-stand-v1.png,incoming/M042-C-trough-feeder-and-water-stand-smart-700.glb,processed/M042-C-trough-feeder-and-water-stand-clean-v1.glb,"the primary shelter silhouette, broad cloth or service masses, large supports, threshold, and genuinely useful removable treatment; for this row, specifically the broken/dry trough","exact tactical footprint, collision, stakes, guy lines, sockets, materials, cultural markings, furniture, contents, light, and state","simple poles, stakes, ropes, fasteners, floor panels, and other standardized supports",broad planes survive without dense wrinkles; thresholds remain real; no floor or platform appears unless the row explicitly requires one,"Create exactly one low-poly medieval-fantasy trough, feeder, and water stand donor for Genesis. Variant: broken/dry trough. Functional purpose: Stable service fixture for animals, camps, markets, workshops, and streets. Match the supplied reference image exactly and preserve the primary shelter silhouette, broad cloth or service masses, large supports, threshold, and genuinely useful removable treatment; for this row, specifically the broken/dry trough. Use a few large deliberate construction-aligned planes, strong silhouette, thick mechanically legible parts, broad material regions, and honest open space. Do not add scenery, a floor base, characters, unrelated props, micro-clutter, text, labels, baked directional light, or any engine-owned feature: exact tactical footprint, collision, stakes, guy lines, sockets, materials, cultural markings, furniture, contents, light, and state. Exactly one coherent object or intentionally fused cluster."
142,V4-C,queued,M043-C,M043,C,shelter,Wash and water-service station,failed/leaking station,"Raised vessel, drain surface, stand, and work shelf for mundane camp and institutional life.",900,reference-images/M043-C-wash-and-water-service-station-v1.png,incoming/M043-C-wash-and-water-service-station-smart-900.glb,processed/M043-C-wash-and-water-service-station-clean-v1.glb,"the primary shelter silhouette, broad cloth or service masses, large supports, threshold, and genuinely useful removable treatment; for this row, specifically the failed/leaking station","exact tactical footprint, collision, stakes, guy lines, sockets, materials, cultural markings, furniture, contents, light, and state","simple poles, stakes, ropes, fasteners, floor panels, and other standardized supports",broad planes survive without dense wrinkles; thresholds remain real; no floor or platform appears unless the row explicitly requires one,"Create exactly one low-poly medieval-fantasy wash and water-service station donor for Genesis. Variant: failed/leaking station. Functional purpose: Raised vessel, drain surface, stand, and work shelf for mundane camp and institutional life. Match the supplied reference image exactly and preserve the primary shelter silhouette, broad cloth or service masses, large supports, threshold, and genuinely useful removable treatment; for this row, specifically the failed/leaking station. Use a few large deliberate construction-aligned planes, strong silhouette, thick mechanically legible parts, broad material regions, and honest open space. Do not add scenery, a floor base, characters, unrelated props, micro-clutter, text, labels, baked directional light, or any engine-owned feature: exact tactical footprint, collision, stakes, guy lines, sockets, materials, cultural markings, furniture, contents, light, and state. Exactly one coherent object or intentionally fused cluster."
143,V4-D,queued,M035-D,M035,D,shelter,Ridge tent,patched culture-owned ridge,Ordinary household or expedition shelter with a clear roof line and removable front treatment.,800,reference-images/M035-D-ridge-tent-v1.png,incoming/M035-D-ridge-tent-smart-800.glb,processed/M035-D-ridge-tent-clean-v1.glb,"the primary shelter silhouette, broad cloth or service masses, large supports, threshold, and genuinely useful removable treatment; for this row, specifically the patched culture-owned ridge","exact tactical footprint, collision, stakes, guy lines, sockets, materials, cultural markings, furniture, contents, light, and state","simple poles, stakes, ropes, fasteners, floor panels, and other standardized supports",broad planes survive without dense wrinkles; thresholds remain real; no floor or platform appears unless the row explicitly requires one,"Create exactly one low-poly medieval-fantasy ridge tent donor for Genesis. Variant: patched culture-owned ridge. Functional purpose: Ordinary household or expedition shelter with a clear roof line and removable front treatment. Match the supplied reference image exactly and preserve the primary shelter silhouette, broad cloth or service masses, large supports, threshold, and genuinely useful removable treatment; for this row, specifically the patched culture-owned ridge. Use a few large deliberate construction-aligned planes, strong silhouette, thick mechanically legible parts, broad material regions, and honest open space. Do not add scenery, a floor base, characters, unrelated props, micro-clutter, text, labels, baked directional light, or any engine-owned feature: exact tactical footprint, collision, stakes, guy lines, sockets, materials, cultural markings, furniture, contents, light, and state. Exactly one coherent object or intentionally fused cluster."
143,V4-D,queued,M036-D,M036,D,shelter,Wedge military tent,reinforced field-repair tent,Compact disciplined shelter with steep sides and a small tactical footprint.,700,reference-images/M036-D-wedge-military-tent-v1.png,incoming/M036-D-wedge-military-tent-smart-700.glb,processed/M036-D-wedge-military-tent-clean-v1.glb,"the primary shelter silhouette, broad cloth or service masses, large supports, threshold, and genuinely useful removable treatment; for this row, specifically the reinforced field-repair tent","exact tactical footprint, collision, stakes, guy lines, sockets, materials, cultural markings, furniture, contents, light, and state","simple poles, stakes, ropes, fasteners, floor panels, and other standardized supports",broad planes survive without dense wrinkles; thresholds remain real; no floor or platform appears unless the row explicitly requires one,"Create exactly one low-poly medieval-fantasy wedge military tent donor for Genesis. Variant: reinforced field-repair tent. Functional purpose: Compact disciplined shelter with steep sides and a small tactical footprint. Match the supplied reference image exactly and preserve the primary shelter silhouette, broad cloth or service masses, large supports, threshold, and genuinely useful removable treatment; for this row, specifically the reinforced field-repair tent. Use a few large deliberate construction-aligned planes, strong silhouette, thick mechanically legible parts, broad material regions, and honest open space. Do not add scenery, a floor base, characters, unrelated props, micro-clutter, text, labels, baked directional light, or any engine-owned feature: exact tactical footprint, collision, stakes, guy lines, sockets, materials, cultural markings, furniture, contents, light, and state. Exactly one coherent object or intentionally fused cluster."
143,V4-D,queued,M037-D,M037,D,shelter,Dome or bender shelter,layered weatherproof adaptation,"Curved pole-and-cloth form for woodland, migratory, or family construction languages.",900,reference-images/M037-D-dome-or-bender-shelter-v1.png,incoming/M037-D-dome-or-bender-shelter-smart-900.glb,processed/M037-D-dome-or-bender-shelter-clean-v1.glb,"the primary shelter silhouette, broad cloth or service masses, large supports, threshold, and genuinely useful removable treatment; for this row, specifically the layered weatherproof adaptation","exact tactical footprint, collision, stakes, guy lines, sockets, materials, cultural markings, furniture, contents, light, and state","simple poles, stakes, ropes, fasteners, floor panels, and other standardized supports",broad planes survive without dense wrinkles; thresholds remain real; no floor or platform appears unless the row explicitly requires one,"Create exactly one low-poly medieval-fantasy dome or bender shelter donor for Genesis. Variant: layered weatherproof adaptation. Functional purpose: Curved pole-and-cloth form for woodland, migratory, or family construction languages. Match the supplied reference image exactly and preserve the primary shelter silhouette, broad cloth or service masses, large supports, threshold, and genuinely useful removable treatment; for this row, specifically the layered weatherproof adaptation. Use a few large deliberate construction-aligned planes, strong silhouette, thick mechanically legible parts, broad material regions, and honest open space. Do not add scenery, a floor base, characters, unrelated props, micro-clutter, text, labels, baked directional light, or any engine-owned feature: exact tactical footprint, collision, stakes, guy lines, sockets, materials, cultural markings, furniture, contents, light, and state. Exactly one coherent object or intentionally fused cluster."
143,V4-D,queued,M038-D,M038,D,shelter,Long woven shade canopy,doubled or repaired canopy,Open-sided service or desert shelter defined by a strong fabric silhouette rather than enclosed walls.,900,reference-images/M038-D-long-woven-shade-canopy-v1.png,incoming/M038-D-long-woven-shade-canopy-smart-900.glb,processed/M038-D-long-woven-shade-canopy-clean-v1.glb,"the primary shelter silhouette, broad cloth or service masses, large supports, threshold, and genuinely useful removable treatment; for this row, specifically the doubled or repaired canopy","exact tactical footprint, collision, stakes, guy lines, sockets, materials, cultural markings, furniture, contents, light, and state","simple poles, stakes, ropes, fasteners, floor panels, and other standardized supports",broad planes survive without dense wrinkles; thresholds remain real; no floor or platform appears unless the row explicitly requires one,"Create exactly one low-poly medieval-fantasy long woven shade canopy donor for Genesis. Variant: doubled or repaired canopy. Functional purpose: Open-sided service or desert shelter defined by a strong fabric silhouette rather than enclosed walls. Match the supplied reference image exactly and preserve the primary shelter silhouette, broad cloth or service masses, large supports, threshold, and genuinely useful removable treatment; for this row, specifically the doubled or repaired canopy. Use a few large deliberate construction-aligned planes, strong silhouette, thick mechanically legible parts, broad material regions, and honest open space. Do not add scenery, a floor base, characters, unrelated props, micro-clutter, text, labels, baked directional light, or any engine-owned feature: exact tactical footprint, collision, stakes, guy lines, sockets, materials, cultural markings, furniture, contents, light, and state. Exactly one coherent object or intentionally fused cluster."
143,V4-D,queued,M039-D,M039,D,shelter,Lean-to service shelter,patched/reoccupied lean-to,"Small open work cover for tools, guards, animals, cooking, repairs, or mine support.",900,reference-images/M039-D-lean-to-service-shelter-v1.png,incoming/M039-D-lean-to-service-shelter-smart-900.glb,processed/M039-D-lean-to-service-shelter-clean-v1.glb,"the primary shelter silhouette, broad cloth or service masses, large supports, threshold, and genuinely useful removable treatment; for this row, specifically the patched/reoccupied lean-to","exact tactical footprint, collision, stakes, guy lines, sockets, materials, cultural markings, furniture, contents, light, and state","simple poles, stakes, ropes, fasteners, floor panels, and other standardized supports",broad planes survive without dense wrinkles; thresholds remain real; no floor or platform appears unless the row explicitly requires one,"Create exactly one low-poly medieval-fantasy lean-to service shelter donor for Genesis. Variant: patched/reoccupied lean-to. Functional purpose: Small open work cover for tools, guards, animals, cooking, repairs, or mine support. Match the supplied reference image exactly and preserve the primary shelter silhouette, broad cloth or service masses, large supports, threshold, and genuinely useful removable treatment; for this row, specifically the patched/reoccupied lean-to. Use a few large deliberate construction-aligned planes, strong silhouette, thick mechanically legible parts, broad material regions, and honest open space. Do not add scenery, a floor base, characters, unrelated props, micro-clutter, text, labels, baked directional light, or any engine-owned feature: exact tactical footprint, collision, stakes, guy lines, sockets, materials, cultural markings, furniture, contents, light, and state. Exactly one coherent object or intentionally fused cluster."
143,V4-D,queued,M040-D,M040,D,shelter,Removable wagon canopy module,"armored, screened, or ceremonial canopy",Hoops and cloth that mount to M019 without rebuilding the chassis.,800,reference-images/M040-D-removable-wagon-canopy-module-v1.png,incoming/M040-D-removable-wagon-canopy-module-smart-800.glb,processed/M040-D-removable-wagon-canopy-module-clean-v1.glb,"the primary shelter silhouette, broad cloth or service masses, large supports, threshold, and genuinely useful removable treatment; for this row, specifically the armored, screened, or ceremonial canopy","exact tactical footprint, collision, stakes, guy lines, sockets, materials, cultural markings, furniture, contents, light, and state","simple poles, stakes, ropes, fasteners, floor panels, and other standardized supports",broad planes survive without dense wrinkles; thresholds remain real; no floor or platform appears unless the row explicitly requires one,"Create exactly one low-poly medieval-fantasy removable wagon canopy module donor for Genesis. Variant: armored, screened, or ceremonial canopy. Functional purpose: Hoops and cloth that mount to M019 without rebuilding the chassis. Match the supplied reference image exactly and preserve the primary shelter silhouette, broad cloth or service masses, large supports, threshold, and genuinely useful removable treatment; for this row, specifically the armored, screened, or ceremonial canopy. Use a few large deliberate construction-aligned planes, strong silhouette, thick mechanically legible parts, broad material regions, and honest open space. Do not add scenery, a floor base, characters, unrelated props, micro-clutter, text, labels, baked directional light, or any engine-owned feature: exact tactical footprint, collision, stakes, guy lines, sockets, materials, cultural markings, furniture, contents, light, and state. Exactly one coherent object or intentionally fused cluster."
143,V4-D,queued,M041-D,M041,D,shelter,Field kitchen and cook shelter,repaired or winterized kitchen,"Compact hearth, suspended vessel support, work ledge, and optional light socket.",1200,reference-images/M041-D-field-kitchen-and-cook-shelter-v1.png,incoming/M041-D-field-kitchen-and-cook-shelter-smart-1200.glb,processed/M041-D-field-kitchen-and-cook-shelter-clean-v1.glb,"the primary shelter silhouette, broad cloth or service masses, large supports, threshold, and genuinely useful removable treatment; for this row, specifically the repaired or winterized kitchen","exact tactical footprint, collision, stakes, guy lines, sockets, materials, cultural markings, furniture, contents, light, and state","simple poles, stakes, ropes, fasteners, floor panels, and other standardized supports",broad planes survive without dense wrinkles; thresholds remain real; no floor or platform appears unless the row explicitly requires one,"Create exactly one low-poly medieval-fantasy field kitchen and cook shelter donor for Genesis. Variant: repaired or winterized kitchen. Functional purpose: Compact hearth, suspended vessel support, work ledge, and optional light socket. Match the supplied reference image exactly and preserve the primary shelter silhouette, broad cloth or service masses, large supports, threshold, and genuinely useful removable treatment; for this row, specifically the repaired or winterized kitchen. Use a few large deliberate construction-aligned planes, strong silhouette, thick mechanically legible parts, broad material regions, and honest open space. Do not add scenery, a floor base, characters, unrelated props, micro-clutter, text, labels, baked directional light, or any engine-owned feature: exact tactical footprint, collision, stakes, guy lines, sockets, materials, cultural markings, furniture, contents, light, and state. Exactly one coherent object or intentionally fused cluster."
143,V4-D,queued,M042-D,M042,D,shelter,"Trough, feeder, and water stand","patched, covered, or culture-owned trough","Stable service fixture for animals, camps, markets, workshops, and streets.",700,reference-images/M042-D-trough-feeder-and-water-stand-v1.png,incoming/M042-D-trough-feeder-and-water-stand-smart-700.glb,processed/M042-D-trough-feeder-and-water-stand-clean-v1.glb,"the primary shelter silhouette, broad cloth or service masses, large supports, threshold, and genuinely useful removable treatment; for this row, specifically the patched, covered, or culture-owned trough","exact tactical footprint, collision, stakes, guy lines, sockets, materials, cultural markings, furniture, contents, light, and state","simple poles, stakes, ropes, fasteners, floor panels, and other standardized supports",broad planes survive without dense wrinkles; thresholds remain real; no floor or platform appears unless the row explicitly requires one,"Create exactly one low-poly medieval-fantasy trough, feeder, and water stand donor for Genesis. Variant: patched, covered, or culture-owned trough. Functional purpose: Stable service fixture for animals, camps, markets, workshops, and streets. Match the supplied reference image exactly and preserve the primary shelter silhouette, broad cloth or service masses, large supports, threshold, and genuinely useful removable treatment; for this row, specifically the patched, covered, or culture-owned trough. Use a few large deliberate construction-aligned planes, strong silhouette, thick mechanically legible parts, broad material regions, and honest open space. Do not add scenery, a floor base, characters, unrelated props, micro-clutter, text, labels, baked directional light, or any engine-owned feature: exact tactical footprint, collision, stakes, guy lines, sockets, materials, cultural markings, furniture, contents, light, and state. Exactly one coherent object or intentionally fused cluster."
143,V4-D,queued,M043-D,M043,D,shelter,Wash and water-service station,repaired or ritualized station,"Raised vessel, drain surface, stand, and work shelf for mundane camp and institutional life.",900,reference-images/M043-D-wash-and-water-service-station-v1.png,incoming/M043-D-wash-and-water-service-station-smart-900.glb,processed/M043-D-wash-and-water-service-station-clean-v1.glb,"the primary shelter silhouette, broad cloth or service masses, large supports, threshold, and genuinely useful removable treatment; for this row, specifically the repaired or ritualized station","exact tactical footprint, collision, stakes, guy lines, sockets, materials, cultural markings, furniture, contents, light, and state","simple poles, stakes, ropes, fasteners, floor panels, and other standardized supports",broad planes survive without dense wrinkles; thresholds remain real; no floor or platform appears unless the row explicitly requires one,"Create exactly one low-poly medieval-fantasy wash and water-service station donor for Genesis. Variant: repaired or ritualized station. Functional purpose: Raised vessel, drain surface, stand, and work shelf for mundane camp and institutional life. Match the supplied reference image exactly and preserve the primary shelter silhouette, broad cloth or service masses, large supports, threshold, and genuinely useful removable treatment; for this row, specifically the repaired or ritualized station. Use a few large deliberate construction-aligned planes, strong silhouette, thick mechanically legible parts, broad material regions, and honest open space. Do not add scenery, a floor base, characters, unrelated props, micro-clutter, text, labels, baked directional light, or any engine-owned feature: exact tactical footprint, collision, stakes, guy lines, sockets, materials, cultural markings, furniture, contents, light, and state. Exactly one coherent object or intentionally fused cluster."
151,V5-B,queued,M044-B,M044,B,civic,Wellhead with lifting gear,low stone crank well,A complete but modular well fixture whose shaft opening remains engine-owned.,1400,reference-images/M044-B-wellhead-with-lifting-gear-v1.png,incoming/M044-B-wellhead-with-lifting-gear-smart-1400.glb,processed/M044-B-wellhead-with-lifting-gear-clean-v1.glb,"the civic or ritual landmark silhouette, major support volumes, real openings, and replaceable center or working components; for this row, specifically the low stone crank well","water, posters, text, offerings, contents, sockets, collision, materials, authority marks, animation, and cultural state","liquid, paper, text, tiny offerings, fasteners, handles, cords, and standardized sockets",the object reads as an institution or working surface without modeled clutter; empty sockets and openings remain usable,"Create exactly one low-poly medieval-fantasy wellhead with lifting gear donor for Genesis. Variant: low stone crank well. Functional purpose: A complete but modular well fixture whose shaft opening remains engine-owned. Match the supplied reference image exactly and preserve the civic or ritual landmark silhouette, major support volumes, real openings, and replaceable center or working components; for this row, specifically the low stone crank well. Use a few large deliberate construction-aligned planes, strong silhouette, thick mechanically legible parts, broad material regions, and honest open space. Do not add scenery, a floor base, characters, unrelated props, micro-clutter, text, labels, baked directional light, or any engine-owned feature: water, posters, text, offerings, contents, sockets, collision, materials, authority marks, animation, and cultural state. Exactly one coherent object or intentionally fused cluster."
151,V5-B,queued,M045-B,M045,B,civic,Low public fountain basin,polygonal trough fountain,Walk-around civic center with a low cover rim and replaceable center fitting.,900,reference-images/M045-B-low-public-fountain-basin-v1.png,incoming/M045-B-low-public-fountain-basin-smart-900.glb,processed/M045-B-low-public-fountain-basin-clean-v1.glb,"the civic or ritual landmark silhouette, major support volumes, real openings, and replaceable center or working components; for this row, specifically the polygonal trough fountain","water, posters, text, offerings, contents, sockets, collision, materials, authority marks, animation, and cultural state","liquid, paper, text, tiny offerings, fasteners, handles, cords, and standardized sockets",the object reads as an institution or working surface without modeled clutter; empty sockets and openings remain usable,"Create exactly one low-poly medieval-fantasy low public fountain basin donor for Genesis. Variant: polygonal trough fountain. Functional purpose: Walk-around civic center with a low cover rim and replaceable center fitting. Match the supplied reference image exactly and preserve the civic or ritual landmark silhouette, major support volumes, real openings, and replaceable center or working components; for this row, specifically the polygonal trough fountain. Use a few large deliberate construction-aligned planes, strong silhouette, thick mechanically legible parts, broad material regions, and honest open space. Do not add scenery, a floor base, characters, unrelated props, micro-clutter, text, labels, baked directional light, or any engine-owned feature: water, posters, text, offerings, contents, sockets, collision, materials, authority marks, animation, and cultural state. Exactly one coherent object or intentionally fused cluster."
151,V5-B,queued,M046-B,M046,B,civic,Raised ceremonial fountain,carved spring-head fountain,More formal authority landmark with a readable upper bowl or water source.,1200,reference-images/M046-B-raised-ceremonial-fountain-v1.png,incoming/M046-B-raised-ceremonial-fountain-smart-1200.glb,processed/M046-B-raised-ceremonial-fountain-clean-v1.glb,"the civic or ritual landmark silhouette, major support volumes, real openings, and replaceable center or working components; for this row, specifically the carved spring-head fountain","water, posters, text, offerings, contents, sockets, collision, materials, authority marks, animation, and cultural state","liquid, paper, text, tiny offerings, fasteners, handles, cords, and standardized sockets",the object reads as an institution or working surface without modeled clutter; empty sockets and openings remain usable,"Create exactly one low-poly medieval-fantasy raised ceremonial fountain donor for Genesis. Variant: carved spring-head fountain. Functional purpose: More formal authority landmark with a readable upper bowl or water source. Match the supplied reference image exactly and preserve the civic or ritual landmark silhouette, major support volumes, real openings, and replaceable center or working components; for this row, specifically the carved spring-head fountain. Use a few large deliberate construction-aligned planes, strong silhouette, thick mechanically legible parts, broad material regions, and honest open space. Do not add scenery, a floor base, characters, unrelated props, micro-clutter, text, labels, baked directional light, or any engine-owned feature: water, posters, text, offerings, contents, sockets, collision, materials, authority marks, animation, and cultural state. Exactly one coherent object or intentionally fused cluster."
151,V5-B,queued,M047-B,M047,B,civic,Market-stall chassis,broad plaza stall,"Counter, posts, shelf sockets, and canopy attachment points without permanent goods.",1000,reference-images/M047-B-market-stall-chassis-v1.png,incoming/M047-B-market-stall-chassis-smart-1000.glb,processed/M047-B-market-stall-chassis-clean-v1.glb,"the civic or ritual landmark silhouette, major support volumes, real openings, and replaceable center or working components; for this row, specifically the broad plaza stall","water, posters, text, offerings, contents, sockets, collision, materials, authority marks, animation, and cultural state","liquid, paper, text, tiny offerings, fasteners, handles, cords, and standardized sockets",the object reads as an institution or working surface without modeled clutter; empty sockets and openings remain usable,"Create exactly one low-poly medieval-fantasy market-stall chassis donor for Genesis. Variant: broad plaza stall. Functional purpose: Counter, posts, shelf sockets, and canopy attachment points without permanent goods. Match the supplied reference image exactly and preserve the civic or ritual landmark silhouette, major support volumes, real openings, and replaceable center or working components; for this row, specifically the broad plaza stall. Use a few large deliberate construction-aligned planes, strong silhouette, thick mechanically legible parts, broad material regions, and honest open space. Do not add scenery, a floor base, characters, unrelated props, micro-clutter, text, labels, baked directional light, or any engine-owned feature: water, posters, text, offerings, contents, sockets, collision, materials, authority marks, animation, and cultural state. Exactly one coherent object or intentionally fused cluster."
151,V5-B,queued,M048-B,M048,B,civic,Shutter-counter assembly,paired folding shutters,"Building-facing transaction fixture that can be open, closed, damaged, or barricaded.",900,reference-images/M048-B-shutter-counter-assembly-v1.png,incoming/M048-B-shutter-counter-assembly-smart-900.glb,processed/M048-B-shutter-counter-assembly-clean-v1.glb,"the civic or ritual landmark silhouette, major support volumes, real openings, and replaceable center or working components; for this row, specifically the paired folding shutters","water, posters, text, offerings, contents, sockets, collision, materials, authority marks, animation, and cultural state","liquid, paper, text, tiny offerings, fasteners, handles, cords, and standardized sockets",the object reads as an institution or working surface without modeled clutter; empty sockets and openings remain usable,"Create exactly one low-poly medieval-fantasy shutter-counter assembly donor for Genesis. Variant: paired folding shutters. Functional purpose: Building-facing transaction fixture that can be open, closed, damaged, or barricaded. Match the supplied reference image exactly and preserve the civic or ritual landmark silhouette, major support volumes, real openings, and replaceable center or working components; for this row, specifically the paired folding shutters. Use a few large deliberate construction-aligned planes, strong silhouette, thick mechanically legible parts, broad material regions, and honest open space. Do not add scenery, a floor base, characters, unrelated props, micro-clutter, text, labels, baked directional light, or any engine-owned feature: water, posters, text, offerings, contents, sockets, collision, materials, authority marks, animation, and cultural state. Exactly one coherent object or intentionally fused cluster."
151,V5-B,queued,M049-B,M049,B,civic,Public notice and signal board,narrow post board,"Freestanding civic information surface accepting separate posters, laws, bounties, schedules, or warnings.",700,reference-images/M049-B-public-notice-and-signal-board-v1.png,incoming/M049-B-public-notice-and-signal-board-smart-700.glb,processed/M049-B-public-notice-and-signal-board-clean-v1.glb,"the civic or ritual landmark silhouette, major support volumes, real openings, and replaceable center or working components; for this row, specifically the narrow post board","water, posters, text, offerings, contents, sockets, collision, materials, authority marks, animation, and cultural state","liquid, paper, text, tiny offerings, fasteners, handles, cords, and standardized sockets",the object reads as an institution or working surface without modeled clutter; empty sockets and openings remain usable,"Create exactly one low-poly medieval-fantasy public notice and signal board donor for Genesis. Variant: narrow post board. Functional purpose: Freestanding civic information surface accepting separate posters, laws, bounties, schedules, or warnings. Match the supplied reference image exactly and preserve the civic or ritual landmark silhouette, major support volumes, real openings, and replaceable center or working components; for this row, specifically the narrow post board. Use a few large deliberate construction-aligned planes, strong silhouette, thick mechanically legible parts, broad material regions, and honest open space. Do not add scenery, a floor base, characters, unrelated props, micro-clutter, text, labels, baked directional light, or any engine-owned feature: water, posters, text, offerings, contents, sockets, collision, materials, authority marks, animation, and cultural state. Exactly one coherent object or intentionally fused cluster."
151,V5-B,queued,M050-B,M050,B,civic,Shrine and reliquary plinth,tall niche shrine,"Volumetric sacred support accepting separate idol, relic, flame, crystal, offering, or faction object.",900,reference-images/M050-B-shrine-and-reliquary-plinth-v1.png,incoming/M050-B-shrine-and-reliquary-plinth-smart-900.glb,processed/M050-B-shrine-and-reliquary-plinth-clean-v1.glb,"the civic or ritual landmark silhouette, major support volumes, real openings, and replaceable center or working components; for this row, specifically the tall niche shrine","water, posters, text, offerings, contents, sockets, collision, materials, authority marks, animation, and cultural state","liquid, paper, text, tiny offerings, fasteners, handles, cords, and standardized sockets",the object reads as an institution or working surface without modeled clutter; empty sockets and openings remain usable,"Create exactly one low-poly medieval-fantasy shrine and reliquary plinth donor for Genesis. Variant: tall niche shrine. Functional purpose: Volumetric sacred support accepting separate idol, relic, flame, crystal, offering, or faction object. Match the supplied reference image exactly and preserve the civic or ritual landmark silhouette, major support volumes, real openings, and replaceable center or working components; for this row, specifically the tall niche shrine. Use a few large deliberate construction-aligned planes, strong silhouette, thick mechanically legible parts, broad material regions, and honest open space. Do not add scenery, a floor base, characters, unrelated props, micro-clutter, text, labels, baked directional light, or any engine-owned feature: water, posters, text, offerings, contents, sockets, collision, materials, authority marks, animation, and cultural state. Exactly one coherent object or intentionally fused cluster."
151,V5-B,queued,M051-B,M051,B,civic,Altar and ritual work table,portable timber altar,"Serious, practical ritual surface with sockets rather than permanently modeled magical clutter.",700,reference-images/M051-B-altar-and-ritual-work-table-v1.png,incoming/M051-B-altar-and-ritual-work-table-smart-700.glb,processed/M051-B-altar-and-ritual-work-table-clean-v1.glb,"the civic or ritual landmark silhouette, major support volumes, real openings, and replaceable center or working components; for this row, specifically the portable timber altar","water, posters, text, offerings, contents, sockets, collision, materials, authority marks, animation, and cultural state","liquid, paper, text, tiny offerings, fasteners, handles, cords, and standardized sockets",the object reads as an institution or working surface without modeled clutter; empty sockets and openings remain usable,"Create exactly one low-poly medieval-fantasy altar and ritual work table donor for Genesis. Variant: portable timber altar. Functional purpose: Serious, practical ritual surface with sockets rather than permanently modeled magical clutter. Match the supplied reference image exactly and preserve the civic or ritual landmark silhouette, major support volumes, real openings, and replaceable center or working components; for this row, specifically the portable timber altar. Use a few large deliberate construction-aligned planes, strong silhouette, thick mechanically legible parts, broad material regions, and honest open space. Do not add scenery, a floor base, characters, unrelated props, micro-clutter, text, labels, baked directional light, or any engine-owned feature: water, posters, text, offerings, contents, sockets, collision, materials, authority marks, animation, and cultural state. Exactly one coherent object or intentionally fused cluster."
151,V5-B,queued,M052-B,M052,B,civic,Bell or gong yoke,broad warning gong,"Audible civic, guard, mine, monastery, and alarm fixture with separable striker and hanging body.",900,reference-images/M052-B-bell-or-gong-yoke-v1.png,incoming/M052-B-bell-or-gong-yoke-smart-900.glb,processed/M052-B-bell-or-gong-yoke-clean-v1.glb,"the civic or ritual landmark silhouette, major support volumes, real openings, and replaceable center or working components; for this row, specifically the broad warning gong","water, posters, text, offerings, contents, sockets, collision, materials, authority marks, animation, and cultural state","liquid, paper, text, tiny offerings, fasteners, handles, cords, and standardized sockets",the object reads as an institution or working surface without modeled clutter; empty sockets and openings remain usable,"Create exactly one low-poly medieval-fantasy bell or gong yoke donor for Genesis. Variant: broad warning gong. Functional purpose: Audible civic, guard, mine, monastery, and alarm fixture with separable striker and hanging body. Match the supplied reference image exactly and preserve the civic or ritual landmark silhouette, major support volumes, real openings, and replaceable center or working components; for this row, specifically the broad warning gong. Use a few large deliberate construction-aligned planes, strong silhouette, thick mechanically legible parts, broad material regions, and honest open space. Do not add scenery, a floor base, characters, unrelated props, micro-clutter, text, labels, baked directional light, or any engine-owned feature: water, posters, text, offerings, contents, sockets, collision, materials, authority marks, animation, and cultural state. Exactly one coherent object or intentionally fused cluster."
151,V5-B,queued,M053-B,M053,B,civic,Archive lectern and scribe station,seated sloped desk,"Knowledge-work fixture for monastery, urban institution, guard records, mine tallies, and ritual use.",800,reference-images/M053-B-archive-lectern-and-scribe-station-v1.png,incoming/M053-B-archive-lectern-and-scribe-station-smart-800.glb,processed/M053-B-archive-lectern-and-scribe-station-clean-v1.glb,"the civic or ritual landmark silhouette, major support volumes, real openings, and replaceable center or working components; for this row, specifically the seated sloped desk","water, posters, text, offerings, contents, sockets, collision, materials, authority marks, animation, and cultural state","liquid, paper, text, tiny offerings, fasteners, handles, cords, and standardized sockets",the object reads as an institution or working surface without modeled clutter; empty sockets and openings remain usable,"Create exactly one low-poly medieval-fantasy archive lectern and scribe station donor for Genesis. Variant: seated sloped desk. Functional purpose: Knowledge-work fixture for monastery, urban institution, guard records, mine tallies, and ritual use. Match the supplied reference image exactly and preserve the civic or ritual landmark silhouette, major support volumes, real openings, and replaceable center or working components; for this row, specifically the seated sloped desk. Use a few large deliberate construction-aligned planes, strong silhouette, thick mechanically legible parts, broad material regions, and honest open space. Do not add scenery, a floor base, characters, unrelated props, micro-clutter, text, labels, baked directional light, or any engine-owned feature: water, posters, text, offerings, contents, sockets, collision, materials, authority marks, animation, and cultural state. Exactly one coherent object or intentionally fused cluster."
152,V5-C,queued,M044-C,M044,C,civic,Wellhead with lifting gear,collapsed/dry wellhead,A complete but modular well fixture whose shaft opening remains engine-owned.,1400,reference-images/M044-C-wellhead-with-lifting-gear-v1.png,incoming/M044-C-wellhead-with-lifting-gear-smart-1400.glb,processed/M044-C-wellhead-with-lifting-gear-clean-v1.glb,"the civic or ritual landmark silhouette, major support volumes, real openings, and replaceable center or working components; for this row, specifically the collapsed/dry wellhead","water, posters, text, offerings, contents, sockets, collision, materials, authority marks, animation, and cultural state","liquid, paper, text, tiny offerings, fasteners, handles, cords, and standardized sockets",the object reads as an institution or working surface without modeled clutter; empty sockets and openings remain usable,"Create exactly one low-poly medieval-fantasy wellhead with lifting gear donor for Genesis. Variant: collapsed/dry wellhead. Functional purpose: A complete but modular well fixture whose shaft opening remains engine-owned. Match the supplied reference image exactly and preserve the civic or ritual landmark silhouette, major support volumes, real openings, and replaceable center or working components; for this row, specifically the collapsed/dry wellhead. Use a few large deliberate construction-aligned planes, strong silhouette, thick mechanically legible parts, broad material regions, and honest open space. Do not add scenery, a floor base, characters, unrelated props, micro-clutter, text, labels, baked directional light, or any engine-owned feature: water, posters, text, offerings, contents, sockets, collision, materials, authority marks, animation, and cultural state. Exactly one coherent object or intentionally fused cluster."
152,V5-C,queued,M045-C,M045,C,civic,Low public fountain basin,dry/cracked fountain,Walk-around civic center with a low cover rim and replaceable center fitting.,900,reference-images/M045-C-low-public-fountain-basin-v1.png,incoming/M045-C-low-public-fountain-basin-smart-900.glb,processed/M045-C-low-public-fountain-basin-clean-v1.glb,"the civic or ritual landmark silhouette, major support volumes, real openings, and replaceable center or working components; for this row, specifically the dry/cracked fountain","water, posters, text, offerings, contents, sockets, collision, materials, authority marks, animation, and cultural state","liquid, paper, text, tiny offerings, fasteners, handles, cords, and standardized sockets",the object reads as an institution or working surface without modeled clutter; empty sockets and openings remain usable,"Create exactly one low-poly medieval-fantasy low public fountain basin donor for Genesis. Variant: dry/cracked fountain. Functional purpose: Walk-around civic center with a low cover rim and replaceable center fitting. Match the supplied reference image exactly and preserve the civic or ritual landmark silhouette, major support volumes, real openings, and replaceable center or working components; for this row, specifically the dry/cracked fountain. Use a few large deliberate construction-aligned planes, strong silhouette, thick mechanically legible parts, broad material regions, and honest open space. Do not add scenery, a floor base, characters, unrelated props, micro-clutter, text, labels, baked directional light, or any engine-owned feature: water, posters, text, offerings, contents, sockets, collision, materials, authority marks, animation, and cultural state. Exactly one coherent object or intentionally fused cluster."
152,V5-C,queued,M046-C,M046,C,civic,Raised ceremonial fountain,broken/blocked fountain,More formal authority landmark with a readable upper bowl or water source.,1200,reference-images/M046-C-raised-ceremonial-fountain-v1.png,incoming/M046-C-raised-ceremonial-fountain-smart-1200.glb,processed/M046-C-raised-ceremonial-fountain-clean-v1.glb,"the civic or ritual landmark silhouette, major support volumes, real openings, and replaceable center or working components; for this row, specifically the broken/blocked fountain","water, posters, text, offerings, contents, sockets, collision, materials, authority marks, animation, and cultural state","liquid, paper, text, tiny offerings, fasteners, handles, cords, and standardized sockets",the object reads as an institution or working surface without modeled clutter; empty sockets and openings remain usable,"Create exactly one low-poly medieval-fantasy raised ceremonial fountain donor for Genesis. Variant: broken/blocked fountain. Functional purpose: More formal authority landmark with a readable upper bowl or water source. Match the supplied reference image exactly and preserve the civic or ritual landmark silhouette, major support volumes, real openings, and replaceable center or working components; for this row, specifically the broken/blocked fountain. Use a few large deliberate construction-aligned planes, strong silhouette, thick mechanically legible parts, broad material regions, and honest open space. Do not add scenery, a floor base, characters, unrelated props, micro-clutter, text, labels, baked directional light, or any engine-owned feature: water, posters, text, offerings, contents, sockets, collision, materials, authority marks, animation, and cultural state. Exactly one coherent object or intentionally fused cluster."
152,V5-C,queued,M047-C,M047,C,civic,Market-stall chassis,fire-damaged/struck stall,"Counter, posts, shelf sockets, and canopy attachment points without permanent goods.",1000,reference-images/M047-C-market-stall-chassis-v1.png,incoming/M047-C-market-stall-chassis-smart-1000.glb,processed/M047-C-market-stall-chassis-clean-v1.glb,"the civic or ritual landmark silhouette, major support volumes, real openings, and replaceable center or working components; for this row, specifically the fire-damaged/struck stall","water, posters, text, offerings, contents, sockets, collision, materials, authority marks, animation, and cultural state","liquid, paper, text, tiny offerings, fasteners, handles, cords, and standardized sockets",the object reads as an institution or working surface without modeled clutter; empty sockets and openings remain usable,"Create exactly one low-poly medieval-fantasy market-stall chassis donor for Genesis. Variant: fire-damaged/struck stall. Functional purpose: Counter, posts, shelf sockets, and canopy attachment points without permanent goods. Match the supplied reference image exactly and preserve the civic or ritual landmark silhouette, major support volumes, real openings, and replaceable center or working components; for this row, specifically the fire-damaged/struck stall. Use a few large deliberate construction-aligned planes, strong silhouette, thick mechanically legible parts, broad material regions, and honest open space. Do not add scenery, a floor base, characters, unrelated props, micro-clutter, text, labels, baked directional light, or any engine-owned feature: water, posters, text, offerings, contents, sockets, collision, materials, authority marks, animation, and cultural state. Exactly one coherent object or intentionally fused cluster."
152,V5-C,queued,M048-C,M048,C,civic,Shutter-counter assembly,broken/forced counter,"Building-facing transaction fixture that can be open, closed, damaged, or barricaded.",900,reference-images/M048-C-shutter-counter-assembly-v1.png,incoming/M048-C-shutter-counter-assembly-smart-900.glb,processed/M048-C-shutter-counter-assembly-clean-v1.glb,"the civic or ritual landmark silhouette, major support volumes, real openings, and replaceable center or working components; for this row, specifically the broken/forced counter","water, posters, text, offerings, contents, sockets, collision, materials, authority marks, animation, and cultural state","liquid, paper, text, tiny offerings, fasteners, handles, cords, and standardized sockets",the object reads as an institution or working surface without modeled clutter; empty sockets and openings remain usable,"Create exactly one low-poly medieval-fantasy shutter-counter assembly donor for Genesis. Variant: broken/forced counter. Functional purpose: Building-facing transaction fixture that can be open, closed, damaged, or barricaded. Match the supplied reference image exactly and preserve the civic or ritual landmark silhouette, major support volumes, real openings, and replaceable center or working components; for this row, specifically the broken/forced counter. Use a few large deliberate construction-aligned planes, strong silhouette, thick mechanically legible parts, broad material regions, and honest open space. Do not add scenery, a floor base, characters, unrelated props, micro-clutter, text, labels, baked directional light, or any engine-owned feature: water, posters, text, offerings, contents, sockets, collision, materials, authority marks, animation, and cultural state. Exactly one coherent object or intentionally fused cluster."
152,V5-C,queued,M049-C,M049,C,civic,Public notice and signal board,vandalized/broken board,"Freestanding civic information surface accepting separate posters, laws, bounties, schedules, or warnings.",700,reference-images/M049-C-public-notice-and-signal-board-v1.png,incoming/M049-C-public-notice-and-signal-board-smart-700.glb,processed/M049-C-public-notice-and-signal-board-clean-v1.glb,"the civic or ritual landmark silhouette, major support volumes, real openings, and replaceable center or working components; for this row, specifically the vandalized/broken board","water, posters, text, offerings, contents, sockets, collision, materials, authority marks, animation, and cultural state","liquid, paper, text, tiny offerings, fasteners, handles, cords, and standardized sockets",the object reads as an institution or working surface without modeled clutter; empty sockets and openings remain usable,"Create exactly one low-poly medieval-fantasy public notice and signal board donor for Genesis. Variant: vandalized/broken board. Functional purpose: Freestanding civic information surface accepting separate posters, laws, bounties, schedules, or warnings. Match the supplied reference image exactly and preserve the civic or ritual landmark silhouette, major support volumes, real openings, and replaceable center or working components; for this row, specifically the vandalized/broken board. Use a few large deliberate construction-aligned planes, strong silhouette, thick mechanically legible parts, broad material regions, and honest open space. Do not add scenery, a floor base, characters, unrelated props, micro-clutter, text, labels, baked directional light, or any engine-owned feature: water, posters, text, offerings, contents, sockets, collision, materials, authority marks, animation, and cultural state. Exactly one coherent object or intentionally fused cluster."
152,V5-C,queued,M050-C,M050,C,civic,Shrine and reliquary plinth,desecrated/empty shrine,"Volumetric sacred support accepting separate idol, relic, flame, crystal, offering, or faction object.",900,reference-images/M050-C-shrine-and-reliquary-plinth-v1.png,incoming/M050-C-shrine-and-reliquary-plinth-smart-900.glb,processed/M050-C-shrine-and-reliquary-plinth-clean-v1.glb,"the civic or ritual landmark silhouette, major support volumes, real openings, and replaceable center or working components; for this row, specifically the desecrated/empty shrine","water, posters, text, offerings, contents, sockets, collision, materials, authority marks, animation, and cultural state","liquid, paper, text, tiny offerings, fasteners, handles, cords, and standardized sockets",the object reads as an institution or working surface without modeled clutter; empty sockets and openings remain usable,"Create exactly one low-poly medieval-fantasy shrine and reliquary plinth donor for Genesis. Variant: desecrated/empty shrine. Functional purpose: Volumetric sacred support accepting separate idol, relic, flame, crystal, offering, or faction object. Match the supplied reference image exactly and preserve the civic or ritual landmark silhouette, major support volumes, real openings, and replaceable center or working components; for this row, specifically the desecrated/empty shrine. Use a few large deliberate construction-aligned planes, strong silhouette, thick mechanically legible parts, broad material regions, and honest open space. Do not add scenery, a floor base, characters, unrelated props, micro-clutter, text, labels, baked directional light, or any engine-owned feature: water, posters, text, offerings, contents, sockets, collision, materials, authority marks, animation, and cultural state. Exactly one coherent object or intentionally fused cluster."
152,V5-C,queued,M051-C,M051,C,civic,Altar and ritual work table,cracked/overturned altar,"Serious, practical ritual surface with sockets rather than permanently modeled magical clutter.",700,reference-images/M051-C-altar-and-ritual-work-table-v1.png,incoming/M051-C-altar-and-ritual-work-table-smart-700.glb,processed/M051-C-altar-and-ritual-work-table-clean-v1.glb,"the civic or ritual landmark silhouette, major support volumes, real openings, and replaceable center or working components; for this row, specifically the cracked/overturned altar","water, posters, text, offerings, contents, sockets, collision, materials, authority marks, animation, and cultural state","liquid, paper, text, tiny offerings, fasteners, handles, cords, and standardized sockets",the object reads as an institution or working surface without modeled clutter; empty sockets and openings remain usable,"Create exactly one low-poly medieval-fantasy altar and ritual work table donor for Genesis. Variant: cracked/overturned altar. Functional purpose: Serious, practical ritual surface with sockets rather than permanently modeled magical clutter. Match the supplied reference image exactly and preserve the civic or ritual landmark silhouette, major support volumes, real openings, and replaceable center or working components; for this row, specifically the cracked/overturned altar. Use a few large deliberate construction-aligned planes, strong silhouette, thick mechanically legible parts, broad material regions, and honest open space. Do not add scenery, a floor base, characters, unrelated props, micro-clutter, text, labels, baked directional light, or any engine-owned feature: water, posters, text, offerings, contents, sockets, collision, materials, authority marks, animation, and cultural state. Exactly one coherent object or intentionally fused cluster."
152,V5-C,queued,M052-C,M052,C,civic,Bell or gong yoke,cracked/fallen signal,"Audible civic, guard, mine, monastery, and alarm fixture with separable striker and hanging body.",900,reference-images/M052-C-bell-or-gong-yoke-v1.png,incoming/M052-C-bell-or-gong-yoke-smart-900.glb,processed/M052-C-bell-or-gong-yoke-clean-v1.glb,"the civic or ritual landmark silhouette, major support volumes, real openings, and replaceable center or working components; for this row, specifically the cracked/fallen signal","water, posters, text, offerings, contents, sockets, collision, materials, authority marks, animation, and cultural state","liquid, paper, text, tiny offerings, fasteners, handles, cords, and standardized sockets",the object reads as an institution or working surface without modeled clutter; empty sockets and openings remain usable,"Create exactly one low-poly medieval-fantasy bell or gong yoke donor for Genesis. Variant: cracked/fallen signal. Functional purpose: Audible civic, guard, mine, monastery, and alarm fixture with separable striker and hanging body. Match the supplied reference image exactly and preserve the civic or ritual landmark silhouette, major support volumes, real openings, and replaceable center or working components; for this row, specifically the cracked/fallen signal. Use a few large deliberate construction-aligned planes, strong silhouette, thick mechanically legible parts, broad material regions, and honest open space. Do not add scenery, a floor base, characters, unrelated props, micro-clutter, text, labels, baked directional light, or any engine-owned feature: water, posters, text, offerings, contents, sockets, collision, materials, authority marks, animation, and cultural state. Exactly one coherent object or intentionally fused cluster."
152,V5-C,queued,M053-C,M053,C,civic,Archive lectern and scribe station,collapsed/burned station,"Knowledge-work fixture for monastery, urban institution, guard records, mine tallies, and ritual use.",800,reference-images/M053-C-archive-lectern-and-scribe-station-v1.png,incoming/M053-C-archive-lectern-and-scribe-station-smart-800.glb,processed/M053-C-archive-lectern-and-scribe-station-clean-v1.glb,"the civic or ritual landmark silhouette, major support volumes, real openings, and replaceable center or working components; for this row, specifically the collapsed/burned station","water, posters, text, offerings, contents, sockets, collision, materials, authority marks, animation, and cultural state","liquid, paper, text, tiny offerings, fasteners, handles, cords, and standardized sockets",the object reads as an institution or working surface without modeled clutter; empty sockets and openings remain usable,"Create exactly one low-poly medieval-fantasy archive lectern and scribe station donor for Genesis. Variant: collapsed/burned station. Functional purpose: Knowledge-work fixture for monastery, urban institution, guard records, mine tallies, and ritual use. Match the supplied reference image exactly and preserve the civic or ritual landmark silhouette, major support volumes, real openings, and replaceable center or working components; for this row, specifically the collapsed/burned station. Use a few large deliberate construction-aligned planes, strong silhouette, thick mechanically legible parts, broad material regions, and honest open space. Do not add scenery, a floor base, characters, unrelated props, micro-clutter, text, labels, baked directional light, or any engine-owned feature: water, posters, text, offerings, contents, sockets, collision, materials, authority marks, animation, and cultural state. Exactly one coherent object or intentionally fused cluster."
153,V5-D,queued,M044-D,M044,D,civic,Wellhead with lifting gear,repaired or warded wellhead,A complete but modular well fixture whose shaft opening remains engine-owned.,1400,reference-images/M044-D-wellhead-with-lifting-gear-v1.png,incoming/M044-D-wellhead-with-lifting-gear-smart-1400.glb,processed/M044-D-wellhead-with-lifting-gear-clean-v1.glb,"the civic or ritual landmark silhouette, major support volumes, real openings, and replaceable center or working components; for this row, specifically the repaired or warded wellhead","water, posters, text, offerings, contents, sockets, collision, materials, authority marks, animation, and cultural state","liquid, paper, text, tiny offerings, fasteners, handles, cords, and standardized sockets",the object reads as an institution or working surface without modeled clutter; empty sockets and openings remain usable,"Create exactly one low-poly medieval-fantasy wellhead with lifting gear donor for Genesis. Variant: repaired or warded wellhead. Functional purpose: A complete but modular well fixture whose shaft opening remains engine-owned. Match the supplied reference image exactly and preserve the civic or ritual landmark silhouette, major support volumes, real openings, and replaceable center or working components; for this row, specifically the repaired or warded wellhead. Use a few large deliberate construction-aligned planes, strong silhouette, thick mechanically legible parts, broad material regions, and honest open space. Do not add scenery, a floor base, characters, unrelated props, micro-clutter, text, labels, baked directional light, or any engine-owned feature: water, posters, text, offerings, contents, sockets, collision, materials, authority marks, animation, and cultural state. Exactly one coherent object or intentionally fused cluster."
153,V5-D,queued,M045-D,M045,D,civic,Low public fountain basin,patched or reclaimed fountain,Walk-around civic center with a low cover rim and replaceable center fitting.,900,reference-images/M045-D-low-public-fountain-basin-v1.png,incoming/M045-D-low-public-fountain-basin-smart-900.glb,processed/M045-D-low-public-fountain-basin-clean-v1.glb,"the civic or ritual landmark silhouette, major support volumes, real openings, and replaceable center or working components; for this row, specifically the patched or reclaimed fountain","water, posters, text, offerings, contents, sockets, collision, materials, authority marks, animation, and cultural state","liquid, paper, text, tiny offerings, fasteners, handles, cords, and standardized sockets",the object reads as an institution or working surface without modeled clutter; empty sockets and openings remain usable,"Create exactly one low-poly medieval-fantasy low public fountain basin donor for Genesis. Variant: patched or reclaimed fountain. Functional purpose: Walk-around civic center with a low cover rim and replaceable center fitting. Match the supplied reference image exactly and preserve the civic or ritual landmark silhouette, major support volumes, real openings, and replaceable center or working components; for this row, specifically the patched or reclaimed fountain. Use a few large deliberate construction-aligned planes, strong silhouette, thick mechanically legible parts, broad material regions, and honest open space. Do not add scenery, a floor base, characters, unrelated props, micro-clutter, text, labels, baked directional light, or any engine-owned feature: water, posters, text, offerings, contents, sockets, collision, materials, authority marks, animation, and cultural state. Exactly one coherent object or intentionally fused cluster."
153,V5-D,queued,M046-D,M046,D,civic,Raised ceremonial fountain,restored or strange-water fountain,More formal authority landmark with a readable upper bowl or water source.,1200,reference-images/M046-D-raised-ceremonial-fountain-v1.png,incoming/M046-D-raised-ceremonial-fountain-smart-1200.glb,processed/M046-D-raised-ceremonial-fountain-clean-v1.glb,"the civic or ritual landmark silhouette, major support volumes, real openings, and replaceable center or working components; for this row, specifically the restored or strange-water fountain","water, posters, text, offerings, contents, sockets, collision, materials, authority marks, animation, and cultural state","liquid, paper, text, tiny offerings, fasteners, handles, cords, and standardized sockets",the object reads as an institution or working surface without modeled clutter; empty sockets and openings remain usable,"Create exactly one low-poly medieval-fantasy raised ceremonial fountain donor for Genesis. Variant: restored or strange-water fountain. Functional purpose: More formal authority landmark with a readable upper bowl or water source. Match the supplied reference image exactly and preserve the civic or ritual landmark silhouette, major support volumes, real openings, and replaceable center or working components; for this row, specifically the restored or strange-water fountain. Use a few large deliberate construction-aligned planes, strong silhouette, thick mechanically legible parts, broad material regions, and honest open space. Do not add scenery, a floor base, characters, unrelated props, micro-clutter, text, labels, baked directional light, or any engine-owned feature: water, posters, text, offerings, contents, sockets, collision, materials, authority marks, animation, and cultural state. Exactly one coherent object or intentionally fused cluster."
153,V5-D,queued,M047-D,M047,D,civic,Market-stall chassis,repaired or faction-marked stall,"Counter, posts, shelf sockets, and canopy attachment points without permanent goods.",1000,reference-images/M047-D-market-stall-chassis-v1.png,incoming/M047-D-market-stall-chassis-smart-1000.glb,processed/M047-D-market-stall-chassis-clean-v1.glb,"the civic or ritual landmark silhouette, major support volumes, real openings, and replaceable center or working components; for this row, specifically the repaired or faction-marked stall","water, posters, text, offerings, contents, sockets, collision, materials, authority marks, animation, and cultural state","liquid, paper, text, tiny offerings, fasteners, handles, cords, and standardized sockets",the object reads as an institution or working surface without modeled clutter; empty sockets and openings remain usable,"Create exactly one low-poly medieval-fantasy market-stall chassis donor for Genesis. Variant: repaired or faction-marked stall. Functional purpose: Counter, posts, shelf sockets, and canopy attachment points without permanent goods. Match the supplied reference image exactly and preserve the civic or ritual landmark silhouette, major support volumes, real openings, and replaceable center or working components; for this row, specifically the repaired or faction-marked stall. Use a few large deliberate construction-aligned planes, strong silhouette, thick mechanically legible parts, broad material regions, and honest open space. Do not add scenery, a floor base, characters, unrelated props, micro-clutter, text, labels, baked directional light, or any engine-owned feature: water, posters, text, offerings, contents, sockets, collision, materials, authority marks, animation, and cultural state. Exactly one coherent object or intentionally fused cluster."
153,V5-D,queued,M048-D,M048,D,civic,Shutter-counter assembly,reinforced or repurposed counter,"Building-facing transaction fixture that can be open, closed, damaged, or barricaded.",900,reference-images/M048-D-shutter-counter-assembly-v1.png,incoming/M048-D-shutter-counter-assembly-smart-900.glb,processed/M048-D-shutter-counter-assembly-clean-v1.glb,"the civic or ritual landmark silhouette, major support volumes, real openings, and replaceable center or working components; for this row, specifically the reinforced or repurposed counter","water, posters, text, offerings, contents, sockets, collision, materials, authority marks, animation, and cultural state","liquid, paper, text, tiny offerings, fasteners, handles, cords, and standardized sockets",the object reads as an institution or working surface without modeled clutter; empty sockets and openings remain usable,"Create exactly one low-poly medieval-fantasy shutter-counter assembly donor for Genesis. Variant: reinforced or repurposed counter. Functional purpose: Building-facing transaction fixture that can be open, closed, damaged, or barricaded. Match the supplied reference image exactly and preserve the civic or ritual landmark silhouette, major support volumes, real openings, and replaceable center or working components; for this row, specifically the reinforced or repurposed counter. Use a few large deliberate construction-aligned planes, strong silhouette, thick mechanically legible parts, broad material regions, and honest open space. Do not add scenery, a floor base, characters, unrelated props, micro-clutter, text, labels, baked directional light, or any engine-owned feature: water, posters, text, offerings, contents, sockets, collision, materials, authority marks, animation, and cultural state. Exactly one coherent object or intentionally fused cluster."
153,V5-D,accepted,M049-D,M049,D,civic,Public notice and signal board,repaired or militarized board,"Freestanding civic information surface accepting separate posters, laws, bounties, schedules, or warnings.",700,reference-images/M049-D-public-notice-and-signal-board-v1.png,incoming/M049-D-public-notice-and-signal-board-smart-700.glb,processed/M049-D-public-notice-and-signal-board-clean-v1.glb,"the civic or ritual landmark silhouette, major support volumes, real openings, and replaceable center or working components; for this row, specifically the repaired or militarized board","water, posters, text, offerings, contents, sockets, collision, materials, authority marks, animation, and cultural state","liquid, paper, text, tiny offerings, fasteners, handles, cords, and standardized sockets",the object reads as an institution or working surface without modeled clutter; empty sockets and openings remain usable,"Create exactly one low-poly medieval-fantasy public notice and signal board donor for Genesis. Variant: repaired or militarized board. Functional purpose: Freestanding civic information surface accepting separate posters, laws, bounties, schedules, or warnings. Match the supplied reference image exactly and preserve the civic or ritual landmark silhouette, major support volumes, real openings, and replaceable center or working components; for this row, specifically the repaired or militarized board. Use a few large deliberate construction-aligned planes, strong silhouette, thick mechanically legible parts, broad material regions, and honest open space. Do not add scenery, a floor base, characters, unrelated props, micro-clutter, text, labels, baked directional light, or any engine-owned feature: water, posters, text, offerings, contents, sockets, collision, materials, authority marks, animation, and cultural state. Exactly one coherent object or intentionally fused cluster."
153,V5-D,queued,M050-D,M050,D,civic,Shrine and reliquary plinth,repaired or syncretic shrine,"Volumetric sacred support accepting separate idol, relic, flame, crystal, offering, or faction object.",900,reference-images/M050-D-shrine-and-reliquary-plinth-v1.png,incoming/M050-D-shrine-and-reliquary-plinth-smart-900.glb,processed/M050-D-shrine-and-reliquary-plinth-clean-v1.glb,"the civic or ritual landmark silhouette, major support volumes, real openings, and replaceable center or working components; for this row, specifically the repaired or syncretic shrine","water, posters, text, offerings, contents, sockets, collision, materials, authority marks, animation, and cultural state","liquid, paper, text, tiny offerings, fasteners, handles, cords, and standardized sockets",the object reads as an institution or working surface without modeled clutter; empty sockets and openings remain usable,"Create exactly one low-poly medieval-fantasy shrine and reliquary plinth donor for Genesis. Variant: repaired or syncretic shrine. Functional purpose: Volumetric sacred support accepting separate idol, relic, flame, crystal, offering, or faction object. Match the supplied reference image exactly and preserve the civic or ritual landmark silhouette, major support volumes, real openings, and replaceable center or working components; for this row, specifically the repaired or syncretic shrine. Use a few large deliberate construction-aligned planes, strong silhouette, thick mechanically legible parts, broad material regions, and honest open space. Do not add scenery, a floor base, characters, unrelated props, micro-clutter, text, labels, baked directional light, or any engine-owned feature: water, posters, text, offerings, contents, sockets, collision, materials, authority marks, animation, and cultural state. Exactly one coherent object or intentionally fused cluster."
153,V5-D,queued,M051-D,M051,D,civic,Altar and ritual work table,repaired or active emissive altar,"Serious, practical ritual surface with sockets rather than permanently modeled magical clutter.",700,reference-images/M051-D-altar-and-ritual-work-table-v1.png,incoming/M051-D-altar-and-ritual-work-table-smart-700.glb,processed/M051-D-altar-and-ritual-work-table-clean-v1.glb,"the civic or ritual landmark silhouette, major support volumes, real openings, and replaceable center or working components; for this row, specifically the repaired or active emissive altar","water, posters, text, offerings, contents, sockets, collision, materials, authority marks, animation, and cultural state","liquid, paper, text, tiny offerings, fasteners, handles, cords, and standardized sockets",the object reads as an institution or working surface without modeled clutter; empty sockets and openings remain usable,"Create exactly one low-poly medieval-fantasy altar and ritual work table donor for Genesis. Variant: repaired or active emissive altar. Functional purpose: Serious, practical ritual surface with sockets rather than permanently modeled magical clutter. Match the supplied reference image exactly and preserve the civic or ritual landmark silhouette, major support volumes, real openings, and replaceable center or working components; for this row, specifically the repaired or active emissive altar. Use a few large deliberate construction-aligned planes, strong silhouette, thick mechanically legible parts, broad material regions, and honest open space. Do not add scenery, a floor base, characters, unrelated props, micro-clutter, text, labels, baked directional light, or any engine-owned feature: water, posters, text, offerings, contents, sockets, collision, materials, authority marks, animation, and cultural state. Exactly one coherent object or intentionally fused cluster."
153,V5-D,queued,M052-D,M052,D,civic,Bell or gong yoke,repaired or improvised signal,"Audible civic, guard, mine, monastery, and alarm fixture with separable striker and hanging body.",900,reference-images/M052-D-bell-or-gong-yoke-v1.png,incoming/M052-D-bell-or-gong-yoke-smart-900.glb,processed/M052-D-bell-or-gong-yoke-clean-v1.glb,"the civic or ritual landmark silhouette, major support volumes, real openings, and replaceable center or working components; for this row, specifically the repaired or improvised signal","water, posters, text, offerings, contents, sockets, collision, materials, authority marks, animation, and cultural state","liquid, paper, text, tiny offerings, fasteners, handles, cords, and standardized sockets",the object reads as an institution or working surface without modeled clutter; empty sockets and openings remain usable,"Create exactly one low-poly medieval-fantasy bell or gong yoke donor for Genesis. Variant: repaired or improvised signal. Functional purpose: Audible civic, guard, mine, monastery, and alarm fixture with separable striker and hanging body. Match the supplied reference image exactly and preserve the civic or ritual landmark silhouette, major support volumes, real openings, and replaceable center or working components; for this row, specifically the repaired or improvised signal. Use a few large deliberate construction-aligned planes, strong silhouette, thick mechanically legible parts, broad material regions, and honest open space. Do not add scenery, a floor base, characters, unrelated props, micro-clutter, text, labels, baked directional light, or any engine-owned feature: water, posters, text, offerings, contents, sockets, collision, materials, authority marks, animation, and cultural state. Exactly one coherent object or intentionally fused cluster."
153,V5-D,queued,M053-D,M053,D,civic,Archive lectern and scribe station,repaired or secured archive station,"Knowledge-work fixture for monastery, urban institution, guard records, mine tallies, and ritual use.",800,reference-images/M053-D-archive-lectern-and-scribe-station-v1.png,incoming/M053-D-archive-lectern-and-scribe-station-smart-800.glb,processed/M053-D-archive-lectern-and-scribe-station-clean-v1.glb,"the civic or ritual landmark silhouette, major support volumes, real openings, and replaceable center or working components; for this row, specifically the repaired or secured archive station","water, posters, text, offerings, contents, sockets, collision, materials, authority marks, animation, and cultural state","liquid, paper, text, tiny offerings, fasteners, handles, cords, and standardized sockets",the object reads as an institution or working surface without modeled clutter; empty sockets and openings remain usable,"Create exactly one low-poly medieval-fantasy archive lectern and scribe station donor for Genesis. Variant: repaired or secured archive station. Functional purpose: Knowledge-work fixture for monastery, urban institution, guard records, mine tallies, and ritual use. Match the supplied reference image exactly and preserve the civic or ritual landmark silhouette, major support volumes, real openings, and replaceable center or working components; for this row, specifically the repaired or secured archive station. Use a few large deliberate construction-aligned planes, strong silhouette, thick mechanically legible parts, broad material regions, and honest open space. Do not add scenery, a floor base, characters, unrelated props, micro-clutter, text, labels, baked directional light, or any engine-owned feature: water, posters, text, offerings, contents, sockets, collision, materials, authority marks, animation, and cultural state. Exactly one coherent object or intentionally fused cluster."
161,V6-B,queued,M054-B,M054,B,defensive,Chevaux-de-frise and spike barrier,iron-spiked frame,"Portable route denial whose X-frame, spikes, rope, and wear remain readable from the game camera.",800,reference-images/M054-B-chevaux-de-frise-and-spike-barrier-v1.png,incoming/M054-B-chevaux-de-frise-and-spike-barrier-smart-800.glb,processed/M054-B-chevaux-de-frise-and-spike-barrier-clean-v1.glb,"the main defensive or industrial silhouette, thick frame, major barrier or working volumes, and large separable fittings; for this row, specifically the iron-spiked frame","exact collision and cover, hinges, force state, fuel, light, materials, tools, damage, sockets, and interaction authority","rope, chain, spikes, bars, wheels, flame, tools, fuel, and standardized repeated fittings when generated poorly",the tactical blocker or working machine remains physically honest; open frames remain open; no thin or decorative clutter,"Create exactly one low-poly medieval-fantasy chevaux-de-frise and spike barrier donor for Genesis. Variant: iron-spiked frame. Functional purpose: Portable route denial whose X-frame, spikes, rope, and wear remain readable from the game camera. Match the supplied reference image exactly and preserve the main defensive or industrial silhouette, thick frame, major barrier or working volumes, and large separable fittings; for this row, specifically the iron-spiked frame. Use a few large deliberate construction-aligned planes, strong silhouette, thick mechanically legible parts, broad material regions, and honest open space. Do not add scenery, a floor base, characters, unrelated props, micro-clutter, text, labels, baked directional light, or any engine-owned feature: exact collision and cover, hinges, force state, fuel, light, materials, tools, damage, sockets, and interaction authority. Exactly one coherent object or intentionally fused cluster."
161,V6-B,queued,M055-B,M055,B,defensive,Movable timber barricade,log barricade,Self-supporting defensive obstacle rather than a permanent wall segment.,800,reference-images/M055-B-movable-timber-barricade-v1.png,incoming/M055-B-movable-timber-barricade-smart-800.glb,processed/M055-B-movable-timber-barricade-clean-v1.glb,"the main defensive or industrial silhouette, thick frame, major barrier or working volumes, and large separable fittings; for this row, specifically the log barricade","exact collision and cover, hinges, force state, fuel, light, materials, tools, damage, sockets, and interaction authority","rope, chain, spikes, bars, wheels, flame, tools, fuel, and standardized repeated fittings when generated poorly",the tactical blocker or working machine remains physically honest; open frames remain open; no thin or decorative clutter,"Create exactly one low-poly medieval-fantasy movable timber barricade donor for Genesis. Variant: log barricade. Functional purpose: Self-supporting defensive obstacle rather than a permanent wall segment. Match the supplied reference image exactly and preserve the main defensive or industrial silhouette, thick frame, major barrier or working volumes, and large separable fittings; for this row, specifically the log barricade. Use a few large deliberate construction-aligned planes, strong silhouette, thick mechanically legible parts, broad material regions, and honest open space. Do not add scenery, a floor base, characters, unrelated props, micro-clutter, text, labels, baked directional light, or any engine-owned feature: exact collision and cover, hinges, force state, fuel, light, materials, tools, damage, sockets, and interaction authority. Exactly one coherent object or intentionally fused cluster."
161,V6-B,queued,M056-B,M056,B,defensive,Wattle and woven screen,curved tall screen,"Light culturally variable screen for camp edges, markets, animals, concealment, and wind protection.",800,reference-images/M056-B-wattle-and-woven-screen-v1.png,incoming/M056-B-wattle-and-woven-screen-smart-800.glb,processed/M056-B-wattle-and-woven-screen-clean-v1.glb,"the main defensive or industrial silhouette, thick frame, major barrier or working volumes, and large separable fittings; for this row, specifically the curved tall screen","exact collision and cover, hinges, force state, fuel, light, materials, tools, damage, sockets, and interaction authority","rope, chain, spikes, bars, wheels, flame, tools, fuel, and standardized repeated fittings when generated poorly",the tactical blocker or working machine remains physically honest; open frames remain open; no thin or decorative clutter,"Create exactly one low-poly medieval-fantasy wattle and woven screen donor for Genesis. Variant: curved tall screen. Functional purpose: Light culturally variable screen for camp edges, markets, animals, concealment, and wind protection. Match the supplied reference image exactly and preserve the main defensive or industrial silhouette, thick frame, major barrier or working volumes, and large separable fittings; for this row, specifically the curved tall screen. Use a few large deliberate construction-aligned planes, strong silhouette, thick mechanically legible parts, broad material regions, and honest open space. Do not add scenery, a floor base, characters, unrelated props, micro-clutter, text, labels, baked directional light, or any engine-owned feature: exact collision and cover, hinges, force state, fuel, light, materials, tools, damage, sockets, and interaction authority. Exactly one coherent object or intentionally fused cluster."
161,V6-B,queued,M057-B,M057,B,defensive,Gabion and stone-basket cluster,stepped basket cluster,"Portable earthwork vocabulary useful in guard, siege, construction, flood, and urban-recovery states.",900,reference-images/M057-B-gabion-and-stone-basket-cluster-v1.png,incoming/M057-B-gabion-and-stone-basket-cluster-smart-900.glb,processed/M057-B-gabion-and-stone-basket-cluster-clean-v1.glb,"the main defensive or industrial silhouette, thick frame, major barrier or working volumes, and large separable fittings; for this row, specifically the stepped basket cluster","exact collision and cover, hinges, force state, fuel, light, materials, tools, damage, sockets, and interaction authority","rope, chain, spikes, bars, wheels, flame, tools, fuel, and standardized repeated fittings when generated poorly",the tactical blocker or working machine remains physically honest; open frames remain open; no thin or decorative clutter,"Create exactly one low-poly medieval-fantasy gabion and stone-basket cluster donor for Genesis. Variant: stepped basket cluster. Functional purpose: Portable earthwork vocabulary useful in guard, siege, construction, flood, and urban-recovery states. Match the supplied reference image exactly and preserve the main defensive or industrial silhouette, thick frame, major barrier or working volumes, and large separable fittings; for this row, specifically the stepped basket cluster. Use a few large deliberate construction-aligned planes, strong silhouette, thick mechanically legible parts, broad material regions, and honest open space. Do not add scenery, a floor base, characters, unrelated props, micro-clutter, text, labels, baked directional light, or any engine-owned feature: exact collision and cover, hinges, force state, fuel, light, materials, tools, damage, sockets, and interaction authority. Exactly one coherent object or intentionally fused cluster."
161,V6-B,queued,M058-B,M058,B,defensive,Holding cage or animal pen module,iron transport cage,Inspectable open-frame enclosure with a readable door and separable bars/panels.,1200,reference-images/M058-B-holding-cage-or-animal-pen-module-v1.png,incoming/M058-B-holding-cage-or-animal-pen-module-smart-1200.glb,processed/M058-B-holding-cage-or-animal-pen-module-clean-v1.glb,"the main defensive or industrial silhouette, thick frame, major barrier or working volumes, and large separable fittings; for this row, specifically the iron transport cage","exact collision and cover, hinges, force state, fuel, light, materials, tools, damage, sockets, and interaction authority","rope, chain, spikes, bars, wheels, flame, tools, fuel, and standardized repeated fittings when generated poorly",the tactical blocker or working machine remains physically honest; open frames remain open; no thin or decorative clutter,"Create exactly one low-poly medieval-fantasy holding cage or animal pen module donor for Genesis. Variant: iron transport cage. Functional purpose: Inspectable open-frame enclosure with a readable door and separable bars/panels. Match the supplied reference image exactly and preserve the main defensive or industrial silhouette, thick frame, major barrier or working volumes, and large separable fittings; for this row, specifically the iron transport cage. Use a few large deliberate construction-aligned planes, strong silhouette, thick mechanically legible parts, broad material regions, and honest open space. Do not add scenery, a floor base, characters, unrelated props, micro-clutter, text, labels, baked directional light, or any engine-owned feature: exact collision and cover, hinges, force state, fuel, light, materials, tools, damage, sockets, and interaction authority. Exactly one coherent object or intentionally fused cluster."
161,V6-B,queued,M059-B,M059,B,defensive,Forge hearth and blower assembly,masonry workshop hearth,"Major working prop with warm-light socket, fuel area, hood, bellows connection, and tool sockets.",1200,reference-images/M059-B-forge-hearth-and-blower-assembly-v1.png,incoming/M059-B-forge-hearth-and-blower-assembly-smart-1200.glb,processed/M059-B-forge-hearth-and-blower-assembly-clean-v1.glb,"the main defensive or industrial silhouette, thick frame, major barrier or working volumes, and large separable fittings; for this row, specifically the masonry workshop hearth","exact collision and cover, hinges, force state, fuel, light, materials, tools, damage, sockets, and interaction authority","rope, chain, spikes, bars, wheels, flame, tools, fuel, and standardized repeated fittings when generated poorly",the tactical blocker or working machine remains physically honest; open frames remain open; no thin or decorative clutter,"Create exactly one low-poly medieval-fantasy forge hearth and blower assembly donor for Genesis. Variant: masonry workshop hearth. Functional purpose: Major working prop with warm-light socket, fuel area, hood, bellows connection, and tool sockets. Match the supplied reference image exactly and preserve the main defensive or industrial silhouette, thick frame, major barrier or working volumes, and large separable fittings; for this row, specifically the masonry workshop hearth. Use a few large deliberate construction-aligned planes, strong silhouette, thick mechanically legible parts, broad material regions, and honest open space. Do not add scenery, a floor base, characters, unrelated props, micro-clutter, text, labels, baked directional light, or any engine-owned feature: exact collision and cover, hinges, force state, fuel, light, materials, tools, damage, sockets, and interaction authority. Exactly one coherent object or intentionally fused cluster."
161,V6-B,queued,M060-B,M060,B,trace,Broken wagon and axle wreck,overturned chassis,Derivative cover and abandonment family built from M019-like parts.,1200,reference-images/M060-B-broken-wagon-and-axle-wreck-v1.png,incoming/M060-B-broken-wagon-and-axle-wreck-smart-1200.glb,processed/M060-B-broken-wagon-and-axle-wreck-clean-v1.glb,"one curated cluster silhouette composed from a few large recognizable causal parts; for this row, specifically the overturned chassis","individual item identity, exact custody, decals, stains, small debris, collision, material state, procedural scatter, and history authority","micro-clutter, repeated loose items, gore, rope, small tools, labels, stains, and any part already owned by a reusable kit",the cluster reads as one causal trace rather than random clutter; a few large parts remain separable and no micro-noise buys the silhouette,"Create exactly one low-poly medieval-fantasy broken wagon and axle wreck donor for Genesis. Variant: overturned chassis. Functional purpose: Derivative cover and abandonment family built from M019-like parts. Match the supplied reference image exactly and preserve one curated cluster silhouette composed from a few large recognizable causal parts; for this row, specifically the overturned chassis. Use a few large deliberate construction-aligned planes, strong silhouette, thick mechanically legible parts, broad material regions, and honest open space. Do not add scenery, a floor base, characters, unrelated props, micro-clutter, text, labels, baked directional light, or any engine-owned feature: individual item identity, exact custody, decals, stains, small debris, collision, material state, procedural scatter, and history authority. Exactly one coherent object or intentionally fused cluster."
161,V6-B,queued,M061-B,M061,B,trace,Tool and active-work cluster,carpentry work cluster,"Large readable tools around a stable rack or bench, indicating a task without loose micro-clutter.",900,reference-images/M061-B-tool-and-active-work-cluster-v1.png,incoming/M061-B-tool-and-active-work-cluster-smart-900.glb,processed/M061-B-tool-and-active-work-cluster-clean-v1.glb,"one curated cluster silhouette composed from a few large recognizable causal parts; for this row, specifically the carpentry work cluster","individual item identity, exact custody, decals, stains, small debris, collision, material state, procedural scatter, and history authority","micro-clutter, repeated loose items, gore, rope, small tools, labels, stains, and any part already owned by a reusable kit",the cluster reads as one causal trace rather than random clutter; a few large parts remain separable and no micro-noise buys the silhouette,"Create exactly one low-poly medieval-fantasy tool and active-work cluster donor for Genesis. Variant: carpentry work cluster. Functional purpose: Large readable tools around a stable rack or bench, indicating a task without loose micro-clutter. Match the supplied reference image exactly and preserve one curated cluster silhouette composed from a few large recognizable causal parts; for this row, specifically the carpentry work cluster. Use a few large deliberate construction-aligned planes, strong silhouette, thick mechanically legible parts, broad material regions, and honest open space. Do not add scenery, a floor base, characters, unrelated props, micro-clutter, text, labels, baked directional light, or any engine-owned feature: individual item identity, exact custody, decals, stains, small debris, collision, material state, procedural scatter, and history authority. Exactly one coherent object or intentionally fused cluster."
161,V6-B,accepted,M062-B,M062,B,trace,Timber repair and brace cluster,installed diagonal brace group,"Sister posts, wedges, caps, and lashings showing structural intervention.",700,reference-images/M062-B-timber-repair-and-brace-cluster-v1.png,incoming/M062-B-timber-repair-and-brace-cluster-smart-700.glb,processed/M062-B-timber-repair-and-brace-cluster-clean-v1.glb,"one curated cluster silhouette composed from a few large recognizable causal parts; for this row, specifically the installed diagonal brace group","individual item identity, exact custody, decals, stains, small debris, collision, material state, procedural scatter, and history authority","micro-clutter, repeated loose items, gore, rope, small tools, labels, stains, and any part already owned by a reusable kit",the cluster reads as one causal trace rather than random clutter; a few large parts remain separable and no micro-noise buys the silhouette,"Create exactly one low-poly medieval-fantasy timber repair and brace cluster donor for Genesis. Variant: installed diagonal brace group. Functional purpose: Sister posts, wedges, caps, and lashings showing structural intervention. Match the supplied reference image exactly and preserve one curated cluster silhouette composed from a few large recognizable causal parts; for this row, specifically the installed diagonal brace group. Use a few large deliberate construction-aligned planes, strong silhouette, thick mechanically legible parts, broad material regions, and honest open space. Do not add scenery, a floor base, characters, unrelated props, micro-clutter, text, labels, baked directional light, or any engine-owned feature: individual item identity, exact custody, decals, stains, small debris, collision, material state, procedural scatter, and history authority. Exactly one coherent object or intentionally fused cluster."
161,V6-B,queued,M063-B,M063,B,trace,"Rope, net, and harness cluster",hanging cargo net,Complex flexible equipment that benefits from generated volume but must avoid hair-thin strands.,900,reference-images/M063-B-rope-net-and-harness-cluster-v1.png,incoming/M063-B-rope-net-and-harness-cluster-smart-900.glb,processed/M063-B-rope-net-and-harness-cluster-clean-v1.glb,"one curated cluster silhouette composed from a few large recognizable causal parts; for this row, specifically the hanging cargo net","individual item identity, exact custody, decals, stains, small debris, collision, material state, procedural scatter, and history authority","micro-clutter, repeated loose items, gore, rope, small tools, labels, stains, and any part already owned by a reusable kit",the cluster reads as one causal trace rather than random clutter; a few large parts remain separable and no micro-noise buys the silhouette,"Create exactly one low-poly medieval-fantasy rope, net, and harness cluster donor for Genesis. Variant: hanging cargo net. Functional purpose: Complex flexible equipment that benefits from generated volume but must avoid hair-thin strands. Match the supplied reference image exactly and preserve one curated cluster silhouette composed from a few large recognizable causal parts; for this row, specifically the hanging cargo net. Use a few large deliberate construction-aligned planes, strong silhouette, thick mechanically legible parts, broad material regions, and honest open space. Do not add scenery, a floor base, characters, unrelated props, micro-clutter, text, labels, baked directional light, or any engine-owned feature: individual item identity, exact custody, decals, stains, small debris, collision, material state, procedural scatter, and history authority. Exactly one coherent object or intentionally fused cluster."
161,V6-B,accepted,M064-B,M064,B,trace,Camp kitchen and stores cluster,disciplined military stores,"A few large vessels, rack forms, and containers showing domestic service without becoming a pile of tiny props.",1000,reference-images/M064-B-camp-kitchen-and-stores-cluster-v1.png,incoming/M064-B-camp-kitchen-and-stores-cluster-smart-1000.glb,processed/M064-B-camp-kitchen-and-stores-cluster-clean-v1.glb,"one curated cluster silhouette composed from a few large recognizable causal parts; for this row, specifically the disciplined military stores","individual item identity, exact custody, decals, stains, small debris, collision, material state, procedural scatter, and history authority","micro-clutter, repeated loose items, gore, rope, small tools, labels, stains, and any part already owned by a reusable kit",the cluster reads as one causal trace rather than random clutter; a few large parts remain separable and no micro-noise buys the silhouette,"Create exactly one low-poly medieval-fantasy camp kitchen and stores cluster donor for Genesis. Variant: disciplined military stores. Functional purpose: A few large vessels, rack forms, and containers showing domestic service without becoming a pile of tiny props. Match the supplied reference image exactly and preserve one curated cluster silhouette composed from a few large recognizable causal parts; for this row, specifically the disciplined military stores. Use a few large deliberate construction-aligned planes, strong silhouette, thick mechanically legible parts, broad material regions, and honest open space. Do not add scenery, a floor base, characters, unrelated props, micro-clutter, text, labels, baked directional light, or any engine-owned feature: individual item identity, exact custody, decals, stains, small debris, collision, material state, procedural scatter, and history authority. Exactly one coherent object or intentionally fused cluster."
161,V6-B,queued,M065-B,M065,B,trace,Market basket and display cluster,cloth/craft display,Replaceable goods presentation that turns an empty stall into a specific working institution.,900,reference-images/M065-B-market-basket-and-display-cluster-v1.png,incoming/M065-B-market-basket-and-display-cluster-smart-900.glb,processed/M065-B-market-basket-and-display-cluster-clean-v1.glb,"one curated cluster silhouette composed from a few large recognizable causal parts; for this row, specifically the cloth/craft display","individual item identity, exact custody, decals, stains, small debris, collision, material state, procedural scatter, and history authority","micro-clutter, repeated loose items, gore, rope, small tools, labels, stains, and any part already owned by a reusable kit",the cluster reads as one causal trace rather than random clutter; a few large parts remain separable and no micro-noise buys the silhouette,"Create exactly one low-poly medieval-fantasy market basket and display cluster donor for Genesis. Variant: cloth/craft display. Functional purpose: Replaceable goods presentation that turns an empty stall into a specific working institution. Match the supplied reference image exactly and preserve one curated cluster silhouette composed from a few large recognizable causal parts; for this row, specifically the cloth/craft display. Use a few large deliberate construction-aligned planes, strong silhouette, thick mechanically legible parts, broad material regions, and honest open space. Do not add scenery, a floor base, characters, unrelated props, micro-clutter, text, labels, baked directional light, or any engine-owned feature: individual item identity, exact custody, decals, stains, small debris, collision, material state, procedural scatter, and history authority. Exactly one coherent object or intentionally fused cluster."
161,V6-B,queued,M066-B,M066,B,trace,Creature bone and larder cluster,butchered larder rack,"Adult-horror trace with restrained, readable bones and bundled remains rather than gore noise.",900,reference-images/M066-B-creature-bone-and-larder-cluster-v1.png,incoming/M066-B-creature-bone-and-larder-cluster-smart-900.glb,processed/M066-B-creature-bone-and-larder-cluster-clean-v1.glb,"one curated cluster silhouette composed from a few large recognizable causal parts; for this row, specifically the butchered larder rack","individual item identity, exact custody, decals, stains, small debris, collision, material state, procedural scatter, and history authority","micro-clutter, repeated loose items, gore, rope, small tools, labels, stains, and any part already owned by a reusable kit",the cluster reads as one causal trace rather than random clutter; a few large parts remain separable and no micro-noise buys the silhouette,"Create exactly one low-poly medieval-fantasy creature bone and larder cluster donor for Genesis. Variant: butchered larder rack. Functional purpose: Adult-horror trace with restrained, readable bones and bundled remains rather than gore noise. Match the supplied reference image exactly and preserve one curated cluster silhouette composed from a few large recognizable causal parts; for this row, specifically the butchered larder rack. Use a few large deliberate construction-aligned planes, strong silhouette, thick mechanically legible parts, broad material regions, and honest open space. Do not add scenery, a floor base, characters, unrelated props, micro-clutter, text, labels, baked directional light, or any engine-owned feature: individual item identity, exact custody, decals, stains, small debris, collision, material state, procedural scatter, and history authority. Exactly one coherent object or intentionally fused cluster."
161,V6-B,queued,M067-B,M067,B,trace,"Salvage, scrap, and repair-material cluster",mixed metal/timber scrap,Cross-site evidence of recovery and reuse with a few large recognizable parts.,900,reference-images/M067-B-salvage-scrap-and-repair-material-cluster-v1.png,incoming/M067-B-salvage-scrap-and-repair-material-cluster-smart-900.glb,processed/M067-B-salvage-scrap-and-repair-material-cluster-clean-v1.glb,"one curated cluster silhouette composed from a few large recognizable causal parts; for this row, specifically the mixed metal/timber scrap","individual item identity, exact custody, decals, stains, small debris, collision, material state, procedural scatter, and history authority","micro-clutter, repeated loose items, gore, rope, small tools, labels, stains, and any part already owned by a reusable kit",the cluster reads as one causal trace rather than random clutter; a few large parts remain separable and no micro-noise buys the silhouette,"Create exactly one low-poly medieval-fantasy salvage, scrap, and repair-material cluster donor for Genesis. Variant: mixed metal/timber scrap. Functional purpose: Cross-site evidence of recovery and reuse with a few large recognizable parts. Match the supplied reference image exactly and preserve one curated cluster silhouette composed from a few large recognizable causal parts; for this row, specifically the mixed metal/timber scrap. Use a few large deliberate construction-aligned planes, strong silhouette, thick mechanically legible parts, broad material regions, and honest open space. Do not add scenery, a floor base, characters, unrelated props, micro-clutter, text, labels, baked directional light, or any engine-owned feature: individual item identity, exact custody, decals, stains, small debris, collision, material state, procedural scatter, and history authority. Exactly one coherent object or intentionally fused cluster."
162,V6-C,queued,M054-C,M054,C,defensive,Chevaux-de-frise and spike barrier,broken/displaced frame,"Portable route denial whose X-frame, spikes, rope, and wear remain readable from the game camera.",800,reference-images/M054-C-chevaux-de-frise-and-spike-barrier-v1.png,incoming/M054-C-chevaux-de-frise-and-spike-barrier-smart-800.glb,processed/M054-C-chevaux-de-frise-and-spike-barrier-clean-v1.glb,"the main defensive or industrial silhouette, thick frame, major barrier or working volumes, and large separable fittings; for this row, specifically the broken/displaced frame","exact collision and cover, hinges, force state, fuel, light, materials, tools, damage, sockets, and interaction authority","rope, chain, spikes, bars, wheels, flame, tools, fuel, and standardized repeated fittings when generated poorly",the tactical blocker or working machine remains physically honest; open frames remain open; no thin or decorative clutter,"Create exactly one low-poly medieval-fantasy chevaux-de-frise and spike barrier donor for Genesis. Variant: broken/displaced frame. Functional purpose: Portable route denial whose X-frame, spikes, rope, and wear remain readable from the game camera. Match the supplied reference image exactly and preserve the main defensive or industrial silhouette, thick frame, major barrier or working volumes, and large separable fittings; for this row, specifically the broken/displaced frame. Use a few large deliberate construction-aligned planes, strong silhouette, thick mechanically legible parts, broad material regions, and honest open space. Do not add scenery, a floor base, characters, unrelated props, micro-clutter, text, labels, baked directional light, or any engine-owned feature: exact collision and cover, hinges, force state, fuel, light, materials, tools, damage, sockets, and interaction authority. Exactly one coherent object or intentionally fused cluster."
162,V6-C,queued,M055-C,M055,C,defensive,Movable timber barricade,breached/burned barrier,Self-supporting defensive obstacle rather than a permanent wall segment.,800,reference-images/M055-C-movable-timber-barricade-v1.png,incoming/M055-C-movable-timber-barricade-smart-800.glb,processed/M055-C-movable-timber-barricade-clean-v1.glb,"the main defensive or industrial silhouette, thick frame, major barrier or working volumes, and large separable fittings; for this row, specifically the breached/burned barrier","exact collision and cover, hinges, force state, fuel, light, materials, tools, damage, sockets, and interaction authority","rope, chain, spikes, bars, wheels, flame, tools, fuel, and standardized repeated fittings when generated poorly",the tactical blocker or working machine remains physically honest; open frames remain open; no thin or decorative clutter,"Create exactly one low-poly medieval-fantasy movable timber barricade donor for Genesis. Variant: breached/burned barrier. Functional purpose: Self-supporting defensive obstacle rather than a permanent wall segment. Match the supplied reference image exactly and preserve the main defensive or industrial silhouette, thick frame, major barrier or working volumes, and large separable fittings; for this row, specifically the breached/burned barrier. Use a few large deliberate construction-aligned planes, strong silhouette, thick mechanically legible parts, broad material regions, and honest open space. Do not add scenery, a floor base, characters, unrelated props, micro-clutter, text, labels, baked directional light, or any engine-owned feature: exact collision and cover, hinges, force state, fuel, light, materials, tools, damage, sockets, and interaction authority. Exactly one coherent object or intentionally fused cluster."
162,V6-C,queued,M056-C,M056,C,defensive,Wattle and woven screen,torn/open screen,"Light culturally variable screen for camp edges, markets, animals, concealment, and wind protection.",800,reference-images/M056-C-wattle-and-woven-screen-v1.png,incoming/M056-C-wattle-and-woven-screen-smart-800.glb,processed/M056-C-wattle-and-woven-screen-clean-v1.glb,"the main defensive or industrial silhouette, thick frame, major barrier or working volumes, and large separable fittings; for this row, specifically the torn/open screen","exact collision and cover, hinges, force state, fuel, light, materials, tools, damage, sockets, and interaction authority","rope, chain, spikes, bars, wheels, flame, tools, fuel, and standardized repeated fittings when generated poorly",the tactical blocker or working machine remains physically honest; open frames remain open; no thin or decorative clutter,"Create exactly one low-poly medieval-fantasy wattle and woven screen donor for Genesis. Variant: torn/open screen. Functional purpose: Light culturally variable screen for camp edges, markets, animals, concealment, and wind protection. Match the supplied reference image exactly and preserve the main defensive or industrial silhouette, thick frame, major barrier or working volumes, and large separable fittings; for this row, specifically the torn/open screen. Use a few large deliberate construction-aligned planes, strong silhouette, thick mechanically legible parts, broad material regions, and honest open space. Do not add scenery, a floor base, characters, unrelated props, micro-clutter, text, labels, baked directional light, or any engine-owned feature: exact collision and cover, hinges, force state, fuel, light, materials, tools, damage, sockets, and interaction authority. Exactly one coherent object or intentionally fused cluster."
162,V6-C,queued,M057-C,M057,C,defensive,Gabion and stone-basket cluster,burst/spilled basket,"Portable earthwork vocabulary useful in guard, siege, construction, flood, and urban-recovery states.",900,reference-images/M057-C-gabion-and-stone-basket-cluster-v1.png,incoming/M057-C-gabion-and-stone-basket-cluster-smart-900.glb,processed/M057-C-gabion-and-stone-basket-cluster-clean-v1.glb,"the main defensive or industrial silhouette, thick frame, major barrier or working volumes, and large separable fittings; for this row, specifically the burst/spilled basket","exact collision and cover, hinges, force state, fuel, light, materials, tools, damage, sockets, and interaction authority","rope, chain, spikes, bars, wheels, flame, tools, fuel, and standardized repeated fittings when generated poorly",the tactical blocker or working machine remains physically honest; open frames remain open; no thin or decorative clutter,"Create exactly one low-poly medieval-fantasy gabion and stone-basket cluster donor for Genesis. Variant: burst/spilled basket. Functional purpose: Portable earthwork vocabulary useful in guard, siege, construction, flood, and urban-recovery states. Match the supplied reference image exactly and preserve the main defensive or industrial silhouette, thick frame, major barrier or working volumes, and large separable fittings; for this row, specifically the burst/spilled basket. Use a few large deliberate construction-aligned planes, strong silhouette, thick mechanically legible parts, broad material regions, and honest open space. Do not add scenery, a floor base, characters, unrelated props, micro-clutter, text, labels, baked directional light, or any engine-owned feature: exact collision and cover, hinges, force state, fuel, light, materials, tools, damage, sockets, and interaction authority. Exactly one coherent object or intentionally fused cluster."
162,V6-C,queued,M058-C,M058,C,defensive,Holding cage or animal pen module,forced/broken cage,Inspectable open-frame enclosure with a readable door and separable bars/panels.,1200,reference-images/M058-C-holding-cage-or-animal-pen-module-v1.png,incoming/M058-C-holding-cage-or-animal-pen-module-smart-1200.glb,processed/M058-C-holding-cage-or-animal-pen-module-clean-v1.glb,"the main defensive or industrial silhouette, thick frame, major barrier or working volumes, and large separable fittings; for this row, specifically the forced/broken cage","exact collision and cover, hinges, force state, fuel, light, materials, tools, damage, sockets, and interaction authority","rope, chain, spikes, bars, wheels, flame, tools, fuel, and standardized repeated fittings when generated poorly",the tactical blocker or working machine remains physically honest; open frames remain open; no thin or decorative clutter,"Create exactly one low-poly medieval-fantasy holding cage or animal pen module donor for Genesis. Variant: forced/broken cage. Functional purpose: Inspectable open-frame enclosure with a readable door and separable bars/panels. Match the supplied reference image exactly and preserve the main defensive or industrial silhouette, thick frame, major barrier or working volumes, and large separable fittings; for this row, specifically the forced/broken cage. Use a few large deliberate construction-aligned planes, strong silhouette, thick mechanically legible parts, broad material regions, and honest open space. Do not add scenery, a floor base, characters, unrelated props, micro-clutter, text, labels, baked directional light, or any engine-owned feature: exact collision and cover, hinges, force state, fuel, light, materials, tools, damage, sockets, and interaction authority. Exactly one coherent object or intentionally fused cluster."
162,V6-C,queued,M059-C,M059,C,defensive,Forge hearth and blower assembly,cold/damaged forge,"Major working prop with warm-light socket, fuel area, hood, bellows connection, and tool sockets.",1200,reference-images/M059-C-forge-hearth-and-blower-assembly-v1.png,incoming/M059-C-forge-hearth-and-blower-assembly-smart-1200.glb,processed/M059-C-forge-hearth-and-blower-assembly-clean-v1.glb,"the main defensive or industrial silhouette, thick frame, major barrier or working volumes, and large separable fittings; for this row, specifically the cold/damaged forge","exact collision and cover, hinges, force state, fuel, light, materials, tools, damage, sockets, and interaction authority","rope, chain, spikes, bars, wheels, flame, tools, fuel, and standardized repeated fittings when generated poorly",the tactical blocker or working machine remains physically honest; open frames remain open; no thin or decorative clutter,"Create exactly one low-poly medieval-fantasy forge hearth and blower assembly donor for Genesis. Variant: cold/damaged forge. Functional purpose: Major working prop with warm-light socket, fuel area, hood, bellows connection, and tool sockets. Match the supplied reference image exactly and preserve the main defensive or industrial silhouette, thick frame, major barrier or working volumes, and large separable fittings; for this row, specifically the cold/damaged forge. Use a few large deliberate construction-aligned planes, strong silhouette, thick mechanically legible parts, broad material regions, and honest open space. Do not add scenery, a floor base, characters, unrelated props, micro-clutter, text, labels, baked directional light, or any engine-owned feature: exact collision and cover, hinges, force state, fuel, light, materials, tools, damage, sockets, and interaction authority. Exactly one coherent object or intentionally fused cluster."
162,V6-C,queued,M060-C,M060,C,trace,Broken wagon and axle wreck,burned fragmented wreck,Derivative cover and abandonment family built from M019-like parts.,1200,reference-images/M060-C-broken-wagon-and-axle-wreck-v1.png,incoming/M060-C-broken-wagon-and-axle-wreck-smart-1200.glb,processed/M060-C-broken-wagon-and-axle-wreck-clean-v1.glb,"one curated cluster silhouette composed from a few large recognizable causal parts; for this row, specifically the burned fragmented wreck","individual item identity, exact custody, decals, stains, small debris, collision, material state, procedural scatter, and history authority","micro-clutter, repeated loose items, gore, rope, small tools, labels, stains, and any part already owned by a reusable kit",the cluster reads as one causal trace rather than random clutter; a few large parts remain separable and no micro-noise buys the silhouette,"Create exactly one low-poly medieval-fantasy broken wagon and axle wreck donor for Genesis. Variant: burned fragmented wreck. Functional purpose: Derivative cover and abandonment family built from M019-like parts. Match the supplied reference image exactly and preserve one curated cluster silhouette composed from a few large recognizable causal parts; for this row, specifically the burned fragmented wreck. Use a few large deliberate construction-aligned planes, strong silhouette, thick mechanically legible parts, broad material regions, and honest open space. Do not add scenery, a floor base, characters, unrelated props, micro-clutter, text, labels, baked directional light, or any engine-owned feature: individual item identity, exact custody, decals, stains, small debris, collision, material state, procedural scatter, and history authority. Exactly one coherent object or intentionally fused cluster."
162,V6-C,queued,M061-C,M061,C,trace,Tool and active-work cluster,abandoned/scattered cluster,"Large readable tools around a stable rack or bench, indicating a task without loose micro-clutter.",900,reference-images/M061-C-tool-and-active-work-cluster-v1.png,incoming/M061-C-tool-and-active-work-cluster-smart-900.glb,processed/M061-C-tool-and-active-work-cluster-clean-v1.glb,"one curated cluster silhouette composed from a few large recognizable causal parts; for this row, specifically the abandoned/scattered cluster","individual item identity, exact custody, decals, stains, small debris, collision, material state, procedural scatter, and history authority","micro-clutter, repeated loose items, gore, rope, small tools, labels, stains, and any part already owned by a reusable kit",the cluster reads as one causal trace rather than random clutter; a few large parts remain separable and no micro-noise buys the silhouette,"Create exactly one low-poly medieval-fantasy tool and active-work cluster donor for Genesis. Variant: abandoned/scattered cluster. Functional purpose: Large readable tools around a stable rack or bench, indicating a task without loose micro-clutter. Match the supplied reference image exactly and preserve one curated cluster silhouette composed from a few large recognizable causal parts; for this row, specifically the abandoned/scattered cluster. Use a few large deliberate construction-aligned planes, strong silhouette, thick mechanically legible parts, broad material regions, and honest open space. Do not add scenery, a floor base, characters, unrelated props, micro-clutter, text, labels, baked directional light, or any engine-owned feature: individual item identity, exact custody, decals, stains, small debris, collision, material state, procedural scatter, and history authority. Exactly one coherent object or intentionally fused cluster."
162,V6-C,queued,M062-C,M062,C,trace,Timber repair and brace cluster,failed brace debris,"Sister posts, wedges, caps, and lashings showing structural intervention.",700,reference-images/M062-C-timber-repair-and-brace-cluster-v1.png,incoming/M062-C-timber-repair-and-brace-cluster-smart-700.glb,processed/M062-C-timber-repair-and-brace-cluster-clean-v1.glb,"one curated cluster silhouette composed from a few large recognizable causal parts; for this row, specifically the failed brace debris","individual item identity, exact custody, decals, stains, small debris, collision, material state, procedural scatter, and history authority","micro-clutter, repeated loose items, gore, rope, small tools, labels, stains, and any part already owned by a reusable kit",the cluster reads as one causal trace rather than random clutter; a few large parts remain separable and no micro-noise buys the silhouette,"Create exactly one low-poly medieval-fantasy timber repair and brace cluster donor for Genesis. Variant: failed brace debris. Functional purpose: Sister posts, wedges, caps, and lashings showing structural intervention. Match the supplied reference image exactly and preserve one curated cluster silhouette composed from a few large recognizable causal parts; for this row, specifically the failed brace debris. Use a few large deliberate construction-aligned planes, strong silhouette, thick mechanically legible parts, broad material regions, and honest open space. Do not add scenery, a floor base, characters, unrelated props, micro-clutter, text, labels, baked directional light, or any engine-owned feature: individual item identity, exact custody, decals, stains, small debris, collision, material state, procedural scatter, and history authority. Exactly one coherent object or intentionally fused cluster."
162,V6-C,queued,M063-C,M063,C,trace,"Rope, net, and harness cluster",tangled/snapped set,Complex flexible equipment that benefits from generated volume but must avoid hair-thin strands.,900,reference-images/M063-C-rope-net-and-harness-cluster-v1.png,incoming/M063-C-rope-net-and-harness-cluster-smart-900.glb,processed/M063-C-rope-net-and-harness-cluster-clean-v1.glb,"one curated cluster silhouette composed from a few large recognizable causal parts; for this row, specifically the tangled/snapped set","individual item identity, exact custody, decals, stains, small debris, collision, material state, procedural scatter, and history authority","micro-clutter, repeated loose items, gore, rope, small tools, labels, stains, and any part already owned by a reusable kit",the cluster reads as one causal trace rather than random clutter; a few large parts remain separable and no micro-noise buys the silhouette,"Create exactly one low-poly medieval-fantasy rope, net, and harness cluster donor for Genesis. Variant: tangled/snapped set. Functional purpose: Complex flexible equipment that benefits from generated volume but must avoid hair-thin strands. Match the supplied reference image exactly and preserve one curated cluster silhouette composed from a few large recognizable causal parts; for this row, specifically the tangled/snapped set. Use a few large deliberate construction-aligned planes, strong silhouette, thick mechanically legible parts, broad material regions, and honest open space. Do not add scenery, a floor base, characters, unrelated props, micro-clutter, text, labels, baked directional light, or any engine-owned feature: individual item identity, exact custody, decals, stains, small debris, collision, material state, procedural scatter, and history authority. Exactly one coherent object or intentionally fused cluster."
162,V6-C,queued,M064-C,M064,C,trace,Camp kitchen and stores cluster,abandoned/spilled stores,"A few large vessels, rack forms, and containers showing domestic service without becoming a pile of tiny props.",1000,reference-images/M064-C-camp-kitchen-and-stores-cluster-v1.png,incoming/M064-C-camp-kitchen-and-stores-cluster-smart-1000.glb,processed/M064-C-camp-kitchen-and-stores-cluster-clean-v1.glb,"one curated cluster silhouette composed from a few large recognizable causal parts; for this row, specifically the abandoned/spilled stores","individual item identity, exact custody, decals, stains, small debris, collision, material state, procedural scatter, and history authority","micro-clutter, repeated loose items, gore, rope, small tools, labels, stains, and any part already owned by a reusable kit",the cluster reads as one causal trace rather than random clutter; a few large parts remain separable and no micro-noise buys the silhouette,"Create exactly one low-poly medieval-fantasy camp kitchen and stores cluster donor for Genesis. Variant: abandoned/spilled stores. Functional purpose: A few large vessels, rack forms, and containers showing domestic service without becoming a pile of tiny props. Match the supplied reference image exactly and preserve one curated cluster silhouette composed from a few large recognizable causal parts; for this row, specifically the abandoned/spilled stores. Use a few large deliberate construction-aligned planes, strong silhouette, thick mechanically legible parts, broad material regions, and honest open space. Do not add scenery, a floor base, characters, unrelated props, micro-clutter, text, labels, baked directional light, or any engine-owned feature: individual item identity, exact custody, decals, stains, small debris, collision, material state, procedural scatter, and history authority. Exactly one coherent object or intentionally fused cluster."
162,V6-C,queued,M065-C,M065,C,trace,Market basket and display cluster,overturned/looted display,Replaceable goods presentation that turns an empty stall into a specific working institution.,900,reference-images/M065-C-market-basket-and-display-cluster-v1.png,incoming/M065-C-market-basket-and-display-cluster-smart-900.glb,processed/M065-C-market-basket-and-display-cluster-clean-v1.glb,"one curated cluster silhouette composed from a few large recognizable causal parts; for this row, specifically the overturned/looted display","individual item identity, exact custody, decals, stains, small debris, collision, material state, procedural scatter, and history authority","micro-clutter, repeated loose items, gore, rope, small tools, labels, stains, and any part already owned by a reusable kit",the cluster reads as one causal trace rather than random clutter; a few large parts remain separable and no micro-noise buys the silhouette,"Create exactly one low-poly medieval-fantasy market basket and display cluster donor for Genesis. Variant: overturned/looted display. Functional purpose: Replaceable goods presentation that turns an empty stall into a specific working institution. Match the supplied reference image exactly and preserve one curated cluster silhouette composed from a few large recognizable causal parts; for this row, specifically the overturned/looted display. Use a few large deliberate construction-aligned planes, strong silhouette, thick mechanically legible parts, broad material regions, and honest open space. Do not add scenery, a floor base, characters, unrelated props, micro-clutter, text, labels, baked directional light, or any engine-owned feature: individual item identity, exact custody, decals, stains, small debris, collision, material state, procedural scatter, and history authority. Exactly one coherent object or intentionally fused cluster."
162,V6-C,queued,M066-C,M066,C,trace,Creature bone and larder cluster,scattered abandoned cache,"Adult-horror trace with restrained, readable bones and bundled remains rather than gore noise.",900,reference-images/M066-C-creature-bone-and-larder-cluster-v1.png,incoming/M066-C-creature-bone-and-larder-cluster-smart-900.glb,processed/M066-C-creature-bone-and-larder-cluster-clean-v1.glb,"one curated cluster silhouette composed from a few large recognizable causal parts; for this row, specifically the scattered abandoned cache","individual item identity, exact custody, decals, stains, small debris, collision, material state, procedural scatter, and history authority","micro-clutter, repeated loose items, gore, rope, small tools, labels, stains, and any part already owned by a reusable kit",the cluster reads as one causal trace rather than random clutter; a few large parts remain separable and no micro-noise buys the silhouette,"Create exactly one low-poly medieval-fantasy creature bone and larder cluster donor for Genesis. Variant: scattered abandoned cache. Functional purpose: Adult-horror trace with restrained, readable bones and bundled remains rather than gore noise. Match the supplied reference image exactly and preserve one curated cluster silhouette composed from a few large recognizable causal parts; for this row, specifically the scattered abandoned cache. Use a few large deliberate construction-aligned planes, strong silhouette, thick mechanically legible parts, broad material regions, and honest open space. Do not add scenery, a floor base, characters, unrelated props, micro-clutter, text, labels, baked directional light, or any engine-owned feature: individual item identity, exact custody, decals, stains, small debris, collision, material state, procedural scatter, and history authority. Exactly one coherent object or intentionally fused cluster."
162,V6-C,queued,M067-C,M067,C,trace,"Salvage, scrap, and repair-material cluster",collapsed unsafe heap,Cross-site evidence of recovery and reuse with a few large recognizable parts.,900,reference-images/M067-C-salvage-scrap-and-repair-material-cluster-v1.png,incoming/M067-C-salvage-scrap-and-repair-material-cluster-smart-900.glb,processed/M067-C-salvage-scrap-and-repair-material-cluster-clean-v1.glb,"one curated cluster silhouette composed from a few large recognizable causal parts; for this row, specifically the collapsed unsafe heap","individual item identity, exact custody, decals, stains, small debris, collision, material state, procedural scatter, and history authority","micro-clutter, repeated loose items, gore, rope, small tools, labels, stains, and any part already owned by a reusable kit",the cluster reads as one causal trace rather than random clutter; a few large parts remain separable and no micro-noise buys the silhouette,"Create exactly one low-poly medieval-fantasy salvage, scrap, and repair-material cluster donor for Genesis. Variant: collapsed unsafe heap. Functional purpose: Cross-site evidence of recovery and reuse with a few large recognizable parts. Match the supplied reference image exactly and preserve one curated cluster silhouette composed from a few large recognizable causal parts; for this row, specifically the collapsed unsafe heap. Use a few large deliberate construction-aligned planes, strong silhouette, thick mechanically legible parts, broad material regions, and honest open space. Do not add scenery, a floor base, characters, unrelated props, micro-clutter, text, labels, baked directional light, or any engine-owned feature: individual item identity, exact custody, decals, stains, small debris, collision, material state, procedural scatter, and history authority. Exactly one coherent object or intentionally fused cluster."
163,V6-D,queued,M054-D,M054,D,defensive,Chevaux-de-frise and spike barrier,lashed improvised repair,"Portable route denial whose X-frame, spikes, rope, and wear remain readable from the game camera.",800,reference-images/M054-D-chevaux-de-frise-and-spike-barrier-v1.png,incoming/M054-D-chevaux-de-frise-and-spike-barrier-smart-800.glb,processed/M054-D-chevaux-de-frise-and-spike-barrier-clean-v1.glb,"the main defensive or industrial silhouette, thick frame, major barrier or working volumes, and large separable fittings; for this row, specifically the lashed improvised repair","exact collision and cover, hinges, force state, fuel, light, materials, tools, damage, sockets, and interaction authority","rope, chain, spikes, bars, wheels, flame, tools, fuel, and standardized repeated fittings when generated poorly",the tactical blocker or working machine remains physically honest; open frames remain open; no thin or decorative clutter,"Create exactly one low-poly medieval-fantasy chevaux-de-frise and spike barrier donor for Genesis. Variant: lashed improvised repair. Functional purpose: Portable route denial whose X-frame, spikes, rope, and wear remain readable from the game camera. Match the supplied reference image exactly and preserve the main defensive or industrial silhouette, thick frame, major barrier or working volumes, and large separable fittings; for this row, specifically the lashed improvised repair. Use a few large deliberate construction-aligned planes, strong silhouette, thick mechanically legible parts, broad material regions, and honest open space. Do not add scenery, a floor base, characters, unrelated props, micro-clutter, text, labels, baked directional light, or any engine-owned feature: exact collision and cover, hinges, force state, fuel, light, materials, tools, damage, sockets, and interaction authority. Exactly one coherent object or intentionally fused cluster."
163,V6-D,queued,M055-D,M055,D,defensive,Movable timber barricade,reinforced reoccupation barrier,Self-supporting defensive obstacle rather than a permanent wall segment.,800,reference-images/M055-D-movable-timber-barricade-v1.png,incoming/M055-D-movable-timber-barricade-smart-800.glb,processed/M055-D-movable-timber-barricade-clean-v1.glb,"the main defensive or industrial silhouette, thick frame, major barrier or working volumes, and large separable fittings; for this row, specifically the reinforced reoccupation barrier","exact collision and cover, hinges, force state, fuel, light, materials, tools, damage, sockets, and interaction authority","rope, chain, spikes, bars, wheels, flame, tools, fuel, and standardized repeated fittings when generated poorly",the tactical blocker or working machine remains physically honest; open frames remain open; no thin or decorative clutter,"Create exactly one low-poly medieval-fantasy movable timber barricade donor for Genesis. Variant: reinforced reoccupation barrier. Functional purpose: Self-supporting defensive obstacle rather than a permanent wall segment. Match the supplied reference image exactly and preserve the main defensive or industrial silhouette, thick frame, major barrier or working volumes, and large separable fittings; for this row, specifically the reinforced reoccupation barrier. Use a few large deliberate construction-aligned planes, strong silhouette, thick mechanically legible parts, broad material regions, and honest open space. Do not add scenery, a floor base, characters, unrelated props, micro-clutter, text, labels, baked directional light, or any engine-owned feature: exact collision and cover, hinges, force state, fuel, light, materials, tools, damage, sockets, and interaction authority. Exactly one coherent object or intentionally fused cluster."
163,V6-D,queued,M056-D,M056,D,defensive,Wattle and woven screen,patched or decorated screen,"Light culturally variable screen for camp edges, markets, animals, concealment, and wind protection.",800,reference-images/M056-D-wattle-and-woven-screen-v1.png,incoming/M056-D-wattle-and-woven-screen-smart-800.glb,processed/M056-D-wattle-and-woven-screen-clean-v1.glb,"the main defensive or industrial silhouette, thick frame, major barrier or working volumes, and large separable fittings; for this row, specifically the patched or decorated screen","exact collision and cover, hinges, force state, fuel, light, materials, tools, damage, sockets, and interaction authority","rope, chain, spikes, bars, wheels, flame, tools, fuel, and standardized repeated fittings when generated poorly",the tactical blocker or working machine remains physically honest; open frames remain open; no thin or decorative clutter,"Create exactly one low-poly medieval-fantasy wattle and woven screen donor for Genesis. Variant: patched or decorated screen. Functional purpose: Light culturally variable screen for camp edges, markets, animals, concealment, and wind protection. Match the supplied reference image exactly and preserve the main defensive or industrial silhouette, thick frame, major barrier or working volumes, and large separable fittings; for this row, specifically the patched or decorated screen. Use a few large deliberate construction-aligned planes, strong silhouette, thick mechanically legible parts, broad material regions, and honest open space. Do not add scenery, a floor base, characters, unrelated props, micro-clutter, text, labels, baked directional light, or any engine-owned feature: exact collision and cover, hinges, force state, fuel, light, materials, tools, damage, sockets, and interaction authority. Exactly one coherent object or intentionally fused cluster."
163,V6-D,queued,M057-D,M057,D,defensive,Gabion and stone-basket cluster,repaired or reused basket,"Portable earthwork vocabulary useful in guard, siege, construction, flood, and urban-recovery states.",900,reference-images/M057-D-gabion-and-stone-basket-cluster-v1.png,incoming/M057-D-gabion-and-stone-basket-cluster-smart-900.glb,processed/M057-D-gabion-and-stone-basket-cluster-clean-v1.glb,"the main defensive or industrial silhouette, thick frame, major barrier or working volumes, and large separable fittings; for this row, specifically the repaired or reused basket","exact collision and cover, hinges, force state, fuel, light, materials, tools, damage, sockets, and interaction authority","rope, chain, spikes, bars, wheels, flame, tools, fuel, and standardized repeated fittings when generated poorly",the tactical blocker or working machine remains physically honest; open frames remain open; no thin or decorative clutter,"Create exactly one low-poly medieval-fantasy gabion and stone-basket cluster donor for Genesis. Variant: repaired or reused basket. Functional purpose: Portable earthwork vocabulary useful in guard, siege, construction, flood, and urban-recovery states. Match the supplied reference image exactly and preserve the main defensive or industrial silhouette, thick frame, major barrier or working volumes, and large separable fittings; for this row, specifically the repaired or reused basket. Use a few large deliberate construction-aligned planes, strong silhouette, thick mechanically legible parts, broad material regions, and honest open space. Do not add scenery, a floor base, characters, unrelated props, micro-clutter, text, labels, baked directional light, or any engine-owned feature: exact collision and cover, hinges, force state, fuel, light, materials, tools, damage, sockets, and interaction authority. Exactly one coherent object or intentionally fused cluster."
163,V6-D,queued,M058-D,M058,D,defensive,Holding cage or animal pen module,repaired or repurposed pen,Inspectable open-frame enclosure with a readable door and separable bars/panels.,1200,reference-images/M058-D-holding-cage-or-animal-pen-module-v1.png,incoming/M058-D-holding-cage-or-animal-pen-module-smart-1200.glb,processed/M058-D-holding-cage-or-animal-pen-module-clean-v1.glb,"the main defensive or industrial silhouette, thick frame, major barrier or working volumes, and large separable fittings; for this row, specifically the repaired or repurposed pen","exact collision and cover, hinges, force state, fuel, light, materials, tools, damage, sockets, and interaction authority","rope, chain, spikes, bars, wheels, flame, tools, fuel, and standardized repeated fittings when generated poorly",the tactical blocker or working machine remains physically honest; open frames remain open; no thin or decorative clutter,"Create exactly one low-poly medieval-fantasy holding cage or animal pen module donor for Genesis. Variant: repaired or repurposed pen. Functional purpose: Inspectable open-frame enclosure with a readable door and separable bars/panels. Match the supplied reference image exactly and preserve the main defensive or industrial silhouette, thick frame, major barrier or working volumes, and large separable fittings; for this row, specifically the repaired or repurposed pen. Use a few large deliberate construction-aligned planes, strong silhouette, thick mechanically legible parts, broad material regions, and honest open space. Do not add scenery, a floor base, characters, unrelated props, micro-clutter, text, labels, baked directional light, or any engine-owned feature: exact collision and cover, hinges, force state, fuel, light, materials, tools, damage, sockets, and interaction authority. Exactly one coherent object or intentionally fused cluster."
163,V6-D,queued,M059-D,M059,D,defensive,Forge hearth and blower assembly,repaired or strange-fuel forge,"Major working prop with warm-light socket, fuel area, hood, bellows connection, and tool sockets.",1200,reference-images/M059-D-forge-hearth-and-blower-assembly-v1.png,incoming/M059-D-forge-hearth-and-blower-assembly-smart-1200.glb,processed/M059-D-forge-hearth-and-blower-assembly-clean-v1.glb,"the main defensive or industrial silhouette, thick frame, major barrier or working volumes, and large separable fittings; for this row, specifically the repaired or strange-fuel forge","exact collision and cover, hinges, force state, fuel, light, materials, tools, damage, sockets, and interaction authority","rope, chain, spikes, bars, wheels, flame, tools, fuel, and standardized repeated fittings when generated poorly",the tactical blocker or working machine remains physically honest; open frames remain open; no thin or decorative clutter,"Create exactly one low-poly medieval-fantasy forge hearth and blower assembly donor for Genesis. Variant: repaired or strange-fuel forge. Functional purpose: Major working prop with warm-light socket, fuel area, hood, bellows connection, and tool sockets. Match the supplied reference image exactly and preserve the main defensive or industrial silhouette, thick frame, major barrier or working volumes, and large separable fittings; for this row, specifically the repaired or strange-fuel forge. Use a few large deliberate construction-aligned planes, strong silhouette, thick mechanically legible parts, broad material regions, and honest open space. Do not add scenery, a floor base, characters, unrelated props, micro-clutter, text, labels, baked directional light, or any engine-owned feature: exact collision and cover, hinges, force state, fuel, light, materials, tools, damage, sockets, and interaction authority. Exactly one coherent object or intentionally fused cluster."
163,V6-D,queued,M060-D,M060,D,trace,Broken wagon and axle wreck,salvaged barricade adaptation,Derivative cover and abandonment family built from M019-like parts.,1200,reference-images/M060-D-broken-wagon-and-axle-wreck-v1.png,incoming/M060-D-broken-wagon-and-axle-wreck-smart-1200.glb,processed/M060-D-broken-wagon-and-axle-wreck-clean-v1.glb,"one curated cluster silhouette composed from a few large recognizable causal parts; for this row, specifically the salvaged barricade adaptation","individual item identity, exact custody, decals, stains, small debris, collision, material state, procedural scatter, and history authority","micro-clutter, repeated loose items, gore, rope, small tools, labels, stains, and any part already owned by a reusable kit",the cluster reads as one causal trace rather than random clutter; a few large parts remain separable and no micro-noise buys the silhouette,"Create exactly one low-poly medieval-fantasy broken wagon and axle wreck donor for Genesis. Variant: salvaged barricade adaptation. Functional purpose: Derivative cover and abandonment family built from M019-like parts. Match the supplied reference image exactly and preserve one curated cluster silhouette composed from a few large recognizable causal parts; for this row, specifically the salvaged barricade adaptation. Use a few large deliberate construction-aligned planes, strong silhouette, thick mechanically legible parts, broad material regions, and honest open space. Do not add scenery, a floor base, characters, unrelated props, micro-clutter, text, labels, baked directional light, or any engine-owned feature: individual item identity, exact custody, decals, stains, small debris, collision, material state, procedural scatter, and history authority. Exactly one coherent object or intentionally fused cluster."
163,V6-D,queued,M061-D,M061,D,trace,Tool and active-work cluster,orderly maintained cluster,"Large readable tools around a stable rack or bench, indicating a task without loose micro-clutter.",900,reference-images/M061-D-tool-and-active-work-cluster-v1.png,incoming/M061-D-tool-and-active-work-cluster-smart-900.glb,processed/M061-D-tool-and-active-work-cluster-clean-v1.glb,"one curated cluster silhouette composed from a few large recognizable causal parts; for this row, specifically the orderly maintained cluster","individual item identity, exact custody, decals, stains, small debris, collision, material state, procedural scatter, and history authority","micro-clutter, repeated loose items, gore, rope, small tools, labels, stains, and any part already owned by a reusable kit",the cluster reads as one causal trace rather than random clutter; a few large parts remain separable and no micro-noise buys the silhouette,"Create exactly one low-poly medieval-fantasy tool and active-work cluster donor for Genesis. Variant: orderly maintained cluster. Functional purpose: Large readable tools around a stable rack or bench, indicating a task without loose micro-clutter. Match the supplied reference image exactly and preserve one curated cluster silhouette composed from a few large recognizable causal parts; for this row, specifically the orderly maintained cluster. Use a few large deliberate construction-aligned planes, strong silhouette, thick mechanically legible parts, broad material regions, and honest open space. Do not add scenery, a floor base, characters, unrelated props, micro-clutter, text, labels, baked directional light, or any engine-owned feature: individual item identity, exact custody, decals, stains, small debris, collision, material state, procedural scatter, and history authority. Exactly one coherent object or intentionally fused cluster."
163,V6-D,queued,M062-D,M062,D,trace,Timber repair and brace cluster,later reinforced repair,"Sister posts, wedges, caps, and lashings showing structural intervention.",700,reference-images/M062-D-timber-repair-and-brace-cluster-v1.png,incoming/M062-D-timber-repair-and-brace-cluster-smart-700.glb,processed/M062-D-timber-repair-and-brace-cluster-clean-v1.glb,"one curated cluster silhouette composed from a few large recognizable causal parts; for this row, specifically the later reinforced repair","individual item identity, exact custody, decals, stains, small debris, collision, material state, procedural scatter, and history authority","micro-clutter, repeated loose items, gore, rope, small tools, labels, stains, and any part already owned by a reusable kit",the cluster reads as one causal trace rather than random clutter; a few large parts remain separable and no micro-noise buys the silhouette,"Create exactly one low-poly medieval-fantasy timber repair and brace cluster donor for Genesis. Variant: later reinforced repair. Functional purpose: Sister posts, wedges, caps, and lashings showing structural intervention. Match the supplied reference image exactly and preserve one curated cluster silhouette composed from a few large recognizable causal parts; for this row, specifically the later reinforced repair. Use a few large deliberate construction-aligned planes, strong silhouette, thick mechanically legible parts, broad material regions, and honest open space. Do not add scenery, a floor base, characters, unrelated props, micro-clutter, text, labels, baked directional light, or any engine-owned feature: individual item identity, exact custody, decals, stains, small debris, collision, material state, procedural scatter, and history authority. Exactly one coherent object or intentionally fused cluster."
163,V6-D,queued,M063-D,M063,D,trace,"Rope, net, and harness cluster",repaired or actively tensioned set,Complex flexible equipment that benefits from generated volume but must avoid hair-thin strands.,900,reference-images/M063-D-rope-net-and-harness-cluster-v1.png,incoming/M063-D-rope-net-and-harness-cluster-smart-900.glb,processed/M063-D-rope-net-and-harness-cluster-clean-v1.glb,"one curated cluster silhouette composed from a few large recognizable causal parts; for this row, specifically the repaired or actively tensioned set","individual item identity, exact custody, decals, stains, small debris, collision, material state, procedural scatter, and history authority","micro-clutter, repeated loose items, gore, rope, small tools, labels, stains, and any part already owned by a reusable kit",the cluster reads as one causal trace rather than random clutter; a few large parts remain separable and no micro-noise buys the silhouette,"Create exactly one low-poly medieval-fantasy rope, net, and harness cluster donor for Genesis. Variant: repaired or actively tensioned set. Functional purpose: Complex flexible equipment that benefits from generated volume but must avoid hair-thin strands. Match the supplied reference image exactly and preserve one curated cluster silhouette composed from a few large recognizable causal parts; for this row, specifically the repaired or actively tensioned set. Use a few large deliberate construction-aligned planes, strong silhouette, thick mechanically legible parts, broad material regions, and honest open space. Do not add scenery, a floor base, characters, unrelated props, micro-clutter, text, labels, baked directional light, or any engine-owned feature: individual item identity, exact custody, decals, stains, small debris, collision, material state, procedural scatter, and history authority. Exactly one coherent object or intentionally fused cluster."
163,V6-D,queued,M064-D,M064,D,trace,Camp kitchen and stores cluster,reorganized long-term stores,"A few large vessels, rack forms, and containers showing domestic service without becoming a pile of tiny props.",1000,reference-images/M064-D-camp-kitchen-and-stores-cluster-v1.png,incoming/M064-D-camp-kitchen-and-stores-cluster-smart-1000.glb,processed/M064-D-camp-kitchen-and-stores-cluster-clean-v1.glb,"one curated cluster silhouette composed from a few large recognizable causal parts; for this row, specifically the reorganized long-term stores","individual item identity, exact custody, decals, stains, small debris, collision, material state, procedural scatter, and history authority","micro-clutter, repeated loose items, gore, rope, small tools, labels, stains, and any part already owned by a reusable kit",the cluster reads as one causal trace rather than random clutter; a few large parts remain separable and no micro-noise buys the silhouette,"Create exactly one low-poly medieval-fantasy camp kitchen and stores cluster donor for Genesis. Variant: reorganized long-term stores. Functional purpose: A few large vessels, rack forms, and containers showing domestic service without becoming a pile of tiny props. Match the supplied reference image exactly and preserve one curated cluster silhouette composed from a few large recognizable causal parts; for this row, specifically the reorganized long-term stores. Use a few large deliberate construction-aligned planes, strong silhouette, thick mechanically legible parts, broad material regions, and honest open space. Do not add scenery, a floor base, characters, unrelated props, micro-clutter, text, labels, baked directional light, or any engine-owned feature: individual item identity, exact custody, decals, stains, small debris, collision, material state, procedural scatter, and history authority. Exactly one coherent object or intentionally fused cluster."
163,V6-D,queued,M065-D,M065,D,trace,Market basket and display cluster,protected or rationed display,Replaceable goods presentation that turns an empty stall into a specific working institution.,900,reference-images/M065-D-market-basket-and-display-cluster-v1.png,incoming/M065-D-market-basket-and-display-cluster-smart-900.glb,processed/M065-D-market-basket-and-display-cluster-clean-v1.glb,"one curated cluster silhouette composed from a few large recognizable causal parts; for this row, specifically the protected or rationed display","individual item identity, exact custody, decals, stains, small debris, collision, material state, procedural scatter, and history authority","micro-clutter, repeated loose items, gore, rope, small tools, labels, stains, and any part already owned by a reusable kit",the cluster reads as one causal trace rather than random clutter; a few large parts remain separable and no micro-noise buys the silhouette,"Create exactly one low-poly medieval-fantasy market basket and display cluster donor for Genesis. Variant: protected or rationed display. Functional purpose: Replaceable goods presentation that turns an empty stall into a specific working institution. Match the supplied reference image exactly and preserve one curated cluster silhouette composed from a few large recognizable causal parts; for this row, specifically the protected or rationed display. Use a few large deliberate construction-aligned planes, strong silhouette, thick mechanically legible parts, broad material regions, and honest open space. Do not add scenery, a floor base, characters, unrelated props, micro-clutter, text, labels, baked directional light, or any engine-owned feature: individual item identity, exact custody, decals, stains, small debris, collision, material state, procedural scatter, and history authority. Exactly one coherent object or intentionally fused cluster."
163,V6-D,queued,M066-D,M066,D,trace,Creature bone and larder cluster,organized or ritualized cache,"Adult-horror trace with restrained, readable bones and bundled remains rather than gore noise.",900,reference-images/M066-D-creature-bone-and-larder-cluster-v1.png,incoming/M066-D-creature-bone-and-larder-cluster-smart-900.glb,processed/M066-D-creature-bone-and-larder-cluster-clean-v1.glb,"one curated cluster silhouette composed from a few large recognizable causal parts; for this row, specifically the organized or ritualized cache","individual item identity, exact custody, decals, stains, small debris, collision, material state, procedural scatter, and history authority","micro-clutter, repeated loose items, gore, rope, small tools, labels, stains, and any part already owned by a reusable kit",the cluster reads as one causal trace rather than random clutter; a few large parts remain separable and no micro-noise buys the silhouette,"Create exactly one low-poly medieval-fantasy creature bone and larder cluster donor for Genesis. Variant: organized or ritualized cache. Functional purpose: Adult-horror trace with restrained, readable bones and bundled remains rather than gore noise. Match the supplied reference image exactly and preserve one curated cluster silhouette composed from a few large recognizable causal parts; for this row, specifically the organized or ritualized cache. Use a few large deliberate construction-aligned planes, strong silhouette, thick mechanically legible parts, broad material regions, and honest open space. Do not add scenery, a floor base, characters, unrelated props, micro-clutter, text, labels, baked directional light, or any engine-owned feature: individual item identity, exact custody, decals, stains, small debris, collision, material state, procedural scatter, and history authority. Exactly one coherent object or intentionally fused cluster."
163,V6-D,queued,M067-D,M067,D,trace,"Salvage, scrap, and repair-material cluster",picked-over or repurposed stack,Cross-site evidence of recovery and reuse with a few large recognizable parts.,900,reference-images/M067-D-salvage-scrap-and-repair-material-cluster-v1.png,incoming/M067-D-salvage-scrap-and-repair-material-cluster-smart-900.glb,processed/M067-D-salvage-scrap-and-repair-material-cluster-clean-v1.glb,"one curated cluster silhouette composed from a few large recognizable causal parts; for this row, specifically the picked-over or repurposed stack","individual item identity, exact custody, decals, stains, small debris, collision, material state, procedural scatter, and history authority","micro-clutter, repeated loose items, gore, rope, small tools, labels, stains, and any part already owned by a reusable kit",the cluster reads as one causal trace rather than random clutter; a few large parts remain separable and no micro-noise buys the silhouette,"Create exactly one low-poly medieval-fantasy salvage, scrap, and repair-material cluster donor for Genesis. Variant: picked-over or repurposed stack. Functional purpose: Cross-site evidence of recovery and reuse with a few large recognizable parts. Match the supplied reference image exactly and preserve one curated cluster silhouette composed from a few large recognizable causal parts; for this row, specifically the picked-over or repurposed stack. Use a few large deliberate construction-aligned planes, strong silhouette, thick mechanically legible parts, broad material regions, and honest open space. Do not add scenery, a floor base, characters, unrelated props, micro-clutter, text, labels, baked directional light, or any engine-owned feature: individual item identity, exact custody, decals, stains, small debris, collision, material state, procedural scatter, and history authority. Exactly one coherent object or intentionally fused cluster."
